-- MySQL dump 10.13  Distrib 8.0.44, for Win64 (x86_64)
--
-- Host: localhost    Database: mysqldb
-- ------------------------------------------------------
-- Server version	8.0.44

/*!40101 SET @OLD_CHARACTER_SET_CLIENT=@@CHARACTER_SET_CLIENT */;
/*!40101 SET @OLD_CHARACTER_SET_RESULTS=@@CHARACTER_SET_RESULTS */;
/*!40101 SET @OLD_COLLATION_CONNECTION=@@COLLATION_CONNECTION */;
/*!50503 SET NAMES utf8 */;
/*!40103 SET @OLD_TIME_ZONE=@@TIME_ZONE */;
/*!40103 SET TIME_ZONE='+00:00' */;
/*!40014 SET @OLD_UNIQUE_CHECKS=@@UNIQUE_CHECKS, UNIQUE_CHECKS=0 */;
/*!40014 SET @OLD_FOREIGN_KEY_CHECKS=@@FOREIGN_KEY_CHECKS, FOREIGN_KEY_CHECKS=0 */;
/*!40101 SET @OLD_SQL_MODE=@@SQL_MODE, SQL_MODE='NO_AUTO_VALUE_ON_ZERO' */;
/*!40111 SET @OLD_SQL_NOTES=@@SQL_NOTES, SQL_NOTES=0 */;

--
-- Table structure for table `lm_bookmarks`
--

DROP TABLE IF EXISTS `lm_bookmarks`;
/*!40101 SET @saved_cs_client     = @@character_set_client */;
/*!50503 SET character_set_client = utf8mb4 */;
CREATE TABLE `lm_bookmarks` (
  `BOOKMARK_ID` int NOT NULL AUTO_INCREMENT COMMENT '북마크 고유 ID',
  `USER_ID` varchar(50) NOT NULL COMMENT '북마크한 사용자 ID',
  `MARKER_ID` int NOT NULL COMMENT '북마크된 마커 ID',
  `CREATED_AT` datetime DEFAULT CURRENT_TIMESTAMP COMMENT '북마크 시각',
  PRIMARY KEY (`BOOKMARK_ID`),
  UNIQUE KEY `UQ_USER_MARKER_BOOKMARK` (`USER_ID`,`MARKER_ID`)
) ENGINE=InnoDB AUTO_INCREMENT=559 DEFAULT CHARSET=utf8mb4 COLLATE=utf8mb4_0900_ai_ci;
/*!40101 SET character_set_client = @saved_cs_client */;

--
-- Dumping data for table `lm_bookmarks`
--

LOCK TABLES `lm_bookmarks` WRITE;
/*!40000 ALTER TABLE `lm_bookmarks` DISABLE KEYS */;
INSERT INTO `lm_bookmarks` VALUES (1,'street_food',24,'2025-11-26 15:35:32'),(2,'street_food',41,'2025-11-26 15:35:32'),(3,'street_food',35,'2025-11-26 15:35:32'),(4,'street_food',42,'2025-11-26 15:35:32'),(5,'travel_master',16,'2025-11-26 15:35:32'),(6,'travel_master',45,'2025-11-26 15:35:32'),(7,'travel_master',22,'2025-11-26 15:35:32'),(8,'travel_master',38,'2025-11-26 15:35:32'),(9,'travel_master',52,'2025-11-26 15:35:32'),(10,'mountain_hiker',62,'2025-11-26 15:35:32'),(11,'mountain_hiker',21,'2025-11-26 15:35:32'),(12,'mountain_hiker',60,'2025-11-26 15:35:32'),(13,'mountain_hiker',23,'2025-11-26 15:35:32'),(14,'mountain_hiker',12,'2025-11-26 15:35:32'),(15,'ramen_addict',38,'2025-11-26 15:35:32'),(16,'ramen_addict',13,'2025-11-26 15:35:32'),(17,'ramen_addict',35,'2025-11-26 15:35:32'),(18,'ramen_addict',62,'2025-11-26 15:35:32'),(19,'ramen_addict',12,'2025-11-26 15:35:32'),(20,'ramen_addict',32,'2025-11-26 15:35:32'),(21,'ramen_addict',55,'2025-11-26 15:35:32'),(22,'ramen_addict',67,'2025-11-26 15:35:32'),(23,'cafe_lover',13,'2025-11-26 15:35:32'),(24,'cafe_lover',12,'2025-11-26 15:35:32'),(25,'pet_lover',49,'2025-11-26 15:35:32'),(26,'pet_lover',15,'2025-11-26 15:35:32'),(27,'pet_lover',13,'2025-11-26 15:35:32'),(28,'pet_lover',51,'2025-11-26 15:35:32'),(29,'bookworm',62,'2025-11-26 15:35:32'),(30,'bookworm',41,'2025-11-26 15:35:32'),(31,'bookworm',57,'2025-11-26 15:35:32'),(32,'bookworm',27,'2025-11-26 15:35:32'),(33,'bookworm',38,'2025-11-26 15:35:32'),(34,'bookworm',15,'2025-11-26 15:35:32'),(35,'bookworm',25,'2025-11-26 15:35:32'),(36,'music_fan',32,'2025-11-26 15:35:32'),(37,'music_fan',62,'2025-11-26 15:35:32'),(38,'music_fan',55,'2025-11-26 15:35:32'),(39,'music_fan',51,'2025-11-26 15:35:32'),(40,'music_fan',19,'2025-11-26 15:35:32'),(41,'music_fan',49,'2025-11-26 15:35:32'),(42,'morning_person',41,'2025-11-26 15:35:32'),(43,'morning_person',15,'2025-11-26 15:35:32'),(44,'gamer_pro',42,'2025-11-26 15:35:32'),(45,'gamer_pro',9,'2025-11-26 15:35:32'),(46,'gamer_pro',8,'2025-11-26 15:35:32'),(47,'gamer_pro',16,'2025-11-26 15:35:32'),(48,'gamer_pro',59,'2025-11-26 15:35:32'),(49,'gamer_pro',51,'2025-11-26 15:35:32'),(50,'ocean_lover',45,'2025-11-26 15:35:32'),(51,'ocean_lover',8,'2025-11-26 15:35:32'),(52,'photo_artist',46,'2025-11-26 15:35:32'),(53,'photo_artist',20,'2025-11-26 15:35:32'),(54,'photo_artist',12,'2025-11-26 15:35:32'),(55,'photo_artist',32,'2025-11-26 15:35:32'),(56,'art_collector',50,'2025-11-26 15:35:32'),(57,'art_collector',46,'2025-11-26 15:35:32'),(58,'art_collector',13,'2025-11-26 15:35:32'),(59,'art_collector',65,'2025-11-26 15:35:32'),(60,'art_collector',56,'2025-11-26 15:35:32'),(61,'art_collector',57,'2025-11-26 15:35:32'),(62,'art_collector',34,'2025-11-26 15:35:32'),(63,'art_collector',11,'2025-11-26 15:35:32'),(64,'dessert_queen',63,'2025-11-26 15:35:32'),(65,'dessert_queen',56,'2025-11-26 15:35:32'),(66,'dessert_queen',44,'2025-11-26 15:35:32'),(67,'dessert_queen',34,'2025-11-26 15:35:32'),(68,'dessert_queen',58,'2025-11-26 15:35:32'),(69,'dessert_queen',62,'2025-11-26 15:35:32'),(70,'beer_master',53,'2025-11-26 15:35:32'),(71,'beer_master',66,'2025-11-26 15:35:32'),(72,'beer_master',10,'2025-11-26 15:35:32'),(73,'beer_master',17,'2025-11-26 15:35:32'),(74,'beer_master',24,'2025-11-26 15:35:32'),(75,'foodie_busan',19,'2025-11-26 15:35:32'),(76,'foodie_busan',40,'2025-11-26 15:35:32'),(77,'foodie_busan',42,'2025-11-26 15:35:32'),(78,'foodie_busan',11,'2025-11-26 15:35:32'),(79,'foodie_busan',47,'2025-11-26 15:35:32'),(80,'foodie_busan',16,'2025-11-26 15:35:32'),(81,'foodie_busan',26,'2025-11-26 15:35:32'),(82,'foodie_busan',67,'2025-11-26 15:35:32'),(83,'night_owl',17,'2025-11-26 15:35:32'),(84,'night_owl',41,'2025-11-26 15:35:32'),(85,'night_owl',47,'2025-11-26 15:35:32'),(86,'night_owl',30,'2025-11-26 15:35:32'),(87,'night_owl',11,'2025-11-26 15:35:32'),(88,'night_owl',38,'2025-11-26 15:35:32'),(89,'night_owl',66,'2025-11-26 15:35:32'),(90,'night_owl',31,'2025-11-26 15:35:32'),(91,'fitness_guru',50,'2025-11-26 15:35:32'),(92,'fitness_guru',45,'2025-11-26 15:35:32'),(93,'fitness_guru',65,'2025-11-26 15:35:32'),(94,'fitness_guru',18,'2025-11-26 15:35:32'),(95,'fitness_guru',11,'2025-11-26 15:35:32'),(96,'fitness_guru',37,'2025-11-26 15:35:32'),(97,'daily_life',27,'2025-11-26 15:35:32'),(98,'daily_life',64,'2025-11-26 15:35:32'),(99,'daily_life',44,'2025-11-26 15:35:32'),(100,'daily_life',49,'2025-11-26 15:35:32'),(101,'daily_life',32,'2025-11-26 15:35:32'),(102,'daily_life',24,'2025-11-26 15:35:32'),(103,'vintage_hunter',42,'2025-11-26 15:35:32'),(104,'vintage_hunter',29,'2025-11-26 15:35:32'),(105,'vintage_hunter',12,'2025-11-26 15:35:32'),(106,'vintage_hunter',19,'2025-11-26 15:35:32'),(107,'vintage_hunter',18,'2025-11-26 15:35:32'),(108,'vintage_hunter',45,'2025-11-26 15:35:32'),(109,'vintage_hunter',17,'2025-11-26 15:35:32'),(110,'vintage_hunter',13,'2025-11-26 15:35:32'),(112,'beer_master',55,'2025-11-27 09:56:12'),(113,'beer_master',15,'2025-11-27 09:56:27'),(114,'ice_cream',123,'2025-11-27 09:59:23'),(115,'ice_cream',79,'2025-11-27 09:59:23'),(116,'ice_cream',168,'2025-11-27 09:59:23'),(117,'ice_cream',113,'2025-11-27 09:59:23'),(118,'ice_cream',243,'2025-11-27 09:59:23'),(119,'ice_cream',212,'2025-11-27 09:59:23'),(120,'ice_cream',68,'2025-11-27 09:59:23'),(121,'ice_cream',107,'2025-11-27 09:59:23'),(122,'burger_hunter',163,'2025-11-27 09:59:23'),(123,'burger_hunter',114,'2025-11-27 09:59:23'),(124,'burger_hunter',147,'2025-11-27 09:59:23'),(125,'burger_hunter',203,'2025-11-27 09:59:23'),(126,'burger_hunter',215,'2025-11-27 09:59:23'),(127,'burger_hunter',129,'2025-11-27 09:59:23'),(128,'burger_hunter',90,'2025-11-27 09:59:23'),(129,'burger_hunter',254,'2025-11-27 09:59:23'),(130,'burger_hunter',184,'2025-11-27 09:59:23'),(131,'burger_hunter',195,'2025-11-27 09:59:23'),(132,'burger_hunter',133,'2025-11-27 09:59:23'),(133,'travel_master',187,'2025-11-27 09:59:23'),(134,'travel_master',204,'2025-11-27 09:59:23'),(135,'travel_master',232,'2025-11-27 09:59:23'),(136,'travel_master',117,'2025-11-27 09:59:23'),(137,'travel_master',107,'2025-11-27 09:59:23'),(138,'travel_master',170,'2025-11-27 09:59:23'),(139,'travel_master',139,'2025-11-27 09:59:23'),(140,'travel_master',224,'2025-11-27 09:59:23'),(141,'travel_master',230,'2025-11-27 09:59:23'),(142,'travel_master',128,'2025-11-27 09:59:23'),(143,'photo_artist',174,'2025-11-27 09:59:23'),(144,'photo_artist',150,'2025-11-27 09:59:23'),(145,'photo_artist',250,'2025-11-27 09:59:23'),(146,'photo_artist',217,'2025-11-27 09:59:23'),(147,'photo_artist',124,'2025-11-27 09:59:23'),(148,'photo_artist',204,'2025-11-27 09:59:23'),(149,'photo_artist',246,'2025-11-27 09:59:23'),(150,'photo_artist',172,'2025-11-27 09:59:23'),(151,'photo_artist',265,'2025-11-27 09:59:23'),(152,'photo_artist',240,'2025-11-27 09:59:23'),(153,'daily_life',130,'2025-11-27 09:59:23'),(154,'daily_life',216,'2025-11-27 09:59:23'),(155,'daily_life',181,'2025-11-27 09:59:23'),(156,'daily_life',179,'2025-11-27 09:59:23'),(157,'daily_life',100,'2025-11-27 09:59:23'),(158,'daily_life',243,'2025-11-27 09:59:23'),(159,'daily_life',154,'2025-11-27 09:59:23'),(160,'daily_life',69,'2025-11-27 09:59:23'),(161,'daily_life',187,'2025-11-27 09:59:23'),(162,'soju_lover',200,'2025-11-27 09:59:23'),(163,'soju_lover',240,'2025-11-27 09:59:23'),(164,'soju_lover',265,'2025-11-27 09:59:23'),(165,'soju_lover',171,'2025-11-27 09:59:23'),(166,'soju_lover',227,'2025-11-27 09:59:23'),(167,'soju_lover',203,'2025-11-27 09:59:23'),(168,'soju_lover',122,'2025-11-27 09:59:23'),(169,'soju_lover',142,'2025-11-27 09:59:23'),(170,'soju_lover',132,'2025-11-27 09:59:23'),(171,'soju_lover',97,'2025-11-27 09:59:23'),(172,'soju_lover',170,'2025-11-27 09:59:23'),(173,'soju_lover',205,'2025-11-27 09:59:23'),(174,'soju_lover',138,'2025-11-27 09:59:24'),(175,'soju_lover',173,'2025-11-27 09:59:24'),(176,'cocktail_bar',246,'2025-11-27 09:59:24'),(177,'cocktail_bar',128,'2025-11-27 09:59:24'),(178,'cocktail_bar',93,'2025-11-27 09:59:24'),(179,'cocktail_bar',266,'2025-11-27 09:59:24'),(180,'cocktail_bar',88,'2025-11-27 09:59:24'),(181,'cocktail_bar',125,'2025-11-27 09:59:24'),(182,'cocktail_bar',107,'2025-11-27 09:59:24'),(183,'cocktail_bar',145,'2025-11-27 09:59:24'),(184,'cocktail_bar',141,'2025-11-27 09:59:24'),(185,'cocktail_bar',230,'2025-11-27 09:59:24'),(186,'cocktail_bar',110,'2025-11-27 09:59:24'),(187,'cocktail_bar',215,'2025-11-27 09:59:24'),(188,'cocktail_bar',98,'2025-11-27 09:59:24'),(189,'cocktail_bar',206,'2025-11-27 09:59:24'),(190,'mountain_hiker',263,'2025-11-27 09:59:24'),(191,'mountain_hiker',254,'2025-11-27 09:59:24'),(192,'mountain_hiker',205,'2025-11-27 09:59:24'),(193,'mountain_hiker',90,'2025-11-27 09:59:24'),(194,'mountain_hiker',245,'2025-11-27 09:59:24'),(195,'mountain_hiker',163,'2025-11-27 09:59:24'),(196,'mountain_hiker',107,'2025-11-27 09:59:24'),(197,'mountain_hiker',261,'2025-11-27 09:59:24'),(198,'mountain_hiker',79,'2025-11-27 09:59:24'),(199,'mountain_hiker',112,'2025-11-27 09:59:24'),(200,'cafe_lover',127,'2025-11-27 09:59:24'),(201,'cafe_lover',106,'2025-11-27 09:59:24'),(202,'cafe_lover',231,'2025-11-27 09:59:24'),(203,'cafe_lover',167,'2025-11-27 09:59:24'),(204,'cafe_lover',73,'2025-11-27 09:59:24'),(205,'cafe_lover',126,'2025-11-27 09:59:24'),(206,'cafe_lover',68,'2025-11-27 09:59:24'),(207,'cafe_lover',165,'2025-11-27 09:59:24'),(208,'cafe_lover',124,'2025-11-27 09:59:24'),(209,'cafe_lover',252,'2025-11-27 09:59:24'),(210,'cafe_lover',236,'2025-11-27 09:59:24'),(211,'cafe_lover',139,'2025-11-27 09:59:24'),(212,'cafe_lover',94,'2025-11-27 09:59:24'),(213,'gamer_pro',192,'2025-11-27 09:59:24'),(214,'gamer_pro',221,'2025-11-27 09:59:24'),(215,'gamer_pro',206,'2025-11-27 09:59:24'),(216,'gamer_pro',196,'2025-11-27 09:59:24'),(217,'gamer_pro',161,'2025-11-27 09:59:24'),(218,'gamer_pro',119,'2025-11-27 09:59:24'),(219,'gamer_pro',147,'2025-11-27 09:59:24'),(220,'gamer_pro',243,'2025-11-27 09:59:24'),(221,'gamer_pro',220,'2025-11-27 09:59:24'),(222,'gamer_pro',159,'2025-11-27 09:59:24'),(223,'gamer_pro',214,'2025-11-27 09:59:24'),(224,'bike_rider',249,'2025-11-27 09:59:24'),(225,'bike_rider',176,'2025-11-27 09:59:24'),(226,'bike_rider',119,'2025-11-27 09:59:24'),(227,'bike_rider',167,'2025-11-27 09:59:24'),(228,'bike_rider',248,'2025-11-27 09:59:24'),(229,'bike_rider',196,'2025-11-27 09:59:24'),(230,'bike_rider',143,'2025-11-27 09:59:24'),(231,'tteokbokki',253,'2025-11-27 09:59:24'),(232,'tteokbokki',139,'2025-11-27 09:59:24'),(233,'tteokbokki',111,'2025-11-27 09:59:24'),(234,'tteokbokki',110,'2025-11-27 09:59:24'),(235,'tteokbokki',216,'2025-11-27 09:59:24'),(236,'yoga_master',111,'2025-11-27 09:59:24'),(237,'yoga_master',102,'2025-11-27 09:59:24'),(238,'yoga_master',226,'2025-11-27 09:59:24'),(239,'yoga_master',101,'2025-11-27 09:59:24'),(240,'yoga_master',143,'2025-11-27 09:59:24'),(241,'yoga_master',99,'2025-11-27 09:59:24'),(242,'yoga_master',185,'2025-11-27 09:59:24'),(243,'yoga_master',242,'2025-11-27 09:59:24'),(244,'yoga_master',208,'2025-11-27 09:59:24'),(245,'yoga_master',198,'2025-11-27 09:59:24'),(246,'yoga_master',115,'2025-11-27 09:59:24'),(247,'dessert_queen',154,'2025-11-27 09:59:24'),(248,'dessert_queen',205,'2025-11-27 09:59:24'),(249,'dessert_queen',185,'2025-11-27 09:59:24'),(250,'dessert_queen',123,'2025-11-27 09:59:24'),(251,'dessert_queen',156,'2025-11-27 09:59:24'),(252,'dessert_queen',98,'2025-11-27 09:59:24'),(253,'dessert_queen',126,'2025-11-27 09:59:24'),(254,'dessert_queen',169,'2025-11-27 09:59:24'),(255,'dessert_queen',210,'2025-11-27 09:59:24'),(256,'dessert_queen',115,'2025-11-27 09:59:24'),(257,'dessert_queen',260,'2025-11-27 09:59:24'),(258,'dessert_queen',158,'2025-11-27 09:59:24'),(259,'dessert_queen',197,'2025-11-27 09:59:24'),(260,'dessert_queen',79,'2025-11-27 09:59:24'),(261,'beer_master',257,'2025-11-27 09:59:24'),(262,'beer_master',256,'2025-11-27 09:59:24'),(263,'beer_master',169,'2025-11-27 09:59:24'),(264,'beer_master',170,'2025-11-27 09:59:24'),(265,'beer_master',191,'2025-11-27 09:59:24'),(266,'beer_master',85,'2025-11-27 09:59:24'),(267,'beer_master',167,'2025-11-27 09:59:24'),(268,'beer_master',90,'2025-11-27 09:59:24'),(269,'surfing_dude',265,'2025-11-27 09:59:24'),(270,'surfing_dude',256,'2025-11-27 09:59:24'),(271,'surfing_dude',101,'2025-11-27 09:59:24'),(272,'surfing_dude',75,'2025-11-27 09:59:24'),(273,'surfing_dude',112,'2025-11-27 09:59:24'),(274,'surfing_dude',130,'2025-11-27 09:59:24'),(275,'surfing_dude',85,'2025-11-27 09:59:24'),(276,'surfing_dude',148,'2025-11-27 09:59:24'),(277,'surfing_dude',197,'2025-11-27 09:59:24'),(278,'surfing_dude',262,'2025-11-27 09:59:24'),(279,'surfing_dude',108,'2025-11-27 09:59:24'),(280,'surfing_dude',153,'2025-11-27 09:59:24'),(281,'fishing_pro',179,'2025-11-27 09:59:24'),(282,'fishing_pro',142,'2025-11-27 09:59:24'),(283,'fishing_pro',234,'2025-11-27 09:59:24'),(284,'fishing_pro',102,'2025-11-27 09:59:24'),(285,'fishing_pro',222,'2025-11-27 09:59:24'),(286,'fishing_pro',184,'2025-11-27 09:59:24'),(287,'fishing_pro',111,'2025-11-27 09:59:24'),(288,'fishing_pro',163,'2025-11-27 09:59:24'),(289,'fishing_pro',143,'2025-11-27 09:59:24'),(290,'fishing_pro',173,'2025-11-27 09:59:24'),(291,'fishing_pro',217,'2025-11-27 09:59:24'),(292,'fishing_pro',178,'2025-11-27 09:59:24'),(293,'fishing_pro',193,'2025-11-27 09:59:24'),(294,'fishing_pro',177,'2025-11-27 09:59:24'),(295,'fishing_pro',236,'2025-11-27 09:59:24'),(296,'wine_lover',236,'2025-11-27 09:59:24'),(297,'wine_lover',267,'2025-11-27 09:59:24'),(298,'wine_lover',158,'2025-11-27 09:59:24'),(299,'wine_lover',98,'2025-11-27 09:59:24'),(300,'wine_lover',248,'2025-11-27 09:59:24'),(301,'fitness_guru',246,'2025-11-27 09:59:24'),(302,'fitness_guru',121,'2025-11-27 09:59:24'),(303,'fitness_guru',259,'2025-11-27 09:59:24'),(304,'fitness_guru',218,'2025-11-27 09:59:24'),(305,'fitness_guru',200,'2025-11-27 09:59:24'),(306,'camping_fan',103,'2025-11-27 09:59:24'),(307,'camping_fan',195,'2025-11-27 09:59:24'),(308,'camping_fan',266,'2025-11-27 09:59:24'),(309,'camping_fan',106,'2025-11-27 09:59:24'),(310,'camping_fan',246,'2025-11-27 09:59:24'),(311,'camping_fan',82,'2025-11-27 09:59:24'),(312,'drama_fan',245,'2025-11-27 09:59:24'),(313,'drama_fan',261,'2025-11-27 09:59:24'),(314,'drama_fan',253,'2025-11-27 09:59:24'),(315,'drama_fan',103,'2025-11-27 09:59:24'),(316,'drama_fan',216,'2025-11-27 09:59:24'),(317,'movie_buff',240,'2025-11-27 09:59:24'),(318,'movie_buff',91,'2025-11-27 09:59:24'),(319,'movie_buff',130,'2025-11-27 09:59:24'),(320,'movie_buff',159,'2025-11-27 09:59:24'),(321,'movie_buff',135,'2025-11-27 09:59:24'),(322,'movie_buff',232,'2025-11-27 09:59:24'),(323,'pet_lover',159,'2025-11-27 09:59:24'),(324,'pet_lover',243,'2025-11-27 09:59:24'),(325,'pet_lover',190,'2025-11-27 09:59:24'),(326,'pet_lover',183,'2025-11-27 09:59:24'),(327,'pet_lover',107,'2025-11-27 09:59:24'),(328,'pet_lover',141,'2025-11-27 09:59:24'),(329,'pet_lover',170,'2025-11-27 09:59:24'),(330,'pet_lover',206,'2025-11-27 09:59:24'),(331,'bread_lover',259,'2025-11-27 09:59:24'),(332,'bread_lover',88,'2025-11-27 09:59:24'),(333,'bread_lover',112,'2025-11-27 09:59:24'),(334,'bread_lover',143,'2025-11-27 09:59:24'),(335,'bread_lover',119,'2025-11-27 09:59:24'),(336,'bread_lover',68,'2025-11-27 09:59:24'),(337,'bread_lover',161,'2025-11-27 09:59:24'),(338,'bread_lover',212,'2025-11-27 09:59:24'),(339,'bread_lover',148,'2025-11-27 09:59:24'),(340,'plant_mom',91,'2025-11-27 09:59:24'),(341,'plant_mom',153,'2025-11-27 09:59:24'),(342,'plant_mom',80,'2025-11-27 09:59:24'),(343,'plant_mom',148,'2025-11-27 09:59:24'),(344,'plant_mom',198,'2025-11-27 09:59:24'),(345,'plant_mom',101,'2025-11-27 09:59:24'),(346,'plant_mom',161,'2025-11-27 09:59:24'),(347,'plant_mom',121,'2025-11-27 09:59:24'),(348,'plant_mom',128,'2025-11-27 09:59:24'),(349,'plant_mom',175,'2025-11-27 09:59:24'),(350,'plant_mom',86,'2025-11-27 09:59:24'),(351,'diy_maker',115,'2025-11-27 09:59:24'),(352,'diy_maker',76,'2025-11-27 09:59:24'),(353,'diy_maker',233,'2025-11-27 09:59:24'),(354,'diy_maker',79,'2025-11-27 09:59:24'),(355,'diy_maker',127,'2025-11-27 09:59:24'),(356,'diy_maker',93,'2025-11-27 09:59:24'),(357,'bbq_king',196,'2025-11-27 09:59:24'),(358,'bbq_king',236,'2025-11-27 09:59:24'),(359,'bbq_king',96,'2025-11-27 09:59:24'),(360,'bbq_king',170,'2025-11-27 09:59:24'),(361,'bbq_king',176,'2025-11-27 09:59:24'),(362,'bbq_king',218,'2025-11-27 09:59:24'),(363,'bbq_king',119,'2025-11-27 09:59:24'),(364,'bbq_king',256,'2025-11-27 09:59:24'),(365,'bbq_king',248,'2025-11-27 09:59:24'),(366,'bbq_king',214,'2025-11-27 09:59:24'),(367,'bbq_king',115,'2025-11-27 09:59:24'),(368,'game_streamer',247,'2025-11-27 09:59:24'),(369,'game_streamer',191,'2025-11-27 09:59:24'),(370,'game_streamer',179,'2025-11-27 09:59:24'),(371,'game_streamer',242,'2025-11-27 09:59:24'),(372,'game_streamer',162,'2025-11-27 09:59:24'),(373,'game_streamer',81,'2025-11-27 09:59:24'),(374,'game_streamer',169,'2025-11-27 09:59:24'),(375,'game_streamer',101,'2025-11-27 09:59:24'),(376,'game_streamer',182,'2025-11-27 09:59:24'),(377,'game_streamer',249,'2025-11-27 09:59:24'),(378,'game_streamer',264,'2025-11-27 09:59:24'),(379,'game_streamer',152,'2025-11-27 09:59:24'),(380,'chicken_fan',177,'2025-11-27 09:59:24'),(381,'chicken_fan',147,'2025-11-27 09:59:24'),(382,'chicken_fan',234,'2025-11-27 09:59:24'),(383,'chicken_fan',155,'2025-11-27 09:59:24'),(384,'chicken_fan',251,'2025-11-27 09:59:24'),(385,'chicken_fan',267,'2025-11-27 09:59:24'),(386,'chicken_fan',98,'2025-11-27 09:59:24'),(387,'foodie_busan',177,'2025-11-27 09:59:24'),(388,'foodie_busan',263,'2025-11-27 09:59:24'),(389,'foodie_busan',142,'2025-11-27 09:59:24'),(390,'foodie_busan',265,'2025-11-27 09:59:24'),(391,'foodie_busan',69,'2025-11-27 09:59:24'),(392,'foodie_busan',145,'2025-11-27 09:59:24'),(393,'foodie_busan',256,'2025-11-27 09:59:24'),(394,'foodie_busan',219,'2025-11-27 09:59:24'),(395,'foodie_busan',160,'2025-11-27 09:59:24'),(396,'sushi_master',82,'2025-11-27 09:59:24'),(397,'sushi_master',265,'2025-11-27 09:59:24'),(398,'sushi_master',94,'2025-11-27 09:59:24'),(399,'sushi_master',260,'2025-11-27 09:59:24'),(400,'sushi_master',165,'2025-11-27 09:59:24'),(401,'sushi_master',198,'2025-11-27 09:59:24'),(402,'sushi_master',172,'2025-11-27 09:59:24'),(403,'sushi_master',209,'2025-11-27 09:59:24'),(404,'sushi_master',161,'2025-11-27 09:59:24'),(405,'sushi_master',233,'2025-11-27 09:59:24'),(406,'sushi_master',238,'2025-11-27 09:59:24'),(407,'sushi_master',152,'2025-11-27 09:59:24'),(408,'sushi_master',138,'2025-11-27 09:59:24'),(409,'sushi_master',147,'2025-11-27 09:59:24'),(410,'sushi_master',218,'2025-11-27 09:59:24'),(411,'ocean_lover',144,'2025-11-27 09:59:24'),(412,'ocean_lover',194,'2025-11-27 09:59:24'),(413,'ocean_lover',133,'2025-11-27 09:59:24'),(414,'ocean_lover',204,'2025-11-27 09:59:24'),(415,'ocean_lover',95,'2025-11-27 09:59:24'),(416,'ocean_lover',101,'2025-11-27 09:59:24'),(417,'ocean_lover',206,'2025-11-27 09:59:24'),(418,'ocean_lover',125,'2025-11-27 09:59:24'),(419,'ocean_lover',121,'2025-11-27 09:59:24'),(420,'ocean_lover',134,'2025-11-27 09:59:24'),(421,'ocean_lover',82,'2025-11-27 09:59:24'),(422,'ocean_lover',197,'2025-11-27 09:59:24'),(423,'idol_fan',112,'2025-11-27 09:59:24'),(424,'idol_fan',150,'2025-11-27 09:59:24'),(425,'idol_fan',241,'2025-11-27 09:59:24'),(426,'idol_fan',266,'2025-11-27 09:59:24'),(427,'idol_fan',161,'2025-11-27 09:59:24'),(428,'idol_fan',167,'2025-11-27 09:59:24'),(429,'ramen_addict',242,'2025-11-27 09:59:24'),(430,'ramen_addict',162,'2025-11-27 09:59:24'),(431,'ramen_addict',111,'2025-11-27 09:59:24'),(432,'ramen_addict',89,'2025-11-27 09:59:24'),(433,'ramen_addict',188,'2025-11-27 09:59:24'),(434,'pizza_lover',111,'2025-11-27 09:59:24'),(435,'pizza_lover',192,'2025-11-27 09:59:24'),(436,'pizza_lover',217,'2025-11-27 09:59:24'),(437,'pizza_lover',218,'2025-11-27 09:59:24'),(438,'pizza_lover',152,'2025-11-27 09:59:24'),(439,'pizza_lover',182,'2025-11-27 09:59:24'),(440,'pizza_lover',172,'2025-11-27 09:59:24'),(441,'pizza_lover',133,'2025-11-27 09:59:24'),(442,'pizza_lover',115,'2025-11-27 09:59:24'),(443,'pizza_lover',194,'2025-11-27 09:59:24'),(444,'pizza_lover',243,'2025-11-27 09:59:24'),(445,'pizza_lover',97,'2025-11-27 09:59:24'),(446,'pizza_lover',119,'2025-11-27 09:59:24'),(447,'pizza_lover',231,'2025-11-27 09:59:24'),(448,'pizza_lover',104,'2025-11-27 09:59:24'),(449,'morning_person',95,'2025-11-27 09:59:24'),(450,'morning_person',241,'2025-11-27 09:59:24'),(451,'morning_person',133,'2025-11-27 09:59:24'),(452,'morning_person',177,'2025-11-27 09:59:24'),(453,'morning_person',221,'2025-11-27 09:59:24'),(454,'morning_person',105,'2025-11-27 09:59:24'),(455,'morning_person',202,'2025-11-27 09:59:24'),(456,'morning_person',124,'2025-11-27 09:59:24'),(457,'morning_person',179,'2025-11-27 09:59:24'),(458,'morning_person',220,'2025-11-27 09:59:24'),(459,'vintage_hunter',203,'2025-11-27 09:59:24'),(460,'vintage_hunter',123,'2025-11-27 09:59:24'),(461,'vintage_hunter',239,'2025-11-27 09:59:24'),(462,'vintage_hunter',153,'2025-11-27 09:59:24'),(463,'vintage_hunter',93,'2025-11-27 09:59:24'),(464,'vintage_hunter',162,'2025-11-27 09:59:24'),(465,'vintage_hunter',101,'2025-11-27 09:59:24'),(466,'vintage_hunter',212,'2025-11-27 09:59:24'),(467,'vintage_hunter',134,'2025-11-27 09:59:24'),(468,'vintage_hunter',253,'2025-11-27 09:59:24'),(469,'vintage_hunter',74,'2025-11-27 09:59:24'),(470,'vintage_hunter',92,'2025-11-27 09:59:24'),(471,'vintage_hunter',182,'2025-11-27 09:59:24'),(472,'vintage_hunter',172,'2025-11-27 09:59:24'),(473,'street_food',128,'2025-11-27 09:59:24'),(474,'street_food',108,'2025-11-27 09:59:24'),(475,'street_food',166,'2025-11-27 09:59:24'),(476,'street_food',228,'2025-11-27 09:59:24'),(477,'street_food',119,'2025-11-27 09:59:24'),(478,'street_food',81,'2025-11-27 09:59:24'),(479,'street_food',132,'2025-11-27 09:59:24'),(480,'street_food',110,'2025-11-27 09:59:24'),(481,'street_food',159,'2025-11-27 09:59:24'),(482,'street_food',162,'2025-11-27 09:59:24'),(483,'street_food',165,'2025-11-27 09:59:24'),(484,'street_food',172,'2025-11-27 09:59:24'),(485,'street_food',188,'2025-11-27 09:59:24'),(486,'art_collector',136,'2025-11-27 09:59:24'),(487,'art_collector',266,'2025-11-27 09:59:24'),(488,'art_collector',193,'2025-11-27 09:59:24'),(489,'art_collector',170,'2025-11-27 09:59:24'),(490,'art_collector',109,'2025-11-27 09:59:24'),(491,'art_collector',264,'2025-11-27 09:59:24'),(492,'bookworm',235,'2025-11-27 09:59:24'),(493,'bookworm',177,'2025-11-27 09:59:24'),(494,'bookworm',261,'2025-11-27 09:59:24'),(495,'bookworm',224,'2025-11-27 09:59:24'),(496,'bookworm',75,'2025-11-27 09:59:24'),(497,'bookworm',98,'2025-11-27 09:59:24'),(498,'bookworm',71,'2025-11-27 09:59:24'),(499,'bookworm',88,'2025-11-27 09:59:24'),(500,'bookworm',155,'2025-11-27 09:59:24'),(501,'bookworm',252,'2025-11-27 09:59:24'),(502,'bookworm',166,'2025-11-27 09:59:24'),(503,'bookworm',242,'2025-11-27 09:59:24'),(504,'bookworm',82,'2025-11-27 09:59:24'),(505,'bookworm',125,'2025-11-27 09:59:24'),(506,'bookworm',240,'2025-11-27 09:59:24'),(507,'kimbap_queen',173,'2025-11-27 09:59:24'),(508,'kimbap_queen',149,'2025-11-27 09:59:24'),(509,'kimbap_queen',202,'2025-11-27 09:59:24'),(510,'kimbap_queen',231,'2025-11-27 09:59:24'),(511,'kimbap_queen',164,'2025-11-27 09:59:24'),(512,'tea_master',70,'2025-11-27 09:59:24'),(513,'tea_master',78,'2025-11-27 09:59:24'),(514,'tea_master',267,'2025-11-27 09:59:24'),(515,'tea_master',141,'2025-11-27 09:59:24'),(516,'tea_master',219,'2025-11-27 09:59:24'),(517,'tea_master',167,'2025-11-27 09:59:24'),(518,'tea_master',142,'2025-11-27 09:59:24'),(519,'tea_master',194,'2025-11-27 09:59:24'),(520,'tea_master',183,'2025-11-27 09:59:24'),(521,'tea_master',209,'2025-11-27 09:59:24'),(522,'tea_master',106,'2025-11-27 09:59:24'),(523,'night_owl',238,'2025-11-27 09:59:24'),(524,'night_owl',70,'2025-11-27 09:59:24'),(525,'night_owl',186,'2025-11-27 09:59:24'),(526,'night_owl',162,'2025-11-27 09:59:24'),(527,'night_owl',78,'2025-11-27 09:59:24'),(528,'night_owl',68,'2025-11-27 09:59:24'),(529,'night_owl',189,'2025-11-27 09:59:24'),(530,'night_owl',179,'2025-11-27 09:59:24'),(531,'night_owl',117,'2025-11-27 09:59:24'),(532,'night_owl',217,'2025-11-27 09:59:24'),(533,'night_owl',208,'2025-11-27 09:59:24'),(534,'night_owl',205,'2025-11-27 09:59:24'),(535,'night_owl',131,'2025-11-27 09:59:24'),(536,'night_owl',203,'2025-11-27 09:59:25'),(537,'music_fan',150,'2025-11-27 09:59:25'),(538,'music_fan',185,'2025-11-27 09:59:25'),(539,'music_fan',127,'2025-11-27 09:59:25'),(540,'music_fan',222,'2025-11-27 09:59:25'),(541,'music_fan',70,'2025-11-27 09:59:25'),(542,'music_fan',162,'2025-11-27 09:59:25'),(543,'runner_girl',131,'2025-11-27 09:59:25'),(544,'runner_girl',121,'2025-11-27 09:59:25'),(545,'runner_girl',209,'2025-11-27 09:59:25'),(546,'runner_girl',267,'2025-11-27 09:59:25'),(547,'runner_girl',156,'2025-11-27 09:59:25'),(548,'runner_girl',253,'2025-11-27 09:59:25'),(549,'runner_girl',222,'2025-11-27 09:59:25'),(550,'runner_girl',112,'2025-11-27 09:59:25'),(551,'runner_girl',202,'2025-11-27 09:59:25'),(552,'runner_girl',217,'2025-11-27 09:59:25'),(553,'runner_girl',190,'2025-11-27 09:59:25'),(554,'runner_girl',95,'2025-11-27 09:59:25'),(555,'runner_girl',135,'2025-11-27 09:59:25'),(556,'runner_girl',113,'2025-11-27 09:59:25'),(557,'runner_girl',149,'2025-11-27 09:59:25'),(558,'daily_life',268,'2025-11-28 11:11:02');
/*!40000 ALTER TABLE `lm_bookmarks` ENABLE KEYS */;
UNLOCK TABLES;

--
-- Table structure for table `lm_chat_messages`
--

DROP TABLE IF EXISTS `lm_chat_messages`;
/*!40101 SET @saved_cs_client     = @@character_set_client */;
/*!50503 SET character_set_client = utf8mb4 */;
CREATE TABLE `lm_chat_messages` (
  `MESSAGE_ID` int NOT NULL AUTO_INCREMENT COMMENT '메시지 고유 ID',
  `ROOM_ID` int NOT NULL COMMENT '채팅방 ID',
  `SENDER_ID` varchar(50) COLLATE utf8mb4_unicode_ci NOT NULL COMMENT '메시지를 보낸 사용자 ID',
  `MESSAGE` text COLLATE utf8mb4_unicode_ci NOT NULL COMMENT '메시지 내용',
  `CREATED_AT` datetime DEFAULT CURRENT_TIMESTAMP COMMENT '메시지 전송 시간',
  `IS_READ` tinyint DEFAULT '0' COMMENT '메시지 읽음 여부 (0: 안 읽음, 1: 읽음)',
  PRIMARY KEY (`MESSAGE_ID`),
  KEY `idx_room_created` (`ROOM_ID`,`CREATED_AT`) COMMENT '채팅방별 시간순 조회 인덱스',
  KEY `idx_sender` (`SENDER_ID`) COMMENT '발신자 검색 인덱스',
  KEY `idx_is_read` (`IS_READ`) COMMENT '읽음 여부 검색 인덱스'
) ENGINE=InnoDB AUTO_INCREMENT=38 DEFAULT CHARSET=utf8mb4 COLLATE=utf8mb4_unicode_ci COMMENT='채팅 메시지 테이블';
/*!40101 SET character_set_client = @saved_cs_client */;

--
-- Dumping data for table `lm_chat_messages`
--

LOCK TABLES `lm_chat_messages` WRITE;
/*!40000 ALTER TABLE `lm_chat_messages` DISABLE KEYS */;
INSERT INTO `lm_chat_messages` VALUES (9,3,'daily_life','dididi','2025-12-01 15:27:46',0),(12,3,'daily_life','해','2025-12-01 15:29:42',0),(16,5,'beer_master','ㅁㄴㅇㄹ','2025-12-01 15:36:01',1),(17,5,'daily_life','ㅁㄴㅇ','2025-12-01 15:36:12',1),(18,5,'beer_master','ㅁㄴㅇ','2025-12-01 15:39:08',1),(19,5,'daily_life','ㅁㄴㅇ','2025-12-01 15:39:14',1),(20,5,'beer_master','ㅁㄴㅇ','2025-12-01 15:40:54',1),(21,5,'daily_life','ㅁㄴㅇ','2025-12-01 15:41:05',1),(22,5,'daily_life','ㅁㄴㅇ','2025-12-01 15:42:37',1),(23,5,'daily_life','ㅁㅇㄴ','2025-12-01 15:43:14',1),(24,5,'daily_life','ㅁㄴㅇㄹ','2025-12-01 15:44:59',1),(25,5,'beer_master','ㅁㄴㅇ','2025-12-01 15:45:06',1),(26,6,'beer_master','ㅁㄴㅇ','2025-12-01 15:45:31',0),(36,13,'beer_master','ㅁㄴㅇㄹ','2025-12-01 16:13:57',1),(37,13,'beer_master','asdads','2025-12-01 17:34:39',0);
/*!40000 ALTER TABLE `lm_chat_messages` ENABLE KEYS */;
UNLOCK TABLES;

--
-- Table structure for table `lm_chat_rooms`
--

DROP TABLE IF EXISTS `lm_chat_rooms`;
/*!40101 SET @saved_cs_client     = @@character_set_client */;
/*!50503 SET character_set_client = utf8mb4 */;
CREATE TABLE `lm_chat_rooms` (
  `ROOM_ID` int NOT NULL AUTO_INCREMENT COMMENT '채팅방 고유 ID',
  `USER1_ID` varchar(50) COLLATE utf8mb4_unicode_ci NOT NULL COMMENT '첫 번째 사용자 ID (작은 값으로 정렬)',
  `USER2_ID` varchar(50) COLLATE utf8mb4_unicode_ci NOT NULL COMMENT '두 번째 사용자 ID (큰 값으로 정렬)',
  `CREATED_AT` datetime DEFAULT CURRENT_TIMESTAMP COMMENT '채팅방 생성 시간',
  `UPDATED_AT` datetime DEFAULT CURRENT_TIMESTAMP ON UPDATE CURRENT_TIMESTAMP COMMENT '채팅방 마지막 업데이트 시간',
  `LAST_MESSAGE` text COLLATE utf8mb4_unicode_ci COMMENT '마지막 메시지 내용 (미리보기용)',
  `LAST_MESSAGE_TIME` datetime DEFAULT NULL COMMENT '마지막 메시지 전송 시간',
  PRIMARY KEY (`ROOM_ID`),
  UNIQUE KEY `unique_user_pair` (`USER1_ID`,`USER2_ID`) COMMENT '두 사용자 조합 중복 방지',
  KEY `idx_user1` (`USER1_ID`) COMMENT '첫 번째 사용자 검색 인덱스',
  KEY `idx_user2` (`USER2_ID`) COMMENT '두 번째 사용자 검색 인덱스'
) ENGINE=InnoDB AUTO_INCREMENT=14 DEFAULT CHARSET=utf8mb4 COLLATE=utf8mb4_unicode_ci COMMENT='채팅방 정보 테이블';
/*!40101 SET character_set_client = @saved_cs_client */;

--
-- Dumping data for table `lm_chat_rooms`
--

LOCK TABLES `lm_chat_rooms` WRITE;
/*!40000 ALTER TABLE `lm_chat_rooms` DISABLE KEYS */;
INSERT INTO `lm_chat_rooms` VALUES (3,'daily_life','test','2025-12-01 15:27:44','2025-12-01 15:29:42','해','2025-12-01 15:29:42'),(5,'beer_master','daily_life','2025-12-01 15:35:59','2025-12-01 15:45:06','ㅁㄴㅇ','2025-12-01 15:45:06'),(6,'beer_master','soju_lover','2025-12-01 15:45:28','2025-12-01 15:45:31','ㅁㄴㅇ','2025-12-01 15:45:31'),(13,'beer_master','bike_rider','2025-12-01 16:13:55','2025-12-01 17:34:39','asdads','2025-12-01 17:34:39');
/*!40000 ALTER TABLE `lm_chat_rooms` ENABLE KEYS */;
UNLOCK TABLES;

--
-- Table structure for table `lm_comments`
--

DROP TABLE IF EXISTS `lm_comments`;
/*!40101 SET @saved_cs_client     = @@character_set_client */;
/*!50503 SET character_set_client = utf8mb4 */;
CREATE TABLE `lm_comments` (
  `COMMENT_ID` int NOT NULL AUTO_INCREMENT COMMENT '댓글 고유 ID',
  `MARKER_ID` int NOT NULL COMMENT '댓글이 달린 마커 ID',
  `USER_ID` varchar(50) NOT NULL COMMENT '댓글 작성 사용자 ID',
  `CONTENT` text NOT NULL COMMENT '댓글 내용',
  `CREATED_AT` datetime DEFAULT CURRENT_TIMESTAMP COMMENT '댓글 생성 시각',
  PRIMARY KEY (`COMMENT_ID`)
) ENGINE=InnoDB AUTO_INCREMENT=1345 DEFAULT CHARSET=utf8mb4 COLLATE=utf8mb4_0900_ai_ci;
/*!40101 SET character_set_client = @saved_cs_client */;

--
-- Dumping data for table `lm_comments`
--

LOCK TABLES `lm_comments` WRITE;
/*!40000 ALTER TABLE `lm_comments` DISABLE KEYS */;
INSERT INTO `lm_comments` VALUES (1,5,'test','asdf','2025-11-26 11:42:18'),(2,5,'test1','aqwer','2025-11-26 11:43:06'),(3,42,'photo_artist','데이트 코스로 좋을까요? ?','2025-11-26 15:35:32'),(4,42,'ocean_lover','사진 너무 예뻐요 ?','2025-11-26 15:35:32'),(5,42,'photo_artist','다음에 꼭 가볼게요!','2025-11-26 15:35:32'),(6,42,'art_collector','여기 단골이에요 ㅎㅎ','2025-11-26 15:35:32'),(7,42,'music_fan','저장해둘게요! ?','2025-11-26 15:35:32'),(8,42,'fitness_guru','웨이팅 있나요?','2025-11-26 15:35:32'),(9,42,'vintage_hunter','웨이팅 있나요?','2025-11-26 15:35:32'),(10,42,'foodie_busan','주차는 편한가요?','2025-11-26 15:35:33'),(11,29,'ramen_addict','로컬 맛집이네요!','2025-11-26 15:35:33'),(12,29,'photo_artist','저장해둘게요! ?','2025-11-26 15:35:33'),(13,29,'street_food','혼자 가도 괜찮을까요?','2025-11-26 15:35:33'),(14,29,'night_owl','가격대가 어떻게 되나요?','2025-11-26 15:35:33'),(15,29,'art_collector','가격대가 어떻게 되나요?','2025-11-26 15:35:33'),(16,12,'dessert_queen','로컬 맛집이네요!','2025-11-26 15:35:33'),(17,19,'mountain_hiker','다음에 꼭 가볼게요!','2025-11-26 15:35:33'),(18,19,'bookworm','메뉴 추천해주세요!','2025-11-26 15:35:33'),(19,19,'travel_master','아이랑 가도 될까요?','2025-11-26 15:35:33'),(20,18,'daily_life','사진 너무 예뻐요 ?','2025-11-26 15:35:33'),(21,18,'morning_person','사진 보니까 가고 싶어져요','2025-11-26 15:35:33'),(22,18,'vintage_hunter','사진 보니까 가고 싶어져요','2025-11-26 15:35:33'),(23,18,'beer_master','다음에 꼭 가볼게요!','2025-11-26 15:35:33'),(24,18,'bookworm','분위기 어때요?','2025-11-26 15:35:33'),(25,18,'daily_life','메뉴 추천해주세요!','2025-11-26 15:35:33'),(26,18,'ramen_addict','아이랑 가도 될까요?','2025-11-26 15:35:33'),(27,18,'night_owl','영업시간이 어떻게 되나요?','2025-11-26 15:35:33'),(28,45,'street_food','이런 곳이 있었네요!','2025-11-26 15:35:33'),(29,45,'photo_artist','부산 여행 때 가봐야겠어요','2025-11-26 15:35:33'),(30,45,'dessert_queen','강아지 동반 가능한가요? ?','2025-11-26 15:35:33'),(31,17,'dessert_queen','저장해둘게요! ?','2025-11-26 15:35:33'),(32,17,'photo_artist','가격대가 어떻게 되나요?','2025-11-26 15:35:33'),(33,17,'street_food','저도 다녀왔는데 진짜 좋았어요!','2025-11-26 15:35:33'),(34,17,'art_collector','메뉴 추천해주세요!','2025-11-26 15:35:33'),(35,13,'music_fan','혼자 가도 괜찮을까요?','2025-11-26 15:35:33'),(36,13,'ramen_addict','다음에 꼭 가볼게요!','2025-11-26 15:35:33'),(37,13,'cafe_lover','메뉴 추천해주세요!','2025-11-26 15:35:33'),(38,13,'ocean_lover','좋은 정보 감사합니다! ?','2025-11-26 15:35:33'),(39,13,'morning_person','사진 보니까 가고 싶어져요','2025-11-26 15:35:33'),(40,13,'night_owl','이런 곳이 있었네요!','2025-11-26 15:35:33'),(41,31,'mountain_hiker','메뉴 추천해주세요!','2025-11-26 15:35:33'),(42,31,'mountain_hiker','저도 다녀왔는데 진짜 좋았어요!','2025-11-26 15:35:33'),(43,31,'beer_master','사진 너무 예뻐요 ?','2025-11-26 15:35:33'),(44,31,'music_fan','좋은 정보 감사합니다! ?','2025-11-26 15:35:33'),(45,27,'night_owl','데이트 코스로 좋을까요? ?','2025-11-26 15:35:33'),(46,27,'mountain_hiker','오 여기 가봐야겠네요!','2025-11-26 15:35:33'),(47,27,'mountain_hiker','가격대가 어떻게 되나요?','2025-11-26 15:35:33'),(48,27,'foodie_busan','사진 너무 예뻐요 ?','2025-11-26 15:35:33'),(49,27,'beer_master','위치가 정확히 어디에요?','2025-11-26 15:35:33'),(50,64,'beer_master','아이랑 가도 될까요?','2025-11-26 15:35:33'),(51,64,'night_owl','웨이팅 있나요?','2025-11-26 15:35:33'),(52,64,'mountain_hiker','사진 너무 예뻐요 ?','2025-11-26 15:35:33'),(53,64,'music_fan','메뉴 추천해주세요!','2025-11-26 15:35:33'),(54,64,'gamer_pro','다음에 꼭 가볼게요!','2025-11-26 15:35:33'),(55,38,'travel_master','사진 보니까 가고 싶어져요','2025-11-26 15:35:33'),(56,38,'dessert_queen','좋은 정보 감사합니다! ?','2025-11-26 15:35:33'),(57,38,'ocean_lover','위치가 정확히 어디에요?','2025-11-26 15:35:33'),(58,38,'ramen_addict','웨이팅 있나요?','2025-11-26 15:35:33'),(59,38,'daily_life','가격대가 어떻게 되나요?','2025-11-26 15:35:33'),(60,44,'street_food','혼자 가도 괜찮을까요?','2025-11-26 15:35:33'),(61,44,'gamer_pro','아이랑 가도 될까요?','2025-11-26 15:35:33'),(62,44,'street_food','웨이팅 있나요?','2025-11-26 15:35:33'),(63,44,'beer_master','좋은 정보 감사합니다! ?','2025-11-26 15:35:33'),(64,25,'vintage_hunter','가격대가 어떻게 되나요?','2025-11-26 15:35:33'),(65,50,'pet_lover','영업시간이 어떻게 되나요?','2025-11-26 15:35:33'),(66,50,'dessert_queen','좋은 정보 감사합니다! ?','2025-11-26 15:35:33'),(67,50,'ocean_lover','영업시간이 어떻게 되나요?','2025-11-26 15:35:33'),(68,50,'dessert_queen','이런 곳이 있었네요!','2025-11-26 15:35:33'),(69,60,'travel_master','강아지 동반 가능한가요? ?','2025-11-26 15:35:33'),(70,60,'vintage_hunter','데이트 코스로 좋을까요? ?','2025-11-26 15:35:33'),(71,60,'daily_life','분위기 어때요?','2025-11-26 15:35:33'),(72,49,'night_owl','가격대가 어떻게 되나요?','2025-11-26 15:35:33'),(73,46,'daily_life','가격대가 어떻게 되나요?','2025-11-26 15:35:33'),(74,65,'travel_master','다음에 꼭 가볼게요!','2025-11-26 15:35:33'),(75,65,'photo_artist','메뉴 추천해주세요!','2025-11-26 15:35:33'),(76,52,'dessert_queen','저도 다녀왔는데 진짜 좋았어요!','2025-11-26 15:35:33'),(77,52,'daily_life','주차는 편한가요?','2025-11-26 15:35:33'),(78,52,'street_food','이런 곳이 있었네요!','2025-11-26 15:35:33'),(79,52,'fitness_guru','분위기 어때요?','2025-11-26 15:35:33'),(80,52,'foodie_busan','이런 곳이 있었네요!','2025-11-26 15:35:33'),(81,52,'ocean_lover','사진 너무 예뻐요 ?','2025-11-26 15:35:33'),(82,66,'mountain_hiker','위치가 정확히 어디에요?','2025-11-26 15:35:33'),(83,66,'ocean_lover','웨이팅 있나요?','2025-11-26 15:35:33'),(84,66,'dessert_queen','이런 곳이 있었네요!','2025-11-26 15:35:33'),(85,66,'daily_life','영업시간이 어떻게 되나요?','2025-11-26 15:35:33'),(86,66,'morning_person','저장해둘게요! ?','2025-11-26 15:35:33'),(87,66,'music_fan','메뉴 추천해주세요!','2025-11-26 15:35:33'),(88,66,'cafe_lover','저장해둘게요! ?','2025-11-26 15:35:33'),(89,37,'gamer_pro','이런 곳이 있었네요!','2025-11-26 15:35:33'),(90,37,'vintage_hunter','좋은 정보 감사합니다! ?','2025-11-26 15:35:33'),(91,37,'daily_life','데이트 코스로 좋을까요? ?','2025-11-26 15:35:33'),(92,37,'dessert_queen','여기 단골이에요 ㅎㅎ','2025-11-26 15:35:33'),(93,24,'ramen_addict','저장해둘게요! ?','2025-11-26 15:35:33'),(94,24,'fitness_guru','예약 필수인가요?','2025-11-26 15:35:33'),(95,41,'pet_lover','저도 다녀왔는데 진짜 좋았어요!','2025-11-26 15:35:33'),(96,41,'foodie_busan','혼자 가도 괜찮을까요?','2025-11-26 15:35:33'),(97,41,'music_fan','숨은 명소네요!','2025-11-26 15:35:33'),(98,41,'photo_artist','웨이팅 있나요?','2025-11-26 15:35:33'),(99,41,'street_food','여기 단골이에요 ㅎㅎ','2025-11-26 15:35:33'),(100,41,'beer_master','저도 다녀왔는데 진짜 좋았어요!','2025-11-26 15:35:33'),(101,41,'daily_life','정보 공유 감사해요!','2025-11-26 15:35:33'),(102,23,'art_collector','아이랑 가도 될까요?','2025-11-26 15:35:33'),(103,23,'night_owl','분위기 어때요?','2025-11-26 15:35:33'),(104,23,'foodie_busan','분위기 어때요?','2025-11-26 15:35:33'),(105,23,'foodie_busan','다음에 꼭 가볼게요!','2025-11-26 15:35:33'),(106,40,'mountain_hiker','저도 다녀왔는데 진짜 좋았어요!','2025-11-26 15:35:33'),(107,40,'ocean_lover','저장해둘게요! ?','2025-11-26 15:35:33'),(108,11,'pet_lover','다음에 꼭 가볼게요!','2025-11-26 15:35:33'),(109,11,'cafe_lover','이런 곳이 있었네요!','2025-11-26 15:35:33'),(110,11,'fitness_guru','주차는 편한가요?','2025-11-26 15:35:33'),(111,11,'bookworm','위치가 정확히 어디에요?','2025-11-26 15:35:33'),(112,11,'street_food','웨이팅 있나요?','2025-11-26 15:35:33'),(113,16,'ocean_lover','부산 여행 때 가봐야겠어요','2025-11-26 15:35:33'),(114,34,'foodie_busan','영업시간이 어떻게 되나요?','2025-11-26 15:35:33'),(115,34,'ramen_addict','위치가 정확히 어디에요?','2025-11-26 15:35:33'),(116,34,'daily_life','메뉴 추천해주세요!','2025-11-26 15:35:33'),(117,33,'music_fan','위치가 정확히 어디에요?','2025-11-26 15:35:33'),(118,33,'ocean_lover','저장해둘게요! ?','2025-11-26 15:35:33'),(119,33,'photo_artist','아이랑 가도 될까요?','2025-11-26 15:35:33'),(120,33,'travel_master','좋은 정보 감사합니다! ?','2025-11-26 15:35:33'),(121,33,'travel_master','웨이팅 있나요?','2025-11-26 15:35:33'),(122,26,'vintage_hunter','숨은 명소네요!','2025-11-26 15:35:33'),(123,26,'pet_lover','저도 다녀왔는데 진짜 좋았어요!','2025-11-26 15:35:33'),(124,26,'daily_life','위치가 정확히 어디에요?','2025-11-26 15:35:33'),(125,26,'gamer_pro','강아지 동반 가능한가요? ?','2025-11-26 15:35:33'),(126,26,'gamer_pro','사진 보니까 가고 싶어져요','2025-11-26 15:35:33'),(127,26,'travel_master','예약 필수인가요?','2025-11-26 15:35:33'),(128,26,'beer_master','영업시간이 어떻게 되나요?','2025-11-26 15:35:33'),(129,26,'morning_person','로컬 맛집이네요!','2025-11-26 15:35:33'),(130,54,'mountain_hiker','좋은 정보 감사합니다! ?','2025-11-26 15:35:33'),(131,54,'beer_master','아이랑 가도 될까요?','2025-11-26 15:35:33'),(132,54,'art_collector','강아지 동반 가능한가요? ?','2025-11-26 15:35:33'),(133,54,'fitness_guru','예약 필수인가요?','2025-11-26 15:35:33'),(134,54,'bookworm','이런 곳이 있었네요!','2025-11-26 15:35:33'),(135,9,'photo_artist','숨은 명소네요!','2025-11-26 15:35:33'),(136,8,'fitness_guru','정보 공유 감사해요!','2025-11-26 15:35:33'),(137,8,'music_fan','데이트 코스로 좋을까요? ?','2025-11-26 15:35:33'),(138,15,'night_owl','사진 너무 예뻐요 ?','2025-11-26 15:35:33'),(139,15,'foodie_busan','웨이팅 있나요?','2025-11-26 15:35:33'),(140,15,'street_food','부산 여행 때 가봐야겠어요','2025-11-26 15:35:33'),(141,15,'mountain_hiker','저도 다녀왔는데 진짜 좋았어요!','2025-11-26 15:35:33'),(142,15,'bookworm','주차는 편한가요?','2025-11-26 15:35:33'),(143,15,'vintage_hunter','가격대가 어떻게 되나요?','2025-11-26 15:35:33'),(144,21,'foodie_busan','이런 곳이 있었네요!','2025-11-26 15:35:33'),(145,21,'travel_master','사진 보니까 가고 싶어져요','2025-11-26 15:35:33'),(146,21,'ocean_lover','강아지 동반 가능한가요? ?','2025-11-26 15:35:33'),(147,21,'daily_life','정보 공유 감사해요!','2025-11-26 15:35:33'),(148,21,'night_owl','저장해둘게요! ?','2025-11-26 15:35:33'),(149,21,'fitness_guru','숨은 명소네요!','2025-11-26 15:35:33'),(150,21,'fitness_guru','오 여기 가봐야겠네요!','2025-11-26 15:35:33'),(151,21,'ocean_lover','이런 곳이 있었네요!','2025-11-26 15:35:33'),(152,39,'night_owl','다음에 꼭 가볼게요!','2025-11-26 15:35:33'),(153,39,'morning_person','오 여기 가봐야겠네요!','2025-11-26 15:35:33'),(154,10,'bookworm','영업시간이 어떻게 되나요?','2025-11-26 15:35:33'),(155,10,'travel_master','데이트 코스로 좋을까요? ?','2025-11-26 15:35:33'),(156,10,'night_owl','사진 너무 예뻐요 ?','2025-11-26 15:35:33'),(157,10,'night_owl','사진 보니까 가고 싶어져요','2025-11-26 15:35:33'),(158,10,'ramen_addict','영업시간이 어떻게 되나요?','2025-11-26 15:35:33'),(159,10,'street_food','웨이팅 있나요?','2025-11-26 15:35:33'),(160,48,'pet_lover','숨은 명소네요!','2025-11-26 15:35:33'),(161,48,'night_owl','로컬 맛집이네요!','2025-11-26 15:35:33'),(162,48,'gamer_pro','사진 너무 예뻐요 ?','2025-11-26 15:35:33'),(163,48,'morning_person','메뉴 추천해주세요!','2025-11-26 15:35:33'),(164,48,'pet_lover','사진 보니까 가고 싶어져요','2025-11-26 15:35:33'),(165,63,'fitness_guru','사진 너무 예뻐요 ?','2025-11-26 15:35:33'),(166,63,'travel_master','사진 너무 예뻐요 ?','2025-11-26 15:35:33'),(167,63,'fitness_guru','메뉴 추천해주세요!','2025-11-26 15:35:33'),(168,63,'photo_artist','주차는 편한가요?','2025-11-26 15:35:33'),(169,63,'foodie_busan','가격대가 어떻게 되나요?','2025-11-26 15:35:33'),(170,30,'night_owl','메뉴 추천해주세요!','2025-11-26 15:35:33'),(171,56,'ocean_lover','오 여기 가봐야겠네요!','2025-11-26 15:35:33'),(172,56,'music_fan','주차는 편한가요?','2025-11-26 15:35:33'),(173,56,'mountain_hiker','숨은 명소네요!','2025-11-26 15:35:33'),(174,14,'daily_life','주차는 편한가요?','2025-11-26 15:35:33'),(175,14,'music_fan','분위기 어때요?','2025-11-26 15:35:33'),(176,14,'vintage_hunter','사진 너무 예뻐요 ?','2025-11-26 15:35:33'),(177,14,'dessert_queen','위치가 정확히 어디에요?','2025-11-26 15:35:33'),(178,14,'dessert_queen','오 여기 가봐야겠네요!','2025-11-26 15:35:33'),(179,14,'daily_life','주차는 편한가요?','2025-11-26 15:35:33'),(180,14,'mountain_hiker','위치가 정확히 어디에요?','2025-11-26 15:35:33'),(181,14,'foodie_busan','다음에 꼭 가볼게요!','2025-11-26 15:35:33'),(182,62,'pet_lover','숨은 명소네요!','2025-11-26 15:35:33'),(183,62,'street_food','저도 다녀왔는데 진짜 좋았어요!','2025-11-26 15:35:33'),(184,51,'morning_person','좋은 정보 감사합니다! ?','2025-11-26 15:35:33'),(185,51,'ocean_lover','사진 보니까 가고 싶어져요','2025-11-26 15:35:33'),(186,51,'foodie_busan','데이트 코스로 좋을까요? ?','2025-11-26 15:35:33'),(187,51,'ocean_lover','영업시간이 어떻게 되나요?','2025-11-26 15:35:33'),(188,51,'bookworm','다음에 꼭 가볼게요!','2025-11-26 15:35:33'),(189,51,'ramen_addict','저도 다녀왔는데 진짜 좋았어요!','2025-11-26 15:35:33'),(190,51,'fitness_guru','정보 공유 감사해요!','2025-11-26 15:35:33'),(191,51,'mountain_hiker','좋은 정보 감사합니다! ?','2025-11-26 15:35:33'),(192,55,'fitness_guru','예약 필수인가요?','2025-11-26 15:35:33'),(193,55,'vintage_hunter','오 여기 가봐야겠네요!','2025-11-26 15:35:33'),(194,55,'pet_lover','숨은 명소네요!','2025-11-26 15:35:33'),(195,55,'dessert_queen','이런 곳이 있었네요!','2025-11-26 15:35:33'),(196,55,'art_collector','메뉴 추천해주세요!','2025-11-26 15:35:33'),(197,55,'music_fan','영업시간이 어떻게 되나요?','2025-11-26 15:35:33'),(198,58,'art_collector','사진 너무 예뻐요 ?','2025-11-26 15:35:33'),(199,58,'fitness_guru','이런 곳이 있었네요!','2025-11-26 15:35:33'),(200,58,'foodie_busan','부산 여행 때 가봐야겠어요','2025-11-26 15:35:33'),(201,58,'ramen_addict','영업시간이 어떻게 되나요?','2025-11-26 15:35:33'),(202,28,'music_fan','혼자 가도 괜찮을까요?','2025-11-26 15:35:33'),(203,28,'music_fan','위치가 정확히 어디에요?','2025-11-26 15:35:33'),(204,28,'travel_master','좋은 정보 감사합니다! ?','2025-11-26 15:35:33'),(205,28,'ramen_addict','웨이팅 있나요?','2025-11-26 15:35:33'),(206,20,'photo_artist','메뉴 추천해주세요!','2025-11-26 15:35:33'),(207,20,'vintage_hunter','위치가 정확히 어디에요?','2025-11-26 15:35:33'),(208,20,'night_owl','사진 보니까 가고 싶어져요','2025-11-26 15:35:33'),(209,20,'music_fan','가격대가 어떻게 되나요?','2025-11-26 15:35:33'),(210,20,'music_fan','혼자 가도 괜찮을까요?','2025-11-26 15:35:33'),(211,36,'dessert_queen','웨이팅 있나요?','2025-11-26 15:35:33'),(212,36,'foodie_busan','아이랑 가도 될까요?','2025-11-26 15:35:33'),(213,36,'ramen_addict','예약 필수인가요?','2025-11-26 15:35:33'),(214,36,'bookworm','위치가 정확히 어디에요?','2025-11-26 15:35:33'),(215,35,'mountain_hiker','가격대가 어떻게 되나요?','2025-11-26 15:35:33'),(216,35,'night_owl','혼자 가도 괜찮을까요?','2025-11-26 15:35:33'),(217,35,'cafe_lover','주차는 편한가요?','2025-11-26 15:35:33'),(218,131,'pizza_lover','메뉴 추천해주세요!','2025-11-27 09:59:25'),(219,121,'wine_lover','오 여기 가봐야겠네요!','2025-11-27 09:59:25'),(220,121,'movie_buff','아이랑 가도 될까요?','2025-11-27 09:59:25'),(221,121,'fitness_guru','주차는 편한가요?','2025-11-27 09:59:25'),(222,209,'ramen_addict','가격대가 어떻게 되나요?','2025-11-27 09:59:25'),(223,209,'surfing_dude','사진 보니까 가고 싶어져요','2025-11-27 09:59:25'),(224,209,'foodie_busan','가격대가 어떻게 되나요?','2025-11-27 09:59:25'),(225,209,'gamer_pro','다음에 꼭 가볼게요!','2025-11-27 09:59:25'),(226,209,'gamer_pro','사진 너무 예뻐요 ?','2025-11-27 09:59:25'),(227,209,'bread_lover','사진 너무 예뻐요 ?','2025-11-27 09:59:25'),(228,209,'fitness_guru','정보 공유 감사해요!','2025-11-27 09:59:25'),(229,156,'fitness_guru','사진 너무 예뻐요 ?','2025-11-27 09:59:25'),(230,156,'plant_mom','여기 단골이에요 ㅎㅎ','2025-11-27 09:59:25'),(231,156,'fishing_pro','로컬 맛집이네요!','2025-11-27 09:59:25'),(232,156,'movie_buff','저장해둘게요! ?','2025-11-27 09:59:25'),(233,156,'night_owl','여기 단골이에요 ㅎㅎ','2025-11-27 09:59:25'),(234,156,'kimbap_queen','메뉴 추천해주세요!','2025-11-27 09:59:25'),(235,156,'foodie_busan','저도 다녀왔는데 진짜 좋았어요!','2025-11-27 09:59:25'),(236,156,'morning_person','예약 필수인가요?','2025-11-27 09:59:25'),(237,156,'movie_buff','좋은 정보 감사합니다! ?','2025-11-27 09:59:25'),(238,156,'idol_fan','영업시간이 어떻게 되나요?','2025-11-27 09:59:25'),(239,156,'photo_artist','저도 다녀왔는데 진짜 좋았어요!','2025-11-27 09:59:25'),(240,253,'movie_buff','저도 다녀왔는데 진짜 좋았어요!','2025-11-27 09:59:25'),(241,253,'surfing_dude','사진 보니까 가고 싶어져요','2025-11-27 09:59:25'),(242,253,'tea_master','웨이팅 있나요?','2025-11-27 09:59:25'),(243,253,'ice_cream','숨은 명소네요!','2025-11-27 09:59:25'),(244,222,'game_streamer','예약 필수인가요?','2025-11-27 09:59:25'),(245,222,'gamer_pro','사진 보니까 가고 싶어져요','2025-11-27 09:59:25'),(246,222,'dessert_queen','숨은 명소네요!','2025-11-27 09:59:25'),(247,112,'night_owl','다음에 꼭 가볼게요!','2025-11-27 09:59:25'),(248,112,'kimbap_queen','다음에 꼭 가볼게요!','2025-11-27 09:59:25'),(249,112,'vintage_hunter','가격대가 어떻게 되나요?','2025-11-27 09:59:25'),(250,112,'foodie_busan','주차는 편한가요?','2025-11-27 09:59:25'),(251,112,'night_owl','메뉴 추천해주세요!','2025-11-27 09:59:25'),(252,202,'mountain_hiker','웨이팅 있나요?','2025-11-27 09:59:25'),(253,202,'pizza_lover','정보 공유 감사해요!','2025-11-27 09:59:25'),(254,202,'ocean_lover','좋은 정보 감사합니다! ?','2025-11-27 09:59:25'),(255,202,'bbq_king','주차는 편한가요?','2025-11-27 09:59:25'),(256,202,'dessert_queen','데이트 코스로 좋을까요? ?','2025-11-27 09:59:25'),(257,202,'tteokbokki','이런 곳이 있었네요!','2025-11-27 09:59:25'),(258,202,'gamer_pro','다음에 꼭 가볼게요!','2025-11-27 09:59:25'),(259,202,'morning_person','이런 곳이 있었네요!','2025-11-27 09:59:25'),(260,217,'daily_life','부산 여행 때 가봐야겠어요','2025-11-27 09:59:25'),(261,217,'street_food','가격대가 어떻게 되나요?','2025-11-27 09:59:25'),(262,217,'music_fan','여기 단골이에요 ㅎㅎ','2025-11-27 09:59:25'),(263,217,'pet_lover','주차는 편한가요?','2025-11-27 09:59:25'),(264,217,'dessert_queen','오 여기 가봐야겠네요!','2025-11-27 09:59:25'),(265,217,'cocktail_bar','다음에 꼭 가볼게요!','2025-11-27 09:59:25'),(266,217,'night_owl','가격대가 어떻게 되나요?','2025-11-27 09:59:25'),(267,217,'runner_girl','좋은 정보 감사합니다! ?','2025-11-27 09:59:25'),(268,217,'photo_artist','여기 단골이에요 ㅎㅎ','2025-11-27 09:59:25'),(269,217,'mountain_hiker','강아지 동반 가능한가요? ?','2025-11-27 09:59:25'),(270,190,'art_collector','아이랑 가도 될까요?','2025-11-27 09:59:25'),(271,190,'kimbap_queen','웨이팅 있나요?','2025-11-27 09:59:25'),(272,190,'camping_fan','저장해둘게요! ?','2025-11-27 09:59:25'),(273,190,'art_collector','주차는 편한가요?','2025-11-27 09:59:25'),(274,190,'bread_lover','저장해둘게요! ?','2025-11-27 09:59:25'),(275,190,'ice_cream','아이랑 가도 될까요?','2025-11-27 09:59:25'),(276,95,'game_streamer','저장해둘게요! ?','2025-11-27 09:59:25'),(277,95,'bike_rider','저장해둘게요! ?','2025-11-27 09:59:25'),(278,135,'plant_mom','여기 단골이에요 ㅎㅎ','2025-11-27 09:59:25'),(279,135,'pizza_lover','위치가 정확히 어디에요?','2025-11-27 09:59:25'),(280,135,'morning_person','정보 공유 감사해요!','2025-11-27 09:59:25'),(281,135,'ocean_lover','아이랑 가도 될까요?','2025-11-27 09:59:25'),(282,135,'ramen_addict','로컬 맛집이네요!','2025-11-27 09:59:25'),(283,135,'travel_master','정보 공유 감사해요!','2025-11-27 09:59:25'),(284,135,'morning_person','부산 여행 때 가봐야겠어요','2025-11-27 09:59:25'),(285,113,'beer_master','아이랑 가도 될까요?','2025-11-27 09:59:25'),(286,113,'chicken_fan','사진 너무 예뻐요 ?','2025-11-27 09:59:25'),(287,113,'burger_hunter','사진 보니까 가고 싶어져요','2025-11-27 09:59:25'),(288,113,'soju_lover','이런 곳이 있었네요!','2025-11-27 09:59:25'),(289,113,'kimbap_queen','다음에 꼭 가볼게요!','2025-11-27 09:59:25'),(290,113,'dessert_queen','강아지 동반 가능한가요? ?','2025-11-27 09:59:25'),(291,113,'gamer_pro','혼자 가도 괜찮을까요?','2025-11-27 09:59:25'),(292,149,'kimbap_queen','아이랑 가도 될까요?','2025-11-27 09:59:25'),(293,149,'fitness_guru','예약 필수인가요?','2025-11-27 09:59:25'),(294,149,'surfing_dude','여기 단골이에요 ㅎㅎ','2025-11-27 09:59:25'),(295,189,'music_fan','사진 보니까 가고 싶어져요','2025-11-27 09:59:25'),(296,201,'bike_rider','예약 필수인가요?','2025-11-27 09:59:25'),(297,201,'wine_lover','주차는 편한가요?','2025-11-27 09:59:25'),(298,201,'morning_person','가격대가 어떻게 되나요?','2025-11-27 09:59:25'),(299,201,'street_food','가격대가 어떻게 되나요?','2025-11-27 09:59:25'),(300,201,'ocean_lover','여기 단골이에요 ㅎㅎ','2025-11-27 09:59:25'),(301,119,'dessert_queen','웨이팅 있나요?','2025-11-27 09:59:25'),(302,119,'daily_life','강아지 동반 가능한가요? ?','2025-11-27 09:59:25'),(303,119,'yoga_master','위치가 정확히 어디에요?','2025-11-27 09:59:25'),(304,119,'camping_fan','영업시간이 어떻게 되나요?','2025-11-27 09:59:25'),(305,119,'daily_life','다음에 꼭 가볼게요!','2025-11-27 09:59:25'),(306,119,'surfing_dude','사진 보니까 가고 싶어져요','2025-11-27 09:59:25'),(307,119,'kimbap_queen','좋은 정보 감사합니다! ?','2025-11-27 09:59:25'),(308,249,'vintage_hunter','사진 너무 예뻐요 ?','2025-11-27 09:59:25'),(309,249,'street_food','정보 공유 감사해요!','2025-11-27 09:59:25'),(310,249,'bike_rider','메뉴 추천해주세요!','2025-11-27 09:59:25'),(311,178,'idol_fan','강아지 동반 가능한가요? ?','2025-11-27 09:59:25'),(312,178,'chicken_fan','주차는 편한가요?','2025-11-27 09:59:25'),(313,224,'art_collector','영업시간이 어떻게 되나요?','2025-11-27 09:59:25'),(314,257,'kimbap_queen','숨은 명소네요!','2025-11-27 09:59:25'),(315,257,'beer_master','웨이팅 있나요?','2025-11-27 09:59:25'),(316,266,'bread_lover','웨이팅 있나요?','2025-11-27 09:59:25'),(317,140,'chicken_fan','부산 여행 때 가봐야겠어요','2025-11-27 09:59:25'),(318,244,'pizza_lover','주차는 편한가요?','2025-11-27 09:59:25'),(319,244,'art_collector','사진 보니까 가고 싶어져요','2025-11-27 09:59:25'),(320,166,'kimbap_queen','혼자 가도 괜찮을까요?','2025-11-27 09:59:25'),(321,166,'bbq_king','강아지 동반 가능한가요? ?','2025-11-27 09:59:25'),(322,166,'tea_master','정보 공유 감사해요!','2025-11-27 09:59:25'),(323,166,'drama_fan','분위기 어때요?','2025-11-27 09:59:25'),(324,166,'gamer_pro','영업시간이 어떻게 되나요?','2025-11-27 09:59:25'),(325,166,'morning_person','저도 다녀왔는데 진짜 좋았어요!','2025-11-27 09:59:25'),(326,166,'tteokbokki','가격대가 어떻게 되나요?','2025-11-27 09:59:25'),(327,166,'beer_master','다음에 꼭 가볼게요!','2025-11-27 09:59:25'),(328,153,'cafe_lover','위치가 정확히 어디에요?','2025-11-27 09:59:25'),(329,153,'yoga_master','저장해둘게요! ?','2025-11-27 09:59:25'),(330,153,'photo_artist','영업시간이 어떻게 되나요?','2025-11-27 09:59:25'),(331,127,'bbq_king','영업시간이 어떻게 되나요?','2025-11-27 09:59:25'),(332,127,'diy_maker','위치가 정확히 어디에요?','2025-11-27 09:59:25'),(333,127,'fitness_guru','가격대가 어떻게 되나요?','2025-11-27 09:59:25'),(334,127,'beer_master','정보 공유 감사해요!','2025-11-27 09:59:25'),(335,127,'tteokbokki','예약 필수인가요?','2025-11-27 09:59:25'),(336,127,'fishing_pro','아이랑 가도 될까요?','2025-11-27 09:59:25'),(337,127,'tea_master','웨이팅 있나요?','2025-11-27 09:59:25'),(338,127,'idol_fan','오 여기 가봐야겠네요!','2025-11-27 09:59:25'),(339,128,'beer_master','부산 여행 때 가봐야겠어요','2025-11-27 09:59:25'),(340,128,'daily_life','정보 공유 감사해요!','2025-11-27 09:59:25'),(341,128,'daily_life','좋은 정보 감사합니다! ?','2025-11-27 09:59:25'),(342,128,'music_fan','메뉴 추천해주세요!','2025-11-27 09:59:25'),(343,128,'photo_artist','분위기 어때요?','2025-11-27 09:59:25'),(344,128,'gamer_pro','분위기 어때요?','2025-11-27 09:59:25'),(345,128,'sushi_master','주차는 편한가요?','2025-11-27 09:59:25'),(346,128,'camping_fan','혼자 가도 괜찮을까요?','2025-11-27 09:59:25'),(347,128,'vintage_hunter','다음에 꼭 가볼게요!','2025-11-27 09:59:25'),(348,247,'chicken_fan','강아지 동반 가능한가요? ?','2025-11-27 09:59:25'),(349,247,'street_food','좋은 정보 감사합니다! ?','2025-11-27 09:59:25'),(350,247,'burger_hunter','데이트 코스로 좋을까요? ?','2025-11-27 09:59:25'),(351,247,'vintage_hunter','저장해둘게요! ?','2025-11-27 09:59:25'),(352,247,'fishing_pro','메뉴 추천해주세요!','2025-11-27 09:59:25'),(353,247,'plant_mom','가격대가 어떻게 되나요?','2025-11-27 09:59:25'),(354,247,'surfing_dude','웨이팅 있나요?','2025-11-27 09:59:25'),(355,247,'ocean_lover','다음에 꼭 가볼게요!','2025-11-27 09:59:25'),(356,247,'pizza_lover','가격대가 어떻게 되나요?','2025-11-27 09:59:25'),(357,247,'ocean_lover','정보 공유 감사해요!','2025-11-27 09:59:25'),(358,247,'chicken_fan','저장해둘게요! ?','2025-11-27 09:59:25'),(359,123,'gamer_pro','영업시간이 어떻게 되나요?','2025-11-27 09:59:25'),(360,123,'beer_master','주차는 편한가요?','2025-11-27 09:59:25'),(361,123,'game_streamer','이런 곳이 있었네요!','2025-11-27 09:59:25'),(362,123,'travel_master','데이트 코스로 좋을까요? ?','2025-11-27 09:59:25'),(363,123,'yoga_master','정보 공유 감사해요!','2025-11-27 09:59:25'),(364,123,'camping_fan','가격대가 어떻게 되나요?','2025-11-27 09:59:25'),(365,123,'pizza_lover','정보 공유 감사해요!','2025-11-27 09:59:25'),(366,123,'wine_lover','숨은 명소네요!','2025-11-27 09:59:25'),(367,123,'game_streamer','위치가 정확히 어디에요?','2025-11-27 09:59:25'),(368,123,'game_streamer','좋은 정보 감사합니다! ?','2025-11-27 09:59:25'),(369,125,'street_food','주차는 편한가요?','2025-11-27 09:59:25'),(370,87,'morning_person','부산 여행 때 가봐야겠어요','2025-11-27 09:59:25'),(371,87,'beer_master','사진 너무 예뻐요 ?','2025-11-27 09:59:25'),(372,87,'wine_lover','메뉴 추천해주세요!','2025-11-27 09:59:25'),(373,87,'game_streamer','가격대가 어떻게 되나요?','2025-11-27 09:59:25'),(374,185,'cocktail_bar','메뉴 추천해주세요!','2025-11-27 09:59:25'),(375,185,'photo_artist','오 여기 가봐야겠네요!','2025-11-27 09:59:25'),(376,185,'cafe_lover','다음에 꼭 가볼게요!','2025-11-27 09:59:25'),(377,185,'music_fan','아이랑 가도 될까요?','2025-11-27 09:59:25'),(378,185,'travel_master','다음에 꼭 가볼게요!','2025-11-27 09:59:25'),(379,185,'beer_master','사진 너무 예뻐요 ?','2025-11-27 09:59:25'),(380,185,'plant_mom','여기 단골이에요 ㅎㅎ','2025-11-27 09:59:25'),(381,185,'sushi_master','부산 여행 때 가봐야겠어요','2025-11-27 09:59:25'),(382,195,'travel_master','로컬 맛집이네요!','2025-11-27 09:59:25'),(383,195,'music_fan','아이랑 가도 될까요?','2025-11-27 09:59:25'),(384,175,'bread_lover','저장해둘게요! ?','2025-11-27 09:59:25'),(385,175,'diy_maker','혼자 가도 괜찮을까요?','2025-11-27 09:59:25'),(386,175,'travel_master','숨은 명소네요!','2025-11-27 09:59:25'),(387,175,'pizza_lover','예약 필수인가요?','2025-11-27 09:59:25'),(388,175,'tea_master','이런 곳이 있었네요!','2025-11-27 09:59:25'),(389,175,'photo_artist','가격대가 어떻게 되나요?','2025-11-27 09:59:25'),(390,102,'art_collector','예약 필수인가요?','2025-11-27 09:59:25'),(391,102,'wine_lover','주차는 편한가요?','2025-11-27 09:59:25'),(392,102,'movie_buff','부산 여행 때 가봐야겠어요','2025-11-27 09:59:25'),(393,102,'soju_lover','웨이팅 있나요?','2025-11-27 09:59:25'),(394,158,'game_streamer','저장해둘게요! ?','2025-11-27 09:59:25'),(395,158,'mountain_hiker','다음에 꼭 가볼게요!','2025-11-27 09:59:25'),(396,158,'runner_girl','사진 너무 예뻐요 ?','2025-11-27 09:59:25'),(397,158,'dessert_queen','위치가 정확히 어디에요?','2025-11-27 09:59:25'),(398,158,'street_food','저장해둘게요! ?','2025-11-27 09:59:25'),(399,108,'mountain_hiker','웨이팅 있나요?','2025-11-27 09:59:25'),(400,108,'runner_girl','아이랑 가도 될까요?','2025-11-27 09:59:25'),(401,108,'diy_maker','예약 필수인가요?','2025-11-27 09:59:25'),(402,108,'wine_lover','위치가 정확히 어디에요?','2025-11-27 09:59:25'),(403,108,'dessert_queen','다음에 꼭 가볼게요!','2025-11-27 09:59:25'),(404,172,'foodie_busan','로컬 맛집이네요!','2025-11-27 09:59:25'),(405,172,'burger_hunter','좋은 정보 감사합니다! ?','2025-11-27 09:59:25'),(406,172,'wine_lover','사진 보니까 가고 싶어져요','2025-11-27 09:59:25'),(407,172,'fishing_pro','데이트 코스로 좋을까요? ?','2025-11-27 09:59:25'),(408,172,'yoga_master','강아지 동반 가능한가요? ?','2025-11-27 09:59:25'),(409,172,'wine_lover','혼자 가도 괜찮을까요?','2025-11-27 09:59:25'),(410,172,'ocean_lover','메뉴 추천해주세요!','2025-11-27 09:59:25'),(411,172,'mountain_hiker','데이트 코스로 좋을까요? ?','2025-11-27 09:59:25'),(412,172,'game_streamer','아이랑 가도 될까요?','2025-11-27 09:59:25'),(413,172,'night_owl','아이랑 가도 될까요?','2025-11-27 09:59:25'),(414,172,'bike_rider','혼자 가도 괜찮을까요?','2025-11-27 09:59:25'),(415,103,'ocean_lover','영업시간이 어떻게 되나요?','2025-11-27 09:59:25'),(416,164,'idol_fan','사진 너무 예뻐요 ?','2025-11-27 09:59:25'),(417,164,'daily_life','정보 공유 감사해요!','2025-11-27 09:59:25'),(418,164,'music_fan','저도 다녀왔는데 진짜 좋았어요!','2025-11-27 09:59:25'),(419,164,'bike_rider','정보 공유 감사해요!','2025-11-27 09:59:25'),(420,164,'vintage_hunter','다음에 꼭 가볼게요!','2025-11-27 09:59:25'),(421,164,'sushi_master','다음에 꼭 가볼게요!','2025-11-27 09:59:25'),(422,164,'gamer_pro','숨은 명소네요!','2025-11-27 09:59:25'),(423,164,'cocktail_bar','부산 여행 때 가봐야겠어요','2025-11-27 09:59:25'),(424,164,'fishing_pro','혼자 가도 괜찮을까요?','2025-11-27 09:59:25'),(425,164,'burger_hunter','위치가 정확히 어디에요?','2025-11-27 09:59:25'),(426,180,'dessert_queen','저장해둘게요! ?','2025-11-27 09:59:25'),(427,180,'game_streamer','사진 보니까 가고 싶어져요','2025-11-27 09:59:25'),(428,180,'vintage_hunter','위치가 정확히 어디에요?','2025-11-27 09:59:25'),(429,180,'travel_master','영업시간이 어떻게 되나요?','2025-11-27 09:59:25'),(430,180,'fitness_guru','이런 곳이 있었네요!','2025-11-27 09:59:25'),(431,180,'diy_maker','가격대가 어떻게 되나요?','2025-11-27 09:59:25'),(432,196,'idol_fan','부산 여행 때 가봐야겠어요','2025-11-27 09:59:25'),(433,150,'soju_lover','저도 다녀왔는데 진짜 좋았어요!','2025-11-27 09:59:25'),(434,150,'morning_person','아이랑 가도 될까요?','2025-11-27 09:59:25'),(435,150,'wine_lover','정보 공유 감사해요!','2025-11-27 09:59:25'),(436,101,'cafe_lover','혼자 가도 괜찮을까요?','2025-11-27 09:59:25'),(437,101,'fishing_pro','영업시간이 어떻게 되나요?','2025-11-27 09:59:25'),(438,97,'yoga_master','이런 곳이 있었네요!','2025-11-27 09:59:25'),(439,97,'fitness_guru','로컬 맛집이네요!','2025-11-27 09:59:25'),(440,97,'bread_lover','저도 다녀왔는데 진짜 좋았어요!','2025-11-27 09:59:25'),(441,97,'burger_hunter','사진 보니까 가고 싶어져요','2025-11-27 09:59:25'),(442,97,'chicken_fan','데이트 코스로 좋을까요? ?','2025-11-27 09:59:25'),(443,97,'mountain_hiker','사진 보니까 가고 싶어져요','2025-11-27 09:59:25'),(444,97,'sushi_master','저장해둘게요! ?','2025-11-27 09:59:25'),(445,139,'morning_person','영업시간이 어떻게 되나요?','2025-11-27 09:59:25'),(446,139,'travel_master','영업시간이 어떻게 되나요?','2025-11-27 09:59:25'),(447,139,'burger_hunter','오 여기 가봐야겠네요!','2025-11-27 09:59:25'),(448,111,'cafe_lover','다음에 꼭 가볼게요!','2025-11-27 09:59:25'),(449,111,'cafe_lover','데이트 코스로 좋을까요? ?','2025-11-27 09:59:25'),(450,111,'beer_master','혼자 가도 괜찮을까요?','2025-11-27 09:59:25'),(451,111,'music_fan','분위기 어때요?','2025-11-27 09:59:25'),(452,111,'bbq_king','숨은 명소네요!','2025-11-27 09:59:25'),(453,111,'dessert_queen','데이트 코스로 좋을까요? ?','2025-11-27 09:59:25'),(454,111,'plant_mom','주차는 편한가요?','2025-11-27 09:59:25'),(455,111,'ice_cream','아이랑 가도 될까요?','2025-11-27 09:59:25'),(456,111,'burger_hunter','다음에 꼭 가볼게요!','2025-11-27 09:59:25'),(457,111,'plant_mom','여기 단골이에요 ㅎㅎ','2025-11-27 09:59:25'),(458,111,'dessert_queen','이런 곳이 있었네요!','2025-11-27 09:59:25'),(459,122,'travel_master','가격대가 어떻게 되나요?','2025-11-27 09:59:25'),(460,122,'mountain_hiker','이런 곳이 있었네요!','2025-11-27 09:59:25'),(461,122,'dessert_queen','이런 곳이 있었네요!','2025-11-27 09:59:25'),(462,122,'bike_rider','숨은 명소네요!','2025-11-27 09:59:25'),(463,122,'drama_fan','혼자 가도 괜찮을까요?','2025-11-27 09:59:25'),(464,122,'cafe_lover','강아지 동반 가능한가요? ?','2025-11-27 09:59:25'),(465,122,'ocean_lover','강아지 동반 가능한가요? ?','2025-11-27 09:59:25'),(466,122,'night_owl','영업시간이 어떻게 되나요?','2025-11-27 09:59:25'),(467,122,'foodie_busan','데이트 코스로 좋을까요? ?','2025-11-27 09:59:25'),(468,75,'burger_hunter','사진 너무 예뻐요 ?','2025-11-27 09:59:25'),(469,75,'daily_life','로컬 맛집이네요!','2025-11-27 09:59:25'),(470,75,'beer_master','숨은 명소네요!','2025-11-27 09:59:25'),(471,75,'runner_girl','주차는 편한가요?','2025-11-27 09:59:25'),(472,75,'wine_lover','데이트 코스로 좋을까요? ?','2025-11-27 09:59:25'),(473,75,'ocean_lover','로컬 맛집이네요!','2025-11-27 09:59:25'),(474,75,'mountain_hiker','이런 곳이 있었네요!','2025-11-27 09:59:25'),(475,146,'pizza_lover','사진 너무 예뻐요 ?','2025-11-27 09:59:25'),(476,146,'photo_artist','이런 곳이 있었네요!','2025-11-27 09:59:25'),(477,146,'runner_girl','분위기 어때요?','2025-11-27 09:59:25'),(478,146,'pet_lover','분위기 어때요?','2025-11-27 09:59:25'),(479,260,'surfing_dude','숨은 명소네요!','2025-11-27 09:59:25'),(480,260,'bbq_king','주차는 편한가요?','2025-11-27 09:59:25'),(481,260,'art_collector','다음에 꼭 가볼게요!','2025-11-27 09:59:25'),(482,157,'bookworm','저장해둘게요! ?','2025-11-27 09:59:25'),(483,157,'vintage_hunter','주차는 편한가요?','2025-11-27 09:59:25'),(484,157,'movie_buff','영업시간이 어떻게 되나요?','2025-11-27 09:59:25'),(485,157,'cocktail_bar','여기 단골이에요 ㅎㅎ','2025-11-27 09:59:26'),(486,157,'cocktail_bar','예약 필수인가요?','2025-11-27 09:59:26'),(487,157,'bookworm','사진 보니까 가고 싶어져요','2025-11-27 09:59:26'),(488,157,'tteokbokki','사진 보니까 가고 싶어져요','2025-11-27 09:59:26'),(489,157,'wine_lover','주차는 편한가요?','2025-11-27 09:59:26'),(490,157,'soju_lover','여기 단골이에요 ㅎㅎ','2025-11-27 09:59:26'),(491,100,'wine_lover','오 여기 가봐야겠네요!','2025-11-27 09:59:26'),(492,100,'fishing_pro','가격대가 어떻게 되나요?','2025-11-27 09:59:26'),(493,100,'camping_fan','아이랑 가도 될까요?','2025-11-27 09:59:26'),(494,100,'plant_mom','좋은 정보 감사합니다! ?','2025-11-27 09:59:26'),(495,100,'drama_fan','다음에 꼭 가볼게요!','2025-11-27 09:59:26'),(496,100,'gamer_pro','강아지 동반 가능한가요? ?','2025-11-27 09:59:26'),(497,100,'yoga_master','예약 필수인가요?','2025-11-27 09:59:26'),(498,100,'beer_master','아이랑 가도 될까요?','2025-11-27 09:59:26'),(499,100,'surfing_dude','정보 공유 감사해요!','2025-11-27 09:59:26'),(500,225,'mountain_hiker','사진 너무 예뻐요 ?','2025-11-27 09:59:26'),(501,225,'ramen_addict','데이트 코스로 좋을까요? ?','2025-11-27 09:59:26'),(502,167,'ocean_lover','강아지 동반 가능한가요? ?','2025-11-27 09:59:26'),(503,167,'foodie_busan','오 여기 가봐야겠네요!','2025-11-27 09:59:26'),(504,167,'music_fan','아이랑 가도 될까요?','2025-11-27 09:59:26'),(505,167,'pet_lover','데이트 코스로 좋을까요? ?','2025-11-27 09:59:26'),(506,167,'drama_fan','저도 다녀왔는데 진짜 좋았어요!','2025-11-27 09:59:26'),(507,167,'night_owl','혼자 가도 괜찮을까요?','2025-11-27 09:59:26'),(508,167,'camping_fan','좋은 정보 감사합니다! ?','2025-11-27 09:59:26'),(509,220,'ice_cream','숨은 명소네요!','2025-11-27 09:59:26'),(510,220,'runner_girl','혼자 가도 괜찮을까요?','2025-11-27 09:59:26'),(511,220,'bike_rider','부산 여행 때 가봐야겠어요','2025-11-27 09:59:26'),(512,220,'pizza_lover','예약 필수인가요?','2025-11-27 09:59:26'),(513,220,'ocean_lover','웨이팅 있나요?','2025-11-27 09:59:26'),(514,220,'surfing_dude','강아지 동반 가능한가요? ?','2025-11-27 09:59:26'),(515,259,'bread_lover','로컬 맛집이네요!','2025-11-27 09:59:26'),(516,259,'plant_mom','사진 보니까 가고 싶어져요','2025-11-27 09:59:26'),(517,259,'beer_master','오 여기 가봐야겠네요!','2025-11-27 09:59:26'),(518,259,'chicken_fan','메뉴 추천해주세요!','2025-11-27 09:59:26'),(519,259,'cafe_lover','가격대가 어떻게 되나요?','2025-11-27 09:59:26'),(520,259,'ice_cream','저도 다녀왔는데 진짜 좋았어요!','2025-11-27 09:59:26'),(521,259,'fitness_guru','사진 너무 예뻐요 ?','2025-11-27 09:59:26'),(522,259,'music_fan','데이트 코스로 좋을까요? ?','2025-11-27 09:59:26'),(523,259,'vintage_hunter','메뉴 추천해주세요!','2025-11-27 09:59:26'),(524,259,'cocktail_bar','로컬 맛집이네요!','2025-11-27 09:59:26'),(525,259,'fishing_pro','좋은 정보 감사합니다! ?','2025-11-27 09:59:26'),(526,259,'fishing_pro','데이트 코스로 좋을까요? ?','2025-11-27 09:59:26'),(527,221,'camping_fan','데이트 코스로 좋을까요? ?','2025-11-27 09:59:26'),(528,221,'camping_fan','혼자 가도 괜찮을까요?','2025-11-27 09:59:26'),(529,221,'pizza_lover','가격대가 어떻게 되나요?','2025-11-27 09:59:26'),(530,221,'burger_hunter','좋은 정보 감사합니다! ?','2025-11-27 09:59:26'),(531,221,'night_owl','강아지 동반 가능한가요? ?','2025-11-27 09:59:26'),(532,221,'dessert_queen','혼자 가도 괜찮을까요?','2025-11-27 09:59:26'),(533,200,'gamer_pro','저장해둘게요! ?','2025-11-27 09:59:26'),(534,200,'sushi_master','예약 필수인가요?','2025-11-27 09:59:26'),(535,200,'bbq_king','숨은 명소네요!','2025-11-27 09:59:26'),(536,200,'pet_lover','사진 너무 예뻐요 ?','2025-11-27 09:59:26'),(537,200,'dessert_queen','이런 곳이 있었네요!','2025-11-27 09:59:26'),(538,200,'tea_master','이런 곳이 있었네요!','2025-11-27 09:59:26'),(539,200,'bread_lover','메뉴 추천해주세요!','2025-11-27 09:59:26'),(540,200,'fitness_guru','다음에 꼭 가볼게요!','2025-11-27 09:59:26'),(541,200,'diy_maker','숨은 명소네요!','2025-11-27 09:59:26'),(542,200,'cafe_lover','예약 필수인가요?','2025-11-27 09:59:26'),(543,200,'yoga_master','저도 다녀왔는데 진짜 좋았어요!','2025-11-27 09:59:26'),(544,200,'ocean_lover','혼자 가도 괜찮을까요?','2025-11-27 09:59:26'),(545,129,'sushi_master','아이랑 가도 될까요?','2025-11-27 09:59:26'),(546,129,'beer_master','좋은 정보 감사합니다! ?','2025-11-27 09:59:26'),(547,129,'travel_master','영업시간이 어떻게 되나요?','2025-11-27 09:59:26'),(548,106,'sushi_master','저장해둘게요! ?','2025-11-27 09:59:26'),(549,106,'travel_master','오 여기 가봐야겠네요!','2025-11-27 09:59:26'),(550,106,'foodie_busan','이런 곳이 있었네요!','2025-11-27 09:59:26'),(551,106,'mountain_hiker','웨이팅 있나요?','2025-11-27 09:59:26'),(552,106,'fishing_pro','주차는 편한가요?','2025-11-27 09:59:26'),(553,106,'fishing_pro','영업시간이 어떻게 되나요?','2025-11-27 09:59:26'),(554,106,'foodie_busan','오 여기 가봐야겠네요!','2025-11-27 09:59:26'),(555,106,'idol_fan','정보 공유 감사해요!','2025-11-27 09:59:26'),(556,106,'fishing_pro','좋은 정보 감사합니다! ?','2025-11-27 09:59:26'),(557,106,'gamer_pro','다음에 꼭 가볼게요!','2025-11-27 09:59:26'),(558,159,'music_fan','사진 보니까 가고 싶어져요','2025-11-27 09:59:26'),(559,159,'cafe_lover','위치가 정확히 어디에요?','2025-11-27 09:59:26'),(560,159,'pet_lover','예약 필수인가요?','2025-11-27 09:59:26'),(561,159,'photo_artist','오 여기 가봐야겠네요!','2025-11-27 09:59:26'),(562,115,'pizza_lover','메뉴 추천해주세요!','2025-11-27 09:59:26'),(563,115,'night_owl','혼자 가도 괜찮을까요?','2025-11-27 09:59:26'),(564,115,'cocktail_bar','영업시간이 어떻게 되나요?','2025-11-27 09:59:26'),(565,115,'dessert_queen','다음에 꼭 가볼게요!','2025-11-27 09:59:26'),(566,115,'cocktail_bar','영업시간이 어떻게 되나요?','2025-11-27 09:59:26'),(567,115,'foodie_busan','혼자 가도 괜찮을까요?','2025-11-27 09:59:26'),(568,115,'chicken_fan','저장해둘게요! ?','2025-11-27 09:59:26'),(569,115,'street_food','사진 보니까 가고 싶어져요','2025-11-27 09:59:26'),(570,115,'game_streamer','사진 보니까 가고 싶어져요','2025-11-27 09:59:26'),(571,115,'photo_artist','웨이팅 있나요?','2025-11-27 09:59:26'),(572,90,'surfing_dude','위치가 정확히 어디에요?','2025-11-27 09:59:26'),(573,90,'burger_hunter','오 여기 가봐야겠네요!','2025-11-27 09:59:26'),(574,90,'tteokbokki','혼자 가도 괜찮을까요?','2025-11-27 09:59:26'),(575,261,'camping_fan','메뉴 추천해주세요!','2025-11-27 09:59:26'),(576,261,'idol_fan','강아지 동반 가능한가요? ?','2025-11-27 09:59:26'),(577,261,'vintage_hunter','다음에 꼭 가볼게요!','2025-11-27 09:59:26'),(578,261,'ocean_lover','강아지 동반 가능한가요? ?','2025-11-27 09:59:26'),(579,261,'sushi_master','영업시간이 어떻게 되나요?','2025-11-27 09:59:26'),(580,261,'tteokbokki','사진 보니까 가고 싶어져요','2025-11-27 09:59:26'),(581,261,'bookworm','저도 다녀왔는데 진짜 좋았어요!','2025-11-27 09:59:26'),(582,254,'camping_fan','메뉴 추천해주세요!','2025-11-27 09:59:26'),(583,254,'ocean_lover','주차는 편한가요?','2025-11-27 09:59:26'),(584,254,'tteokbokki','예약 필수인가요?','2025-11-27 09:59:26'),(585,254,'foodie_busan','저장해둘게요! ?','2025-11-27 09:59:26'),(586,254,'travel_master','위치가 정확히 어디에요?','2025-11-27 09:59:26'),(587,254,'soju_lover','숨은 명소네요!','2025-11-27 09:59:26'),(588,254,'art_collector','아이랑 가도 될까요?','2025-11-27 09:59:26'),(589,254,'drama_fan','여기 단골이에요 ㅎㅎ','2025-11-27 09:59:26'),(590,248,'pizza_lover','사진 보니까 가고 싶어져요','2025-11-27 09:59:26'),(591,155,'gamer_pro','아이랑 가도 될까요?','2025-11-27 09:59:26'),(592,155,'vintage_hunter','숨은 명소네요!','2025-11-27 09:59:26'),(593,155,'street_food','강아지 동반 가능한가요? ?','2025-11-27 09:59:26'),(594,155,'pet_lover','좋은 정보 감사합니다! ?','2025-11-27 09:59:26'),(595,155,'diy_maker','분위기 어때요?','2025-11-27 09:59:26'),(596,155,'vintage_hunter','사진 너무 예뻐요 ?','2025-11-27 09:59:26'),(597,155,'dessert_queen','주차는 편한가요?','2025-11-27 09:59:26'),(598,155,'gamer_pro','강아지 동반 가능한가요? ?','2025-11-27 09:59:26'),(599,155,'tea_master','다음에 꼭 가볼게요!','2025-11-27 09:59:26'),(600,155,'chicken_fan','데이트 코스로 좋을까요? ?','2025-11-27 09:59:26'),(601,155,'diy_maker','로컬 맛집이네요!','2025-11-27 09:59:26'),(602,255,'fishing_pro','다음에 꼭 가볼게요!','2025-11-27 09:59:26'),(603,255,'bbq_king','가격대가 어떻게 되나요?','2025-11-27 09:59:26'),(604,255,'fishing_pro','저도 다녀왔는데 진짜 좋았어요!','2025-11-27 09:59:26'),(605,255,'cafe_lover','이런 곳이 있었네요!','2025-11-27 09:59:26'),(606,255,'bread_lover','사진 보니까 가고 싶어져요','2025-11-27 09:59:26'),(607,255,'beer_master','여기 단골이에요 ㅎㅎ','2025-11-27 09:59:26'),(608,255,'wine_lover','저도 다녀왔는데 진짜 좋았어요!','2025-11-27 09:59:26'),(609,179,'gamer_pro','메뉴 추천해주세요!','2025-11-27 09:59:26'),(610,179,'street_food','저장해둘게요! ?','2025-11-27 09:59:26'),(611,219,'burger_hunter','사진 너무 예뻐요 ?','2025-11-27 09:59:26'),(612,184,'morning_person','영업시간이 어떻게 되나요?','2025-11-27 09:59:26'),(613,184,'soju_lover','로컬 맛집이네요!','2025-11-27 09:59:26'),(614,184,'fitness_guru','숨은 명소네요!','2025-11-27 09:59:26'),(615,184,'game_streamer','분위기 어때요?','2025-11-27 09:59:26'),(616,184,'gamer_pro','데이트 코스로 좋을까요? ?','2025-11-27 09:59:26'),(617,184,'ramen_addict','웨이팅 있나요?','2025-11-27 09:59:26'),(618,184,'morning_person','가격대가 어떻게 되나요?','2025-11-27 09:59:26'),(619,184,'art_collector','저장해둘게요! ?','2025-11-27 09:59:26'),(620,184,'fishing_pro','여기 단골이에요 ㅎㅎ','2025-11-27 09:59:26'),(621,184,'tea_master','영업시간이 어떻게 되나요?','2025-11-27 09:59:26'),(622,184,'pizza_lover','분위기 어때요?','2025-11-27 09:59:26'),(623,94,'diy_maker','사진 보니까 가고 싶어져요','2025-11-27 09:59:26'),(624,94,'ocean_lover','다음에 꼭 가볼게요!','2025-11-27 09:59:26'),(625,94,'chicken_fan','숨은 명소네요!','2025-11-27 09:59:26'),(626,94,'burger_hunter','가격대가 어떻게 되나요?','2025-11-27 09:59:26'),(627,94,'photo_artist','분위기 어때요?','2025-11-27 09:59:26'),(628,94,'pet_lover','저장해둘게요! ?','2025-11-27 09:59:26'),(629,94,'bbq_king','영업시간이 어떻게 되나요?','2025-11-27 09:59:26'),(630,94,'ramen_addict','여기 단골이에요 ㅎㅎ','2025-11-27 09:59:26'),(631,94,'plant_mom','영업시간이 어떻게 되나요?','2025-11-27 09:59:26'),(632,94,'diy_maker','예약 필수인가요?','2025-11-27 09:59:26'),(633,83,'daily_life','사진 보니까 가고 싶어져요','2025-11-27 09:59:26'),(634,83,'pet_lover','좋은 정보 감사합니다! ?','2025-11-27 09:59:26'),(635,83,'runner_girl','위치가 정확히 어디에요?','2025-11-27 09:59:26'),(636,83,'diy_maker','예약 필수인가요?','2025-11-27 09:59:26'),(637,83,'runner_girl','로컬 맛집이네요!','2025-11-27 09:59:26'),(638,83,'cafe_lover','여기 단골이에요 ㅎㅎ','2025-11-27 09:59:26'),(639,70,'ice_cream','좋은 정보 감사합니다! ?','2025-11-27 09:59:26'),(640,70,'mountain_hiker','혼자 가도 괜찮을까요?','2025-11-27 09:59:26'),(641,70,'gamer_pro','로컬 맛집이네요!','2025-11-27 09:59:26'),(642,70,'wine_lover','저도 다녀왔는데 진짜 좋았어요!','2025-11-27 09:59:26'),(643,147,'movie_buff','혼자 가도 괜찮을까요?','2025-11-27 09:59:26'),(644,147,'art_collector','웨이팅 있나요?','2025-11-27 09:59:26'),(645,147,'idol_fan','정보 공유 감사해요!','2025-11-27 09:59:26'),(646,147,'morning_person','메뉴 추천해주세요!','2025-11-27 09:59:26'),(647,147,'pizza_lover','저도 다녀왔는데 진짜 좋았어요!','2025-11-27 09:59:26'),(648,147,'ice_cream','데이트 코스로 좋을까요? ?','2025-11-27 09:59:26'),(649,147,'mountain_hiker','사진 너무 예뻐요 ?','2025-11-27 09:59:26'),(650,147,'travel_master','영업시간이 어떻게 되나요?','2025-11-27 09:59:26'),(651,147,'bbq_king','오 여기 가봐야겠네요!','2025-11-27 09:59:26'),(652,147,'bread_lover','이런 곳이 있었네요!','2025-11-27 09:59:26'),(653,236,'bbq_king','영업시간이 어떻게 되나요?','2025-11-27 09:59:26'),(654,236,'street_food','주차는 편한가요?','2025-11-27 09:59:26'),(655,236,'bread_lover','다음에 꼭 가볼게요!','2025-11-27 09:59:26'),(656,236,'sushi_master','혼자 가도 괜찮을까요?','2025-11-27 09:59:26'),(657,236,'plant_mom','부산 여행 때 가봐야겠어요','2025-11-27 09:59:26'),(658,236,'tteokbokki','영업시간이 어떻게 되나요?','2025-11-27 09:59:26'),(659,236,'daily_life','데이트 코스로 좋을까요? ?','2025-11-27 09:59:26'),(660,236,'yoga_master','가격대가 어떻게 되나요?','2025-11-27 09:59:26'),(661,177,'pizza_lover','여기 단골이에요 ㅎㅎ','2025-11-27 09:59:26'),(662,88,'photo_artist','부산 여행 때 가봐야겠어요','2025-11-27 09:59:26'),(663,246,'music_fan','이런 곳이 있었네요!','2025-11-27 09:59:26'),(664,246,'art_collector','혼자 가도 괜찮을까요?','2025-11-27 09:59:26'),(665,246,'photo_artist','부산 여행 때 가봐야겠어요','2025-11-27 09:59:26'),(666,246,'music_fan','혼자 가도 괜찮을까요?','2025-11-27 09:59:26'),(667,228,'yoga_master','로컬 맛집이네요!','2025-11-27 09:59:26'),(668,228,'idol_fan','가격대가 어떻게 되나요?','2025-11-27 09:59:26'),(669,228,'chicken_fan','여기 단골이에요 ㅎㅎ','2025-11-27 09:59:26'),(670,228,'plant_mom','로컬 맛집이네요!','2025-11-27 09:59:26'),(671,235,'morning_person','위치가 정확히 어디에요?','2025-11-27 09:59:26'),(672,235,'street_food','저도 다녀왔는데 진짜 좋았어요!','2025-11-27 09:59:26'),(673,235,'photo_artist','여기 단골이에요 ㅎㅎ','2025-11-27 09:59:26'),(674,235,'bread_lover','부산 여행 때 가봐야겠어요','2025-11-27 09:59:26'),(675,235,'burger_hunter','숨은 명소네요!','2025-11-27 09:59:26'),(676,235,'street_food','저장해둘게요! ?','2025-11-27 09:59:26'),(677,235,'ice_cream','사진 너무 예뻐요 ?','2025-11-27 09:59:26'),(678,235,'game_streamer','정보 공유 감사해요!','2025-11-27 09:59:26'),(679,235,'surfing_dude','저장해둘게요! ?','2025-11-27 09:59:26'),(680,229,'drama_fan','주차는 편한가요?','2025-11-27 09:59:26'),(681,229,'camping_fan','오 여기 가봐야겠네요!','2025-11-27 09:59:26'),(682,229,'pizza_lover','여기 단골이에요 ㅎㅎ','2025-11-27 09:59:26'),(683,229,'runner_girl','다음에 꼭 가볼게요!','2025-11-27 09:59:26'),(684,229,'idol_fan','예약 필수인가요?','2025-11-27 09:59:26'),(685,229,'ice_cream','주차는 편한가요?','2025-11-27 09:59:26'),(686,229,'tteokbokki','로컬 맛집이네요!','2025-11-27 09:59:26'),(687,229,'bookworm','데이트 코스로 좋을까요? ?','2025-11-27 09:59:26'),(688,109,'travel_master','여기 단골이에요 ㅎㅎ','2025-11-27 09:59:26'),(689,109,'cafe_lover','아이랑 가도 될까요?','2025-11-27 09:59:26'),(690,109,'mountain_hiker','좋은 정보 감사합니다! ?','2025-11-27 09:59:26'),(691,109,'pet_lover','영업시간이 어떻게 되나요?','2025-11-27 09:59:26'),(692,109,'fitness_guru','정보 공유 감사해요!','2025-11-27 09:59:26'),(693,109,'wine_lover','사진 너무 예뻐요 ?','2025-11-27 09:59:26'),(694,109,'fishing_pro','저도 다녀왔는데 진짜 좋았어요!','2025-11-27 09:59:26'),(695,109,'morning_person','데이트 코스로 좋을까요? ?','2025-11-27 09:59:26'),(696,109,'camping_fan','사진 보니까 가고 싶어져요','2025-11-27 09:59:26'),(697,148,'runner_girl','로컬 맛집이네요!','2025-11-27 09:59:26'),(698,148,'camping_fan','웨이팅 있나요?','2025-11-27 09:59:26'),(699,216,'ocean_lover','숨은 명소네요!','2025-11-27 09:59:26'),(700,216,'art_collector','로컬 맛집이네요!','2025-11-27 09:59:26'),(701,216,'foodie_busan','좋은 정보 감사합니다! ?','2025-11-27 09:59:26'),(702,216,'chicken_fan','오 여기 가봐야겠네요!','2025-11-27 09:59:26'),(703,216,'chicken_fan','위치가 정확히 어디에요?','2025-11-27 09:59:26'),(704,216,'pizza_lover','아이랑 가도 될까요?','2025-11-27 09:59:26'),(705,216,'vintage_hunter','부산 여행 때 가봐야겠어요','2025-11-27 09:59:26'),(706,216,'yoga_master','사진 보니까 가고 싶어져요','2025-11-27 09:59:26'),(707,216,'soju_lover','이런 곳이 있었네요!','2025-11-27 09:59:26'),(708,216,'street_food','사진 보니까 가고 싶어져요','2025-11-27 09:59:26'),(709,216,'bookworm','메뉴 추천해주세요!','2025-11-27 09:59:26'),(710,216,'surfing_dude','강아지 동반 가능한가요? ?','2025-11-27 09:59:26'),(711,174,'sushi_master','좋은 정보 감사합니다! ?','2025-11-27 09:59:26'),(712,211,'bike_rider','사진 너무 예뻐요 ?','2025-11-27 09:59:26'),(713,211,'vintage_hunter','정보 공유 감사해요!','2025-11-27 09:59:26'),(714,211,'cafe_lover','웨이팅 있나요?','2025-11-27 09:59:26'),(715,211,'vintage_hunter','여기 단골이에요 ㅎㅎ','2025-11-27 09:59:26'),(716,211,'yoga_master','가격대가 어떻게 되나요?','2025-11-27 09:59:26'),(717,211,'night_owl','부산 여행 때 가봐야겠어요','2025-11-27 09:59:26'),(718,211,'street_food','혼자 가도 괜찮을까요?','2025-11-27 09:59:26'),(719,211,'cafe_lover','메뉴 추천해주세요!','2025-11-27 09:59:26'),(720,211,'bookworm','저장해둘게요! ?','2025-11-27 09:59:26'),(721,240,'music_fan','좋은 정보 감사합니다! ?','2025-11-27 09:59:26'),(722,240,'bike_rider','저도 다녀왔는데 진짜 좋았어요!','2025-11-27 09:59:26'),(723,240,'pet_lover','주차는 편한가요?','2025-11-27 09:59:26'),(724,198,'travel_master','저장해둘게요! ?','2025-11-27 09:59:26'),(725,198,'music_fan','아이랑 가도 될까요?','2025-11-27 09:59:26'),(726,198,'diy_maker','저도 다녀왔는데 진짜 좋았어요!','2025-11-27 09:59:26'),(727,198,'plant_mom','저도 다녀왔는데 진짜 좋았어요!','2025-11-27 09:59:26'),(728,198,'bbq_king','웨이팅 있나요?','2025-11-27 09:59:26'),(729,198,'movie_buff','숨은 명소네요!','2025-11-27 09:59:26'),(730,198,'ocean_lover','분위기 어때요?','2025-11-27 09:59:26'),(731,198,'game_streamer','정보 공유 감사해요!','2025-11-27 09:59:26'),(732,212,'ice_cream','사진 너무 예뻐요 ?','2025-11-27 09:59:26'),(733,212,'diy_maker','혼자 가도 괜찮을까요?','2025-11-27 09:59:26'),(734,212,'street_food','저장해둘게요! ?','2025-11-27 09:59:26'),(735,212,'fishing_pro','로컬 맛집이네요!','2025-11-27 09:59:26'),(736,212,'foodie_busan','주차는 편한가요?','2025-11-27 09:59:26'),(737,232,'daily_life','영업시간이 어떻게 되나요?','2025-11-27 09:59:26'),(738,232,'yoga_master','아이랑 가도 될까요?','2025-11-27 09:59:26'),(739,232,'burger_hunter','다음에 꼭 가볼게요!','2025-11-27 09:59:26'),(740,232,'burger_hunter','여기 단골이에요 ㅎㅎ','2025-11-27 09:59:26'),(741,232,'beer_master','이런 곳이 있었네요!','2025-11-27 09:59:26'),(742,232,'photo_artist','데이트 코스로 좋을까요? ?','2025-11-27 09:59:26'),(743,232,'fitness_guru','강아지 동반 가능한가요? ?','2025-11-27 09:59:26'),(744,232,'pizza_lover','위치가 정확히 어디에요?','2025-11-27 09:59:26'),(745,232,'diy_maker','메뉴 추천해주세요!','2025-11-27 09:59:26'),(746,232,'wine_lover','강아지 동반 가능한가요? ?','2025-11-27 09:59:26'),(747,118,'bbq_king','가격대가 어떻게 되나요?','2025-11-27 09:59:26'),(748,118,'vintage_hunter','다음에 꼭 가볼게요!','2025-11-27 09:59:26'),(749,118,'beer_master','데이트 코스로 좋을까요? ?','2025-11-27 09:59:26'),(750,118,'soju_lover','영업시간이 어떻게 되나요?','2025-11-27 09:59:26'),(751,118,'idol_fan','로컬 맛집이네요!','2025-11-27 09:59:26'),(752,118,'art_collector','웨이팅 있나요?','2025-11-27 09:59:26'),(753,118,'art_collector','사진 보니까 가고 싶어져요','2025-11-27 09:59:26'),(754,132,'chicken_fan','예약 필수인가요?','2025-11-27 09:59:26'),(755,132,'music_fan','사진 보니까 가고 싶어져요','2025-11-27 09:59:26'),(756,132,'art_collector','가격대가 어떻게 되나요?','2025-11-27 09:59:26'),(757,132,'bread_lover','위치가 정확히 어디에요?','2025-11-27 09:59:26'),(758,132,'tteokbokki','로컬 맛집이네요!','2025-11-27 09:59:26'),(759,132,'burger_hunter','강아지 동반 가능한가요? ?','2025-11-27 09:59:26'),(760,132,'photo_artist','영업시간이 어떻게 되나요?','2025-11-27 09:59:26'),(761,132,'cafe_lover','여기 단골이에요 ㅎㅎ','2025-11-27 09:59:26'),(762,132,'dessert_queen','다음에 꼭 가볼게요!','2025-11-27 09:59:26'),(763,132,'kimbap_queen','분위기 어때요?','2025-11-27 09:59:26'),(764,132,'photo_artist','정보 공유 감사해요!','2025-11-27 09:59:26'),(765,132,'travel_master','사진 보니까 가고 싶어져요','2025-11-27 09:59:26'),(766,114,'beer_master','여기 단골이에요 ㅎㅎ','2025-11-27 09:59:26'),(767,114,'dessert_queen','영업시간이 어떻게 되나요?','2025-11-27 09:59:26'),(768,252,'daily_life','분위기 어때요?','2025-11-27 09:59:26'),(769,252,'cocktail_bar','로컬 맛집이네요!','2025-11-27 09:59:26'),(770,71,'cafe_lover','주차는 편한가요?','2025-11-27 09:59:26'),(771,71,'fitness_guru','로컬 맛집이네요!','2025-11-27 09:59:26'),(772,71,'tteokbokki','가격대가 어떻게 되나요?','2025-11-27 09:59:26'),(773,71,'wine_lover','여기 단골이에요 ㅎㅎ','2025-11-27 09:59:26'),(774,251,'mountain_hiker','저장해둘게요! ?','2025-11-27 09:59:26'),(775,251,'drama_fan','강아지 동반 가능한가요? ?','2025-11-27 09:59:26'),(776,251,'beer_master','분위기 어때요?','2025-11-27 09:59:26'),(777,251,'ocean_lover','저도 다녀왔는데 진짜 좋았어요!','2025-11-27 09:59:26'),(778,251,'runner_girl','웨이팅 있나요?','2025-11-27 09:59:26'),(779,251,'camping_fan','예약 필수인가요?','2025-11-27 09:59:26'),(780,176,'pizza_lover','가격대가 어떻게 되나요?','2025-11-27 09:59:26'),(781,176,'kimbap_queen','데이트 코스로 좋을까요? ?','2025-11-27 09:59:26'),(782,137,'tteokbokki','웨이팅 있나요?','2025-11-27 09:59:26'),(783,137,'kimbap_queen','저도 다녀왔는데 진짜 좋았어요!','2025-11-27 09:59:26'),(784,137,'bookworm','영업시간이 어떻게 되나요?','2025-11-27 09:59:26'),(785,137,'bread_lover','가격대가 어떻게 되나요?','2025-11-27 09:59:26'),(786,137,'tteokbokki','강아지 동반 가능한가요? ?','2025-11-27 09:59:26'),(787,137,'tteokbokki','다음에 꼭 가볼게요!','2025-11-27 09:59:26'),(788,137,'ramen_addict','오 여기 가봐야겠네요!','2025-11-27 09:59:26'),(789,130,'burger_hunter','정보 공유 감사해요!','2025-11-27 09:59:26'),(790,130,'ocean_lover','오 여기 가봐야겠네요!','2025-11-27 09:59:26'),(791,117,'daily_life','위치가 정확히 어디에요?','2025-11-27 09:59:26'),(792,117,'ice_cream','웨이팅 있나요?','2025-11-27 09:59:26'),(793,117,'photo_artist','위치가 정확히 어디에요?','2025-11-27 09:59:26'),(794,117,'cocktail_bar','숨은 명소네요!','2025-11-27 09:59:26'),(795,117,'kimbap_queen','아이랑 가도 될까요?','2025-11-27 09:59:26'),(796,117,'tteokbokki','사진 보니까 가고 싶어져요','2025-11-27 09:59:26'),(797,117,'ocean_lover','로컬 맛집이네요!','2025-11-27 09:59:26'),(798,98,'daily_life','다음에 꼭 가볼게요!','2025-11-27 09:59:26'),(799,98,'yoga_master','다음에 꼭 가볼게요!','2025-11-27 09:59:26'),(800,98,'travel_master','다음에 꼭 가볼게요!','2025-11-27 09:59:26'),(801,98,'ramen_addict','분위기 어때요?','2025-11-27 09:59:26'),(802,98,'surfing_dude','주차는 편한가요?','2025-11-27 09:59:26'),(803,98,'fitness_guru','분위기 어때요?','2025-11-27 09:59:26'),(804,98,'tteokbokki','사진 보니까 가고 싶어져요','2025-11-27 09:59:26'),(805,79,'bbq_king','분위기 어때요?','2025-11-27 09:59:27'),(806,79,'cafe_lover','오 여기 가봐야겠네요!','2025-11-27 09:59:27'),(807,79,'fishing_pro','아이랑 가도 될까요?','2025-11-27 09:59:27'),(808,92,'ice_cream','정보 공유 감사해요!','2025-11-27 09:59:27'),(809,92,'fitness_guru','데이트 코스로 좋을까요? ?','2025-11-27 09:59:27'),(810,92,'camping_fan','분위기 어때요?','2025-11-27 09:59:27'),(811,92,'pet_lover','로컬 맛집이네요!','2025-11-27 09:59:27'),(812,92,'ice_cream','여기 단골이에요 ㅎㅎ','2025-11-27 09:59:27'),(813,92,'photo_artist','여기 단골이에요 ㅎㅎ','2025-11-27 09:59:27'),(814,92,'pet_lover','웨이팅 있나요?','2025-11-27 09:59:27'),(815,92,'pizza_lover','이런 곳이 있었네요!','2025-11-27 09:59:27'),(816,92,'fishing_pro','다음에 꼭 가볼게요!','2025-11-27 09:59:27'),(817,92,'gamer_pro','저장해둘게요! ?','2025-11-27 09:59:27'),(818,92,'kimbap_queen','예약 필수인가요?','2025-11-27 09:59:27'),(819,92,'bike_rider','저도 다녀왔는데 진짜 좋았어요!','2025-11-27 09:59:27'),(820,206,'diy_maker','사진 보니까 가고 싶어져요','2025-11-27 09:59:27'),(821,206,'daily_life','혼자 가도 괜찮을까요?','2025-11-27 09:59:27'),(822,206,'bookworm','저도 다녀왔는데 진짜 좋았어요!','2025-11-27 09:59:27'),(823,206,'bread_lover','주차는 편한가요?','2025-11-27 09:59:27'),(824,206,'game_streamer','영업시간이 어떻게 되나요?','2025-11-27 09:59:27'),(825,206,'ocean_lover','아이랑 가도 될까요?','2025-11-27 09:59:27'),(826,206,'beer_master','예약 필수인가요?','2025-11-27 09:59:27'),(827,206,'plant_mom','웨이팅 있나요?','2025-11-27 09:59:27'),(828,206,'tteokbokki','혼자 가도 괜찮을까요?','2025-11-27 09:59:27'),(829,206,'ocean_lover','좋은 정보 감사합니다! ?','2025-11-27 09:59:27'),(830,206,'surfing_dude','오 여기 가봐야겠네요!','2025-11-27 09:59:27'),(831,82,'chicken_fan','영업시간이 어떻게 되나요?','2025-11-27 09:59:27'),(832,82,'burger_hunter','영업시간이 어떻게 되나요?','2025-11-27 09:59:27'),(833,82,'bookworm','로컬 맛집이네요!','2025-11-27 09:59:27'),(834,82,'sushi_master','다음에 꼭 가볼게요!','2025-11-27 09:59:27'),(835,82,'game_streamer','부산 여행 때 가봐야겠어요','2025-11-27 09:59:27'),(836,82,'burger_hunter','다음에 꼭 가볼게요!','2025-11-27 09:59:27'),(837,82,'surfing_dude','사진 보니까 가고 싶어져요','2025-11-27 09:59:27'),(838,82,'tteokbokki','로컬 맛집이네요!','2025-11-27 09:59:27'),(839,208,'beer_master','예약 필수인가요?','2025-11-27 09:59:27'),(840,208,'movie_buff','메뉴 추천해주세요!','2025-11-27 09:59:27'),(841,208,'burger_hunter','분위기 어때요?','2025-11-27 09:59:27'),(842,208,'idol_fan','저장해둘게요! ?','2025-11-27 09:59:27'),(843,208,'ramen_addict','가격대가 어떻게 되나요?','2025-11-27 09:59:27'),(844,192,'kimbap_queen','오 여기 가봐야겠네요!','2025-11-27 09:59:27'),(845,192,'chicken_fan','아이랑 가도 될까요?','2025-11-27 09:59:27'),(846,192,'night_owl','좋은 정보 감사합니다! ?','2025-11-27 09:59:27'),(847,192,'travel_master','로컬 맛집이네요!','2025-11-27 09:59:27'),(848,192,'daily_life','웨이팅 있나요?','2025-11-27 09:59:27'),(849,192,'bike_rider','웨이팅 있나요?','2025-11-27 09:59:27'),(850,116,'foodie_busan','저도 다녀왔는데 진짜 좋았어요!','2025-11-27 09:59:27'),(851,116,'pizza_lover','예약 필수인가요?','2025-11-27 09:59:27'),(852,116,'bread_lover','다음에 꼭 가볼게요!','2025-11-27 09:59:27'),(853,116,'tea_master','정보 공유 감사해요!','2025-11-27 09:59:27'),(854,116,'camping_fan','여기 단골이에요 ㅎㅎ','2025-11-27 09:59:27'),(855,116,'sushi_master','이런 곳이 있었네요!','2025-11-27 09:59:27'),(856,116,'pet_lover','데이트 코스로 좋을까요? ?','2025-11-27 09:59:27'),(857,116,'tea_master','가격대가 어떻게 되나요?','2025-11-27 09:59:27'),(858,116,'idol_fan','로컬 맛집이네요!','2025-11-27 09:59:27'),(859,116,'gamer_pro','부산 여행 때 가봐야겠어요','2025-11-27 09:59:27'),(860,116,'street_food','혼자 가도 괜찮을까요?','2025-11-27 09:59:27'),(861,165,'bbq_king','주차는 편한가요?','2025-11-27 09:59:27'),(862,165,'idol_fan','영업시간이 어떻게 되나요?','2025-11-27 09:59:27'),(863,165,'pizza_lover','위치가 정확히 어디에요?','2025-11-27 09:59:27'),(864,165,'beer_master','강아지 동반 가능한가요? ?','2025-11-27 09:59:27'),(865,165,'cocktail_bar','가격대가 어떻게 되나요?','2025-11-27 09:59:27'),(866,165,'art_collector','사진 보니까 가고 싶어져요','2025-11-27 09:59:27'),(867,165,'sushi_master','강아지 동반 가능한가요? ?','2025-11-27 09:59:27'),(868,165,'chicken_fan','주차는 편한가요?','2025-11-27 09:59:27'),(869,165,'yoga_master','숨은 명소네요!','2025-11-27 09:59:27'),(870,165,'bike_rider','분위기 어때요?','2025-11-27 09:59:27'),(871,165,'ice_cream','웨이팅 있나요?','2025-11-27 09:59:27'),(872,218,'drama_fan','웨이팅 있나요?','2025-11-27 09:59:27'),(873,218,'diy_maker','분위기 어때요?','2025-11-27 09:59:27'),(874,218,'travel_master','혼자 가도 괜찮을까요?','2025-11-27 09:59:27'),(875,218,'diy_maker','정보 공유 감사해요!','2025-11-27 09:59:27'),(876,218,'soju_lover','가격대가 어떻게 되나요?','2025-11-27 09:59:27'),(877,218,'daily_life','다음에 꼭 가볼게요!','2025-11-27 09:59:27'),(878,218,'photo_artist','이런 곳이 있었네요!','2025-11-27 09:59:27'),(879,218,'photo_artist','위치가 정확히 어디에요?','2025-11-27 09:59:27'),(880,264,'fitness_guru','사진 보니까 가고 싶어져요','2025-11-27 09:59:27'),(881,264,'bike_rider','데이트 코스로 좋을까요? ?','2025-11-27 09:59:27'),(882,264,'burger_hunter','데이트 코스로 좋을까요? ?','2025-11-27 09:59:27'),(883,264,'travel_master','로컬 맛집이네요!','2025-11-27 09:59:27'),(884,264,'street_food','데이트 코스로 좋을까요? ?','2025-11-27 09:59:27'),(885,264,'kimbap_queen','아이랑 가도 될까요?','2025-11-27 09:59:27'),(886,264,'night_owl','저장해둘게요! ?','2025-11-27 09:59:27'),(887,264,'night_owl','혼자 가도 괜찮을까요?','2025-11-27 09:59:27'),(888,264,'night_owl','저장해둘게요! ?','2025-11-27 09:59:27'),(889,162,'tteokbokki','좋은 정보 감사합니다! ?','2025-11-27 09:59:27'),(890,162,'dessert_queen','숨은 명소네요!','2025-11-27 09:59:27'),(891,162,'bookworm','사진 보니까 가고 싶어져요','2025-11-27 09:59:27'),(892,162,'morning_person','사진 보니까 가고 싶어져요','2025-11-27 09:59:27'),(893,162,'tea_master','저도 다녀왔는데 진짜 좋았어요!','2025-11-27 09:59:27'),(894,162,'kimbap_queen','사진 너무 예뻐요 ?','2025-11-27 09:59:27'),(895,162,'surfing_dude','로컬 맛집이네요!','2025-11-27 09:59:27'),(896,162,'tea_master','데이트 코스로 좋을까요? ?','2025-11-27 09:59:27'),(897,162,'cafe_lover','가격대가 어떻게 되나요?','2025-11-27 09:59:27'),(898,162,'yoga_master','메뉴 추천해주세요!','2025-11-27 09:59:27'),(899,162,'diy_maker','좋은 정보 감사합니다! ?','2025-11-27 09:59:27'),(900,162,'music_fan','이런 곳이 있었네요!','2025-11-27 09:59:27'),(901,191,'music_fan','혼자 가도 괜찮을까요?','2025-11-27 09:59:27'),(902,77,'movie_buff','다음에 꼭 가볼게요!','2025-11-27 09:59:27'),(903,77,'idol_fan','데이트 코스로 좋을까요? ?','2025-11-27 09:59:27'),(904,77,'bike_rider','부산 여행 때 가봐야겠어요','2025-11-27 09:59:27'),(905,77,'music_fan','이런 곳이 있었네요!','2025-11-27 09:59:27'),(906,77,'surfing_dude','영업시간이 어떻게 되나요?','2025-11-27 09:59:27'),(907,77,'street_food','혼자 가도 괜찮을까요?','2025-11-27 09:59:27'),(908,77,'gamer_pro','저장해둘게요! ?','2025-11-27 09:59:27'),(909,77,'drama_fan','위치가 정확히 어디에요?','2025-11-27 09:59:27'),(910,77,'movie_buff','저도 다녀왔는데 진짜 좋았어요!','2025-11-27 09:59:27'),(911,77,'mountain_hiker','아이랑 가도 될까요?','2025-11-27 09:59:27'),(912,77,'cocktail_bar','가격대가 어떻게 되나요?','2025-11-27 09:59:27'),(913,265,'night_owl','메뉴 추천해주세요!','2025-11-27 09:59:27'),(914,265,'night_owl','아이랑 가도 될까요?','2025-11-27 09:59:27'),(915,265,'pet_lover','로컬 맛집이네요!','2025-11-27 09:59:27'),(916,265,'foodie_busan','아이랑 가도 될까요?','2025-11-27 09:59:27'),(917,265,'music_fan','이런 곳이 있었네요!','2025-11-27 09:59:27'),(918,265,'night_owl','웨이팅 있나요?','2025-11-27 09:59:27'),(919,265,'fishing_pro','숨은 명소네요!','2025-11-27 09:59:27'),(920,265,'cafe_lover','주차는 편한가요?','2025-11-27 09:59:27'),(921,74,'travel_master','주차는 편한가요?','2025-11-27 09:59:27'),(922,74,'camping_fan','분위기 어때요?','2025-11-27 09:59:27'),(923,74,'music_fan','아이랑 가도 될까요?','2025-11-27 09:59:27'),(924,74,'foodie_busan','위치가 정확히 어디에요?','2025-11-27 09:59:27'),(925,74,'drama_fan','메뉴 추천해주세요!','2025-11-27 09:59:27'),(926,168,'morning_person','사진 너무 예뻐요 ?','2025-11-27 09:59:27'),(927,168,'night_owl','저도 다녀왔는데 진짜 좋았어요!','2025-11-27 09:59:27'),(928,168,'idol_fan','데이트 코스로 좋을까요? ?','2025-11-27 09:59:27'),(929,152,'wine_lover','분위기 어때요?','2025-11-27 09:59:27'),(930,152,'beer_master','정보 공유 감사해요!','2025-11-27 09:59:27'),(931,152,'music_fan','사진 너무 예뻐요 ?','2025-11-27 09:59:27'),(932,152,'travel_master','사진 보니까 가고 싶어져요','2025-11-27 09:59:27'),(933,152,'runner_girl','영업시간이 어떻게 되나요?','2025-11-27 09:59:27'),(934,152,'beer_master','메뉴 추천해주세요!','2025-11-27 09:59:27'),(935,152,'wine_lover','사진 너무 예뻐요 ?','2025-11-27 09:59:27'),(936,152,'beer_master','숨은 명소네요!','2025-11-27 09:59:27'),(937,96,'morning_person','웨이팅 있나요?','2025-11-27 09:59:27'),(938,96,'tea_master','혼자 가도 괜찮을까요?','2025-11-27 09:59:27'),(939,96,'ramen_addict','영업시간이 어떻게 되나요?','2025-11-27 09:59:27'),(940,96,'gamer_pro','메뉴 추천해주세요!','2025-11-27 09:59:27'),(941,96,'pizza_lover','예약 필수인가요?','2025-11-27 09:59:27'),(942,96,'tteokbokki','메뉴 추천해주세요!','2025-11-27 09:59:27'),(943,262,'music_fan','사진 너무 예뻐요 ?','2025-11-27 09:59:27'),(944,262,'dessert_queen','웨이팅 있나요?','2025-11-27 09:59:27'),(945,262,'art_collector','숨은 명소네요!','2025-11-27 09:59:27'),(946,262,'ramen_addict','영업시간이 어떻게 되나요?','2025-11-27 09:59:27'),(947,262,'cocktail_bar','주차는 편한가요?','2025-11-27 09:59:27'),(948,262,'beer_master','예약 필수인가요?','2025-11-27 09:59:27'),(949,262,'ramen_addict','이런 곳이 있었네요!','2025-11-27 09:59:27'),(950,262,'foodie_busan','숨은 명소네요!','2025-11-27 09:59:27'),(951,262,'cafe_lover','위치가 정확히 어디에요?','2025-11-27 09:59:27'),(952,262,'art_collector','오 여기 가봐야겠네요!','2025-11-27 09:59:27'),(953,262,'bbq_king','저도 다녀왔는데 진짜 좋았어요!','2025-11-27 09:59:27'),(954,120,'idol_fan','숨은 명소네요!','2025-11-27 09:59:27'),(955,120,'sushi_master','영업시간이 어떻게 되나요?','2025-11-27 09:59:27'),(956,120,'diy_maker','분위기 어때요?','2025-11-27 09:59:27'),(957,73,'idol_fan','저도 다녀왔는데 진짜 좋았어요!','2025-11-27 09:59:27'),(958,73,'fishing_pro','저장해둘게요! ?','2025-11-27 09:59:27'),(959,73,'pizza_lover','주차는 편한가요?','2025-11-27 09:59:27'),(960,73,'cafe_lover','강아지 동반 가능한가요? ?','2025-11-27 09:59:27'),(961,73,'beer_master','숨은 명소네요!','2025-11-27 09:59:27'),(962,85,'street_food','여기 단골이에요 ㅎㅎ','2025-11-27 09:59:27'),(963,85,'travel_master','메뉴 추천해주세요!','2025-11-27 09:59:27'),(964,85,'bookworm','가격대가 어떻게 되나요?','2025-11-27 09:59:27'),(965,85,'plant_mom','저도 다녀왔는데 진짜 좋았어요!','2025-11-27 09:59:27'),(966,85,'sushi_master','가격대가 어떻게 되나요?','2025-11-27 09:59:27'),(967,85,'art_collector','숨은 명소네요!','2025-11-27 09:59:27'),(968,85,'dessert_queen','데이트 코스로 좋을까요? ?','2025-11-27 09:59:27'),(969,85,'foodie_busan','로컬 맛집이네요!','2025-11-27 09:59:27'),(970,85,'surfing_dude','사진 보니까 가고 싶어져요','2025-11-27 09:59:27'),(971,85,'plant_mom','숨은 명소네요!','2025-11-27 09:59:27'),(972,85,'diy_maker','예약 필수인가요?','2025-11-27 09:59:27'),(973,213,'street_food','메뉴 추천해주세요!','2025-11-27 09:59:27'),(974,213,'travel_master','위치가 정확히 어디에요?','2025-11-27 09:59:27'),(975,213,'tea_master','영업시간이 어떻게 되나요?','2025-11-27 09:59:27'),(976,213,'photo_artist','가격대가 어떻게 되나요?','2025-11-27 09:59:27'),(977,188,'tea_master','데이트 코스로 좋을까요? ?','2025-11-27 09:59:27'),(978,76,'idol_fan','정보 공유 감사해요!','2025-11-27 09:59:27'),(979,76,'runner_girl','혼자 가도 괜찮을까요?','2025-11-27 09:59:27'),(980,76,'ramen_addict','위치가 정확히 어디에요?','2025-11-27 09:59:27'),(981,76,'movie_buff','혼자 가도 괜찮을까요?','2025-11-27 09:59:27'),(982,99,'drama_fan','가격대가 어떻게 되나요?','2025-11-27 09:59:27'),(983,99,'bookworm','부산 여행 때 가봐야겠어요','2025-11-27 09:59:27'),(984,99,'bread_lover','오 여기 가봐야겠네요!','2025-11-27 09:59:27'),(985,99,'daily_life','저도 다녀왔는데 진짜 좋았어요!','2025-11-27 09:59:27'),(986,99,'fitness_guru','여기 단골이에요 ㅎㅎ','2025-11-27 09:59:27'),(987,99,'vintage_hunter','숨은 명소네요!','2025-11-27 09:59:27'),(988,99,'cocktail_bar','영업시간이 어떻게 되나요?','2025-11-27 09:59:27'),(989,99,'pet_lover','오 여기 가봐야겠네요!','2025-11-27 09:59:27'),(990,99,'ocean_lover','로컬 맛집이네요!','2025-11-27 09:59:27'),(991,99,'pizza_lover','로컬 맛집이네요!','2025-11-27 09:59:27'),(992,99,'mountain_hiker','여기 단골이에요 ㅎㅎ','2025-11-27 09:59:27'),(993,99,'yoga_master','사진 보니까 가고 싶어져요','2025-11-27 09:59:27'),(994,160,'beer_master','사진 너무 예뻐요 ?','2025-11-27 09:59:27'),(995,160,'yoga_master','아이랑 가도 될까요?','2025-11-27 09:59:27'),(996,160,'movie_buff','혼자 가도 괜찮을까요?','2025-11-27 09:59:27'),(997,160,'runner_girl','숨은 명소네요!','2025-11-27 09:59:27'),(998,72,'camping_fan','데이트 코스로 좋을까요? ?','2025-11-27 09:59:27'),(999,72,'night_owl','오 여기 가봐야겠네요!','2025-11-27 09:59:27'),(1000,72,'chicken_fan','숨은 명소네요!','2025-11-27 09:59:27'),(1001,72,'bookworm','정보 공유 감사해요!','2025-11-27 09:59:27'),(1002,72,'sushi_master','주차는 편한가요?','2025-11-27 09:59:27'),(1003,72,'music_fan','숨은 명소네요!','2025-11-27 09:59:27'),(1004,72,'game_streamer','영업시간이 어떻게 되나요?','2025-11-27 09:59:27'),(1005,72,'tea_master','혼자 가도 괜찮을까요?','2025-11-27 09:59:27'),(1006,72,'camping_fan','가격대가 어떻게 되나요?','2025-11-27 09:59:27'),(1007,72,'surfing_dude','이런 곳이 있었네요!','2025-11-27 09:59:27'),(1008,72,'camping_fan','사진 너무 예뻐요 ?','2025-11-27 09:59:27'),(1009,72,'bread_lover','사진 너무 예뻐요 ?','2025-11-27 09:59:27'),(1010,86,'tea_master','정보 공유 감사해요!','2025-11-27 09:59:27'),(1011,86,'surfing_dude','이런 곳이 있었네요!','2025-11-27 09:59:27'),(1012,86,'plant_mom','사진 보니까 가고 싶어져요','2025-11-27 09:59:27'),(1013,86,'sushi_master','사진 보니까 가고 싶어져요','2025-11-27 09:59:27'),(1014,86,'tea_master','가격대가 어떻게 되나요?','2025-11-27 09:59:27'),(1015,86,'movie_buff','혼자 가도 괜찮을까요?','2025-11-27 09:59:27'),(1016,86,'travel_master','다음에 꼭 가볼게요!','2025-11-27 09:59:27'),(1017,86,'street_food','사진 보니까 가고 싶어져요','2025-11-27 09:59:27'),(1018,86,'ramen_addict','웨이팅 있나요?','2025-11-27 09:59:27'),(1019,86,'vintage_hunter','정보 공유 감사해요!','2025-11-27 09:59:27'),(1020,86,'chicken_fan','여기 단골이에요 ㅎㅎ','2025-11-27 09:59:27'),(1021,86,'sushi_master','아이랑 가도 될까요?','2025-11-27 09:59:27'),(1022,141,'ice_cream','가격대가 어떻게 되나요?','2025-11-27 09:59:27'),(1023,141,'art_collector','위치가 정확히 어디에요?','2025-11-27 09:59:27'),(1024,141,'yoga_master','데이트 코스로 좋을까요? ?','2025-11-27 09:59:27'),(1025,91,'yoga_master','분위기 어때요?','2025-11-27 09:59:27'),(1026,91,'camping_fan','다음에 꼭 가볼게요!','2025-11-27 09:59:27'),(1027,91,'plant_mom','오 여기 가봐야겠네요!','2025-11-27 09:59:27'),(1028,91,'fitness_guru','웨이팅 있나요?','2025-11-27 09:59:27'),(1029,91,'runner_girl','이런 곳이 있었네요!','2025-11-27 09:59:27'),(1030,91,'plant_mom','웨이팅 있나요?','2025-11-27 09:59:27'),(1031,227,'vintage_hunter','분위기 어때요?','2025-11-27 09:59:27'),(1032,227,'movie_buff','영업시간이 어떻게 되나요?','2025-11-27 09:59:27'),(1033,227,'pizza_lover','로컬 맛집이네요!','2025-11-27 09:59:27'),(1034,227,'gamer_pro','오 여기 가봐야겠네요!','2025-11-27 09:59:27'),(1035,133,'morning_person','다음에 꼭 가볼게요!','2025-11-27 09:59:27'),(1036,133,'diy_maker','영업시간이 어떻게 되나요?','2025-11-27 09:59:27'),(1037,133,'movie_buff','예약 필수인가요?','2025-11-27 09:59:27'),(1038,133,'music_fan','오 여기 가봐야겠네요!','2025-11-27 09:59:27'),(1039,136,'beer_master','강아지 동반 가능한가요? ?','2025-11-27 09:59:27'),(1040,136,'runner_girl','저장해둘게요! ?','2025-11-27 09:59:27'),(1041,136,'tteokbokki','위치가 정확히 어디에요?','2025-11-27 09:59:27'),(1042,136,'beer_master','사진 너무 예뻐요 ?','2025-11-27 09:59:27'),(1043,104,'plant_mom','저도 다녀왔는데 진짜 좋았어요!','2025-11-27 09:59:27'),(1044,104,'music_fan','정보 공유 감사해요!','2025-11-27 09:59:27'),(1045,104,'cocktail_bar','분위기 어때요?','2025-11-27 09:59:27'),(1046,104,'soju_lover','저도 다녀왔는데 진짜 좋았어요!','2025-11-27 09:59:27'),(1047,104,'travel_master','아이랑 가도 될까요?','2025-11-27 09:59:27'),(1048,104,'photo_artist','아이랑 가도 될까요?','2025-11-27 09:59:27'),(1049,104,'ocean_lover','정보 공유 감사해요!','2025-11-27 09:59:27'),(1050,104,'cafe_lover','이런 곳이 있었네요!','2025-11-27 09:59:27'),(1051,104,'plant_mom','정보 공유 감사해요!','2025-11-27 09:59:27'),(1052,187,'daily_life','로컬 맛집이네요!','2025-11-27 09:59:27'),(1053,187,'movie_buff','메뉴 추천해주세요!','2025-11-27 09:59:27'),(1054,187,'chicken_fan','오 여기 가봐야겠네요!','2025-11-27 09:59:27'),(1055,187,'diy_maker','로컬 맛집이네요!','2025-11-27 09:59:27'),(1056,187,'movie_buff','좋은 정보 감사합니다! ?','2025-11-27 09:59:27'),(1057,187,'night_owl','웨이팅 있나요?','2025-11-27 09:59:27'),(1058,187,'ocean_lover','오 여기 가봐야겠네요!','2025-11-27 09:59:27'),(1059,187,'game_streamer','웨이팅 있나요?','2025-11-27 09:59:27'),(1060,187,'tteokbokki','영업시간이 어떻게 되나요?','2025-11-27 09:59:27'),(1061,187,'soju_lover','저장해둘게요! ?','2025-11-27 09:59:27'),(1062,187,'chicken_fan','메뉴 추천해주세요!','2025-11-27 09:59:27'),(1063,142,'bookworm','다음에 꼭 가볼게요!','2025-11-27 09:59:27'),(1064,142,'runner_girl','로컬 맛집이네요!','2025-11-27 09:59:27'),(1065,142,'cafe_lover','영업시간이 어떻게 되나요?','2025-11-27 09:59:27'),(1066,142,'tea_master','사진 보니까 가고 싶어져요','2025-11-27 09:59:27'),(1067,142,'bookworm','정보 공유 감사해요!','2025-11-27 09:59:27'),(1068,142,'art_collector','사진 너무 예뻐요 ?','2025-11-27 09:59:27'),(1069,142,'fishing_pro','강아지 동반 가능한가요? ?','2025-11-27 09:59:27'),(1070,142,'cafe_lover','여기 단골이에요 ㅎㅎ','2025-11-27 09:59:27'),(1071,142,'chicken_fan','로컬 맛집이네요!','2025-11-27 09:59:27'),(1072,142,'movie_buff','이런 곳이 있었네요!','2025-11-27 09:59:27'),(1073,142,'ice_cream','저도 다녀왔는데 진짜 좋았어요!','2025-11-27 09:59:27'),(1074,237,'vintage_hunter','메뉴 추천해주세요!','2025-11-27 09:59:27'),(1075,237,'tteokbokki','부산 여행 때 가봐야겠어요','2025-11-27 09:59:27'),(1076,237,'game_streamer','이런 곳이 있었네요!','2025-11-27 09:59:27'),(1077,237,'gamer_pro','숨은 명소네요!','2025-11-27 09:59:27'),(1078,237,'idol_fan','좋은 정보 감사합니다! ?','2025-11-27 09:59:27'),(1079,237,'ramen_addict','숨은 명소네요!','2025-11-27 09:59:27'),(1080,237,'camping_fan','웨이팅 있나요?','2025-11-27 09:59:27'),(1081,237,'ramen_addict','저장해둘게요! ?','2025-11-27 09:59:27'),(1082,237,'photo_artist','좋은 정보 감사합니다! ?','2025-11-27 09:59:27'),(1083,237,'bread_lover','사진 보니까 가고 싶어져요','2025-11-27 09:59:27'),(1084,237,'travel_master','저도 다녀왔는데 진짜 좋았어요!','2025-11-27 09:59:27'),(1085,237,'surfing_dude','저장해둘게요! ?','2025-11-27 09:59:27'),(1086,145,'ice_cream','정보 공유 감사해요!','2025-11-27 09:59:27'),(1087,145,'cafe_lover','부산 여행 때 가봐야겠어요','2025-11-27 09:59:27'),(1088,145,'music_fan','숨은 명소네요!','2025-11-27 09:59:27'),(1089,81,'soju_lover','데이트 코스로 좋을까요? ?','2025-11-27 09:59:27'),(1090,81,'wine_lover','주차는 편한가요?','2025-11-27 09:59:27'),(1091,81,'game_streamer','데이트 코스로 좋을까요? ?','2025-11-27 09:59:27'),(1092,81,'fishing_pro','다음에 꼭 가볼게요!','2025-11-27 09:59:27'),(1093,81,'gamer_pro','영업시간이 어떻게 되나요?','2025-11-27 09:59:27'),(1094,234,'bbq_king','저도 다녀왔는데 진짜 좋았어요!','2025-11-27 09:59:27'),(1095,234,'chicken_fan','숨은 명소네요!','2025-11-27 09:59:27'),(1096,234,'street_food','숨은 명소네요!','2025-11-27 09:59:27'),(1097,234,'fitness_guru','가격대가 어떻게 되나요?','2025-11-27 09:59:27'),(1098,234,'runner_girl','데이트 코스로 좋을까요? ?','2025-11-27 09:59:27'),(1099,234,'travel_master','주차는 편한가요?','2025-11-27 09:59:27'),(1100,234,'fitness_guru','가격대가 어떻게 되나요?','2025-11-27 09:59:27'),(1101,197,'movie_buff','영업시간이 어떻게 되나요?','2025-11-27 09:59:27'),(1102,197,'surfing_dude','저도 다녀왔는데 진짜 좋았어요!','2025-11-27 09:59:27'),(1103,197,'camping_fan','부산 여행 때 가봐야겠어요','2025-11-27 09:59:27'),(1104,250,'vintage_hunter','메뉴 추천해주세요!','2025-11-27 09:59:27'),(1105,250,'bread_lover','다음에 꼭 가볼게요!','2025-11-27 09:59:27'),(1106,250,'daily_life','웨이팅 있나요?','2025-11-27 09:59:27'),(1107,250,'music_fan','저도 다녀왔는데 진짜 좋았어요!','2025-11-27 09:59:27'),(1108,250,'drama_fan','여기 단골이에요 ㅎㅎ','2025-11-27 09:59:27'),(1109,161,'vintage_hunter','혼자 가도 괜찮을까요?','2025-11-27 09:59:27'),(1110,161,'ice_cream','강아지 동반 가능한가요? ?','2025-11-27 09:59:27'),(1111,161,'tea_master','주차는 편한가요?','2025-11-27 09:59:27'),(1112,161,'soju_lover','좋은 정보 감사합니다! ?','2025-11-27 09:59:27'),(1113,161,'art_collector','사진 너무 예뻐요 ?','2025-11-27 09:59:27'),(1114,161,'travel_master','분위기 어때요?','2025-11-27 09:59:27'),(1115,161,'drama_fan','사진 보니까 가고 싶어져요','2025-11-27 09:59:27'),(1116,161,'dessert_queen','부산 여행 때 가봐야겠어요','2025-11-27 09:59:27'),(1117,161,'pizza_lover','사진 너무 예뻐요 ?','2025-11-27 09:59:27'),(1118,161,'pet_lover','다음에 꼭 가볼게요!','2025-11-27 09:59:27'),(1119,243,'bookworm','메뉴 추천해주세요!','2025-11-27 09:59:27'),(1120,243,'travel_master','로컬 맛집이네요!','2025-11-27 09:59:27'),(1121,243,'soju_lover','웨이팅 있나요?','2025-11-27 09:59:27'),(1122,243,'camping_fan','오 여기 가봐야겠네요!','2025-11-27 09:59:27'),(1123,243,'travel_master','메뉴 추천해주세요!','2025-11-27 09:59:27'),(1124,243,'bike_rider','이런 곳이 있었네요!','2025-11-27 09:59:27'),(1125,243,'daily_life','강아지 동반 가능한가요? ?','2025-11-27 09:59:27'),(1126,243,'travel_master','아이랑 가도 될까요?','2025-11-27 09:59:27'),(1127,243,'foodie_busan','정보 공유 감사해요!','2025-11-27 09:59:27'),(1128,194,'movie_buff','여기 단골이에요 ㅎㅎ','2025-11-27 09:59:28'),(1129,194,'art_collector','좋은 정보 감사합니다! ?','2025-11-27 09:59:28'),(1130,194,'plant_mom','다음에 꼭 가볼게요!','2025-11-27 09:59:28'),(1131,78,'ocean_lover','메뉴 추천해주세요!','2025-11-27 09:59:28'),(1132,78,'ramen_addict','가격대가 어떻게 되나요?','2025-11-27 09:59:28'),(1133,78,'kimbap_queen','숨은 명소네요!','2025-11-27 09:59:28'),(1134,78,'photo_artist','가격대가 어떻게 되나요?','2025-11-27 09:59:28'),(1135,78,'yoga_master','예약 필수인가요?','2025-11-27 09:59:28'),(1136,78,'mountain_hiker','혼자 가도 괜찮을까요?','2025-11-27 09:59:28'),(1137,78,'chicken_fan','웨이팅 있나요?','2025-11-27 09:59:28'),(1138,241,'fishing_pro','정보 공유 감사해요!','2025-11-27 09:59:28'),(1139,241,'ramen_addict','데이트 코스로 좋을까요? ?','2025-11-27 09:59:28'),(1140,241,'plant_mom','이런 곳이 있었네요!','2025-11-27 09:59:28'),(1141,241,'ramen_addict','이런 곳이 있었네요!','2025-11-27 09:59:28'),(1142,241,'vintage_hunter','다음에 꼭 가볼게요!','2025-11-27 09:59:28'),(1143,241,'game_streamer','위치가 정확히 어디에요?','2025-11-27 09:59:28'),(1144,241,'ramen_addict','사진 보니까 가고 싶어져요','2025-11-27 09:59:28'),(1145,241,'mountain_hiker','강아지 동반 가능한가요? ?','2025-11-27 09:59:28'),(1146,181,'mountain_hiker','분위기 어때요?','2025-11-27 09:59:28'),(1147,181,'tteokbokki','강아지 동반 가능한가요? ?','2025-11-27 09:59:28'),(1148,181,'ice_cream','가격대가 어떻게 되나요?','2025-11-27 09:59:28'),(1149,169,'morning_person','아이랑 가도 될까요?','2025-11-27 09:59:28'),(1150,169,'vintage_hunter','다음에 꼭 가볼게요!','2025-11-27 09:59:28'),(1151,169,'beer_master','저도 다녀왔는데 진짜 좋았어요!','2025-11-27 09:59:28'),(1152,169,'pet_lover','저도 다녀왔는데 진짜 좋았어요!','2025-11-27 09:59:28'),(1153,169,'movie_buff','부산 여행 때 가봐야겠어요','2025-11-27 09:59:28'),(1154,169,'cocktail_bar','예약 필수인가요?','2025-11-27 09:59:28'),(1155,169,'chicken_fan','웨이팅 있나요?','2025-11-27 09:59:28'),(1156,169,'bbq_king','이런 곳이 있었네요!','2025-11-27 09:59:28'),(1157,169,'diy_maker','저장해둘게요! ?','2025-11-27 09:59:28'),(1158,169,'foodie_busan','웨이팅 있나요?','2025-11-27 09:59:28'),(1159,169,'wine_lover','가격대가 어떻게 되나요?','2025-11-27 09:59:28'),(1160,69,'plant_mom','영업시간이 어떻게 되나요?','2025-11-27 09:59:28'),(1161,69,'camping_fan','강아지 동반 가능한가요? ?','2025-11-27 09:59:28'),(1162,69,'yoga_master','숨은 명소네요!','2025-11-27 09:59:28'),(1163,69,'plant_mom','위치가 정확히 어디에요?','2025-11-27 09:59:28'),(1164,69,'daily_life','예약 필수인가요?','2025-11-27 09:59:28'),(1165,69,'bookworm','강아지 동반 가능한가요? ?','2025-11-27 09:59:28'),(1166,69,'ocean_lover','부산 여행 때 가봐야겠어요','2025-11-27 09:59:28'),(1167,93,'cafe_lover','좋은 정보 감사합니다! ?','2025-11-27 09:59:28'),(1168,93,'cocktail_bar','사진 너무 예뻐요 ?','2025-11-27 09:59:28'),(1169,93,'street_food','아이랑 가도 될까요?','2025-11-27 09:59:28'),(1170,93,'plant_mom','예약 필수인가요?','2025-11-27 09:59:28'),(1171,93,'morning_person','정보 공유 감사해요!','2025-11-27 09:59:28'),(1172,93,'plant_mom','저장해둘게요! ?','2025-11-27 09:59:28'),(1173,93,'vintage_hunter','영업시간이 어떻게 되나요?','2025-11-27 09:59:28'),(1174,93,'bookworm','로컬 맛집이네요!','2025-11-27 09:59:28'),(1175,204,'surfing_dude','부산 여행 때 가봐야겠어요','2025-11-27 09:59:28'),(1176,204,'bread_lover','정보 공유 감사해요!','2025-11-27 09:59:28'),(1177,204,'beer_master','메뉴 추천해주세요!','2025-11-27 09:59:28'),(1178,204,'bookworm','부산 여행 때 가봐야겠어요','2025-11-27 09:59:28'),(1179,204,'foodie_busan','로컬 맛집이네요!','2025-11-27 09:59:28'),(1180,204,'bread_lover','저장해둘게요! ?','2025-11-27 09:59:28'),(1181,204,'drama_fan','영업시간이 어떻게 되나요?','2025-11-27 09:59:28'),(1182,204,'ocean_lover','웨이팅 있나요?','2025-11-27 09:59:28'),(1183,204,'tea_master','좋은 정보 감사합니다! ?','2025-11-27 09:59:28'),(1184,204,'fishing_pro','좋은 정보 감사합니다! ?','2025-11-27 09:59:28'),(1185,204,'bread_lover','저장해둘게요! ?','2025-11-27 09:59:28'),(1186,258,'art_collector','주차는 편한가요?','2025-11-27 09:59:28'),(1187,258,'soju_lover','로컬 맛집이네요!','2025-11-27 09:59:28'),(1188,258,'runner_girl','주차는 편한가요?','2025-11-27 09:59:28'),(1189,258,'tteokbokki','가격대가 어떻게 되나요?','2025-11-27 09:59:28'),(1190,258,'ramen_addict','웨이팅 있나요?','2025-11-27 09:59:28'),(1191,258,'wine_lover','주차는 편한가요?','2025-11-27 09:59:28'),(1192,258,'yoga_master','강아지 동반 가능한가요? ?','2025-11-27 09:59:28'),(1193,258,'dessert_queen','이런 곳이 있었네요!','2025-11-27 09:59:28'),(1194,233,'beer_master','저도 다녀왔는데 진짜 좋았어요!','2025-11-27 09:59:28'),(1195,233,'game_streamer','혼자 가도 괜찮을까요?','2025-11-27 09:59:28'),(1196,233,'photo_artist','저도 다녀왔는데 진짜 좋았어요!','2025-11-27 09:59:28'),(1197,233,'gamer_pro','숨은 명소네요!','2025-11-27 09:59:28'),(1198,233,'kimbap_queen','혼자 가도 괜찮을까요?','2025-11-27 09:59:28'),(1199,233,'wine_lover','웨이팅 있나요?','2025-11-27 09:59:28'),(1200,233,'art_collector','좋은 정보 감사합니다! ?','2025-11-27 09:59:28'),(1201,233,'bread_lover','로컬 맛집이네요!','2025-11-27 09:59:28'),(1202,233,'vintage_hunter','메뉴 추천해주세요!','2025-11-27 09:59:28'),(1203,68,'surfing_dude','혼자 가도 괜찮을까요?','2025-11-27 09:59:28'),(1204,68,'cocktail_bar','예약 필수인가요?','2025-11-27 09:59:28'),(1205,68,'mountain_hiker','로컬 맛집이네요!','2025-11-27 09:59:28'),(1206,68,'camping_fan','저장해둘게요! ?','2025-11-27 09:59:28'),(1207,68,'foodie_busan','메뉴 추천해주세요!','2025-11-27 09:59:28'),(1208,68,'game_streamer','사진 보니까 가고 싶어져요','2025-11-27 09:59:28'),(1209,68,'photo_artist','부산 여행 때 가봐야겠어요','2025-11-27 09:59:28'),(1210,215,'pet_lover','저도 다녀왔는데 진짜 좋았어요!','2025-11-27 09:59:28'),(1211,215,'beer_master','부산 여행 때 가봐야겠어요','2025-11-27 09:59:28'),(1212,215,'runner_girl','사진 보니까 가고 싶어져요','2025-11-27 09:59:28'),(1213,215,'daily_life','좋은 정보 감사합니다! ?','2025-11-27 09:59:28'),(1214,215,'movie_buff','강아지 동반 가능한가요? ?','2025-11-27 09:59:28'),(1215,126,'ramen_addict','오 여기 가봐야겠네요!','2025-11-27 09:59:28'),(1216,126,'kimbap_queen','저도 다녀왔는데 진짜 좋았어요!','2025-11-27 09:59:28'),(1217,126,'surfing_dude','강아지 동반 가능한가요? ?','2025-11-27 09:59:28'),(1218,126,'night_owl','가격대가 어떻게 되나요?','2025-11-27 09:59:28'),(1219,126,'music_fan','분위기 어때요?','2025-11-27 09:59:28'),(1220,126,'mountain_hiker','로컬 맛집이네요!','2025-11-27 09:59:28'),(1221,126,'ramen_addict','숨은 명소네요!','2025-11-27 09:59:28'),(1222,126,'street_food','주차는 편한가요?','2025-11-27 09:59:28'),(1223,134,'pet_lover','아이랑 가도 될까요?','2025-11-27 09:59:28'),(1224,186,'ramen_addict','데이트 코스로 좋을까요? ?','2025-11-27 09:59:28'),(1225,186,'yoga_master','예약 필수인가요?','2025-11-27 09:59:28'),(1226,186,'chicken_fan','예약 필수인가요?','2025-11-27 09:59:28'),(1227,186,'tea_master','주차는 편한가요?','2025-11-27 09:59:28'),(1228,186,'cafe_lover','강아지 동반 가능한가요? ?','2025-11-27 09:59:28'),(1229,163,'plant_mom','오 여기 가봐야겠네요!','2025-11-27 09:59:28'),(1230,238,'plant_mom','정보 공유 감사해요!','2025-11-27 09:59:28'),(1231,238,'kimbap_queen','웨이팅 있나요?','2025-11-27 09:59:28'),(1232,238,'mountain_hiker','숨은 명소네요!','2025-11-27 09:59:28'),(1233,238,'gamer_pro','오 여기 가봐야겠네요!','2025-11-27 09:59:28'),(1234,238,'runner_girl','강아지 동반 가능한가요? ?','2025-11-27 09:59:28'),(1235,238,'kimbap_queen','사진 보니까 가고 싶어져요','2025-11-27 09:59:28'),(1236,238,'tteokbokki','사진 너무 예뻐요 ?','2025-11-27 09:59:28'),(1237,238,'chicken_fan','주차는 편한가요?','2025-11-27 09:59:28'),(1238,238,'cafe_lover','사진 보니까 가고 싶어져요','2025-11-27 09:59:28'),(1239,230,'dessert_queen','영업시간이 어떻게 되나요?','2025-11-27 09:59:28'),(1240,230,'foodie_busan','로컬 맛집이네요!','2025-11-27 09:59:28'),(1241,230,'mountain_hiker','좋은 정보 감사합니다! ?','2025-11-27 09:59:28'),(1242,230,'plant_mom','혼자 가도 괜찮을까요?','2025-11-27 09:59:28'),(1243,230,'surfing_dude','강아지 동반 가능한가요? ?','2025-11-27 09:59:28'),(1244,230,'bookworm','데이트 코스로 좋을까요? ?','2025-11-27 09:59:28'),(1245,230,'foodie_busan','영업시간이 어떻게 되나요?','2025-11-27 09:59:28'),(1246,230,'daily_life','오 여기 가봐야겠네요!','2025-11-27 09:59:28'),(1247,256,'pet_lover','데이트 코스로 좋을까요? ?','2025-11-27 09:59:28'),(1248,256,'plant_mom','다음에 꼭 가볼게요!','2025-11-27 09:59:28'),(1249,256,'music_fan','부산 여행 때 가봐야겠어요','2025-11-27 09:59:28'),(1250,256,'morning_person','정보 공유 감사해요!','2025-11-27 09:59:28'),(1251,256,'street_food','가격대가 어떻게 되나요?','2025-11-27 09:59:28'),(1252,256,'diy_maker','오 여기 가봐야겠네요!','2025-11-27 09:59:28'),(1253,256,'cocktail_bar','숨은 명소네요!','2025-11-27 09:59:28'),(1254,256,'tteokbokki','사진 보니까 가고 싶어져요','2025-11-27 09:59:28'),(1255,256,'pet_lover','로컬 맛집이네요!','2025-11-27 09:59:28'),(1256,89,'kimbap_queen','다음에 꼭 가볼게요!','2025-11-27 09:59:28'),(1257,89,'bbq_king','좋은 정보 감사합니다! ?','2025-11-27 09:59:28'),(1258,89,'ice_cream','메뉴 추천해주세요!','2025-11-27 09:59:28'),(1259,89,'fishing_pro','오 여기 가봐야겠네요!','2025-11-27 09:59:28'),(1260,89,'game_streamer','로컬 맛집이네요!','2025-11-27 09:59:28'),(1261,231,'ramen_addict','아이랑 가도 될까요?','2025-11-27 09:59:28'),(1262,231,'movie_buff','오 여기 가봐야겠네요!','2025-11-27 09:59:28'),(1263,231,'plant_mom','주차는 편한가요?','2025-11-27 09:59:28'),(1264,231,'idol_fan','강아지 동반 가능한가요? ?','2025-11-27 09:59:28'),(1265,231,'art_collector','가격대가 어떻게 되나요?','2025-11-27 09:59:28'),(1266,231,'yoga_master','영업시간이 어떻게 되나요?','2025-11-27 09:59:28'),(1267,231,'street_food','로컬 맛집이네요!','2025-11-27 09:59:28'),(1268,231,'ice_cream','사진 보니까 가고 싶어져요','2025-11-27 09:59:28'),(1269,231,'night_owl','사진 너무 예뻐요 ?','2025-11-27 09:59:28'),(1270,231,'art_collector','사진 보니까 가고 싶어져요','2025-11-27 09:59:28'),(1271,231,'movie_buff','좋은 정보 감사합니다! ?','2025-11-27 09:59:28'),(1272,231,'ice_cream','로컬 맛집이네요!','2025-11-27 09:59:28'),(1273,239,'street_food','사진 보니까 가고 싶어져요','2025-11-27 09:59:28'),(1274,239,'pet_lover','부산 여행 때 가봐야겠어요','2025-11-27 09:59:28'),(1275,239,'vintage_hunter','강아지 동반 가능한가요? ?','2025-11-27 09:59:28'),(1276,151,'drama_fan','사진 보니까 가고 싶어져요','2025-11-27 09:59:28'),(1277,84,'bbq_king','좋은 정보 감사합니다! ?','2025-11-27 09:59:28'),(1278,182,'fitness_guru','메뉴 추천해주세요!','2025-11-27 09:59:28'),(1279,182,'bbq_king','사진 너무 예뻐요 ?','2025-11-27 09:59:28'),(1280,182,'plant_mom','메뉴 추천해주세요!','2025-11-27 09:59:28'),(1281,182,'idol_fan','부산 여행 때 가봐야겠어요','2025-11-27 09:59:28'),(1282,182,'photo_artist','이런 곳이 있었네요!','2025-11-27 09:59:28'),(1283,182,'camping_fan','영업시간이 어떻게 되나요?','2025-11-27 09:59:28'),(1284,182,'chicken_fan','로컬 맛집이네요!','2025-11-27 09:59:28'),(1285,173,'kimbap_queen','사진 보니까 가고 싶어져요','2025-11-27 09:59:28'),(1286,173,'soju_lover','영업시간이 어떻게 되나요?','2025-11-27 09:59:28'),(1287,173,'plant_mom','저장해둘게요! ?','2025-11-27 09:59:28'),(1288,173,'game_streamer','사진 보니까 가고 싶어져요','2025-11-27 09:59:28'),(1289,173,'music_fan','영업시간이 어떻게 되나요?','2025-11-27 09:59:28'),(1290,173,'sushi_master','숨은 명소네요!','2025-11-27 09:59:28'),(1291,173,'fitness_guru','위치가 정확히 어디에요?','2025-11-27 09:59:28'),(1292,173,'gamer_pro','오 여기 가봐야겠네요!','2025-11-27 09:59:28'),(1293,173,'daily_life','로컬 맛집이네요!','2025-11-27 09:59:28'),(1294,107,'cocktail_bar','강아지 동반 가능한가요? ?','2025-11-27 09:59:28'),(1295,107,'movie_buff','사진 보니까 가고 싶어져요','2025-11-27 09:59:28'),(1296,107,'idol_fan','저장해둘게요! ?','2025-11-27 09:59:28'),(1297,107,'street_food','분위기 어때요?','2025-11-27 09:59:28'),(1298,107,'tteokbokki','정보 공유 감사해요!','2025-11-27 09:59:28'),(1299,107,'movie_buff','여기 단골이에요 ㅎㅎ','2025-11-27 09:59:28'),(1300,107,'dessert_queen','사진 보니까 가고 싶어져요','2025-11-27 09:59:28'),(1301,107,'daily_life','웨이팅 있나요?','2025-11-27 09:59:28'),(1302,107,'tea_master','강아지 동반 가능한가요? ?','2025-11-27 09:59:28'),(1303,107,'morning_person','가격대가 어떻게 되나요?','2025-11-27 09:59:28'),(1304,107,'diy_maker','영업시간이 어떻게 되나요?','2025-11-27 09:59:28'),(1305,107,'fitness_guru','웨이팅 있나요?','2025-11-27 09:59:28'),(1306,170,'game_streamer','주차는 편한가요?','2025-11-27 09:59:28'),(1307,170,'mountain_hiker','영업시간이 어떻게 되나요?','2025-11-27 09:59:28'),(1308,170,'game_streamer','위치가 정확히 어디에요?','2025-11-27 09:59:28'),(1309,170,'sushi_master','사진 보니까 가고 싶어져요','2025-11-27 09:59:28'),(1310,170,'ocean_lover','강아지 동반 가능한가요? ?','2025-11-27 09:59:28'),(1311,170,'vintage_hunter','위치가 정확히 어디에요?','2025-11-27 09:59:28'),(1312,170,'daily_life','사진 너무 예뻐요 ?','2025-11-27 09:59:28'),(1313,205,'chicken_fan','여기 단골이에요 ㅎㅎ','2025-11-27 09:59:28'),(1314,205,'kimbap_queen','여기 단골이에요 ㅎㅎ','2025-11-27 09:59:28'),(1315,205,'tea_master','분위기 어때요?','2025-11-27 09:59:28'),(1316,205,'mountain_hiker','정보 공유 감사해요!','2025-11-27 09:59:28'),(1317,205,'ice_cream','분위기 어때요?','2025-11-27 09:59:28'),(1318,205,'soju_lover','사진 너무 예뻐요 ?','2025-11-27 09:59:28'),(1319,205,'foodie_busan','로컬 맛집이네요!','2025-11-27 09:59:28'),(1320,205,'cafe_lover','데이트 코스로 좋을까요? ?','2025-11-27 09:59:28'),(1321,207,'runner_girl','아이랑 가도 될까요?','2025-11-27 09:59:28'),(1322,207,'bread_lover','영업시간이 어떻게 되나요?','2025-11-27 09:59:28'),(1323,207,'runner_girl','영업시간이 어떻게 되나요?','2025-11-27 09:59:28'),(1324,207,'photo_artist','사진 보니까 가고 싶어져요','2025-11-27 09:59:28'),(1325,183,'night_owl','데이트 코스로 좋을까요? ?','2025-11-27 09:59:28'),(1326,183,'kimbap_queen','강아지 동반 가능한가요? ?','2025-11-27 09:59:28'),(1327,183,'cafe_lover','저장해둘게요! ?','2025-11-27 09:59:28'),(1328,183,'bbq_king','데이트 코스로 좋을까요? ?','2025-11-27 09:59:28'),(1329,171,'burger_hunter','혼자 가도 괜찮을까요?','2025-11-27 09:59:28'),(1330,171,'tteokbokki','정보 공유 감사해요!','2025-11-27 09:59:28'),(1331,171,'fitness_guru','저장해둘게요! ?','2025-11-27 09:59:28'),(1332,171,'foodie_busan','좋은 정보 감사합니다! ?','2025-11-27 09:59:28'),(1333,80,'photo_artist','위치가 정확히 어디에요?','2025-11-27 09:59:28'),(1334,80,'kimbap_queen','메뉴 추천해주세요!','2025-11-27 09:59:28'),(1335,80,'yoga_master','저도 다녀왔는데 진짜 좋았어요!','2025-11-27 09:59:28'),(1336,80,'bread_lover','메뉴 추천해주세요!','2025-11-27 09:59:28'),(1337,80,'ice_cream','메뉴 추천해주세요!','2025-11-27 09:59:28'),(1338,80,'ramen_addict','예약 필수인가요?','2025-11-27 09:59:28'),(1339,80,'kimbap_queen','가격대가 어떻게 되나요?','2025-11-27 09:59:28'),(1340,80,'cocktail_bar','데이트 코스로 좋을까요? ?','2025-11-27 09:59:28'),(1341,80,'dessert_queen','로컬 맛집이네요!','2025-11-27 09:59:28'),(1342,80,'bread_lover','예약 필수인가요?','2025-11-27 09:59:28'),(1343,176,'beer_master','저도 가보고 싶어요!','2025-11-28 09:54:38'),(1344,268,'daily_life','저도 다음에 데려가요!','2025-11-28 11:11:11');
/*!40000 ALTER TABLE `lm_comments` ENABLE KEYS */;
UNLOCK TABLES;

--
-- Table structure for table `lm_follows`
--

DROP TABLE IF EXISTS `lm_follows`;
/*!40101 SET @saved_cs_client     = @@character_set_client */;
/*!50503 SET character_set_client = utf8mb4 */;
CREATE TABLE `lm_follows` (
  `FOLLOW_ID` int NOT NULL AUTO_INCREMENT COMMENT '팔로우 관계 고유 ID',
  `FOLLOWER_ID` varchar(50) NOT NULL COMMENT '팔로우를 하는 사용자 ID',
  `FOLLOWING_ID` varchar(50) NOT NULL COMMENT '팔로우를 받는 사용자 ID',
  `CREATED_AT` datetime DEFAULT CURRENT_TIMESTAMP COMMENT '팔로우한 시각',
  PRIMARY KEY (`FOLLOW_ID`),
  UNIQUE KEY `UQ_FOLLOWER_FOLLOWING` (`FOLLOWER_ID`,`FOLLOWING_ID`)
) ENGINE=InnoDB AUTO_INCREMENT=672 DEFAULT CHARSET=utf8mb4 COLLATE=utf8mb4_0900_ai_ci;
/*!40101 SET character_set_client = @saved_cs_client */;

--
-- Dumping data for table `lm_follows`
--

LOCK TABLES `lm_follows` WRITE;
/*!40000 ALTER TABLE `lm_follows` DISABLE KEYS */;
INSERT INTO `lm_follows` VALUES (1,'test','test1','2025-11-26 11:52:54'),(2,'gamer_pro','vintage_hunter','2025-11-26 15:33:53'),(3,'gamer_pro','bookworm','2025-11-26 15:33:53'),(4,'gamer_pro','dessert_queen','2025-11-26 15:33:53'),(5,'gamer_pro','pet_lover','2025-11-26 15:33:53'),(6,'gamer_pro','daily_life','2025-11-26 15:33:53'),(7,'gamer_pro','mountain_hiker','2025-11-26 15:33:53'),(8,'foodie_busan','beer_master','2025-11-26 15:33:53'),(9,'foodie_busan','morning_person','2025-11-26 15:33:53'),(10,'foodie_busan','gamer_pro','2025-11-26 15:33:53'),(11,'foodie_busan','bookworm','2025-11-26 15:33:53'),(12,'foodie_busan','vintage_hunter','2025-11-26 15:33:53'),(13,'foodie_busan','mountain_hiker','2025-11-26 15:33:53'),(14,'cafe_lover','gamer_pro','2025-11-26 15:33:53'),(15,'cafe_lover','ramen_addict','2025-11-26 15:33:53'),(16,'cafe_lover','photo_artist','2025-11-26 15:33:53'),(17,'cafe_lover','street_food','2025-11-26 15:33:53'),(18,'travel_master','morning_person','2025-11-26 15:33:53'),(19,'travel_master','pet_lover','2025-11-26 15:33:53'),(20,'travel_master','mountain_hiker','2025-11-26 15:33:53'),(21,'travel_master','ramen_addict','2025-11-26 15:33:53'),(22,'travel_master','daily_life','2025-11-26 15:33:53'),(23,'photo_artist','ramen_addict','2025-11-26 15:33:53'),(24,'photo_artist','gamer_pro','2025-11-26 15:33:53'),(25,'photo_artist','foodie_busan','2025-11-26 15:33:53'),(26,'daily_life','street_food','2025-11-26 15:33:53'),(27,'daily_life','foodie_busan','2025-11-26 15:33:53'),(28,'daily_life','fitness_guru','2025-11-26 15:33:53'),(29,'daily_life','mountain_hiker','2025-11-26 15:33:53'),(30,'daily_life','travel_master','2025-11-26 15:33:53'),(31,'night_owl','dessert_queen','2025-11-26 15:33:53'),(32,'night_owl','art_collector','2025-11-26 15:33:53'),(33,'night_owl','fitness_guru','2025-11-26 15:33:53'),(34,'night_owl','bookworm','2025-11-26 15:33:53'),(35,'night_owl','photo_artist','2025-11-26 15:33:53'),(36,'night_owl','foodie_busan','2025-11-26 15:33:53'),(37,'night_owl','gamer_pro','2025-11-26 15:33:53'),(38,'morning_person','beer_master','2025-11-26 15:33:53'),(39,'morning_person','foodie_busan','2025-11-26 15:33:53'),(40,'morning_person','photo_artist','2025-11-26 15:33:53'),(41,'morning_person','vintage_hunter','2025-11-26 15:33:53'),(42,'street_food','dessert_queen','2025-11-26 15:33:53'),(43,'street_food','beer_master','2025-11-26 15:33:53'),(44,'street_food','ocean_lover','2025-11-26 15:33:53'),(45,'street_food','gamer_pro','2025-11-26 15:33:53'),(46,'street_food','daily_life','2025-11-26 15:33:53'),(47,'dessert_queen','gamer_pro','2025-11-26 15:33:53'),(48,'dessert_queen','foodie_busan','2025-11-26 15:33:53'),(49,'dessert_queen','art_collector','2025-11-26 15:33:53'),(50,'dessert_queen','daily_life','2025-11-26 15:33:53'),(51,'dessert_queen','vintage_hunter','2025-11-26 15:33:53'),(52,'ocean_lover','gamer_pro','2025-11-26 15:33:53'),(53,'ocean_lover','travel_master','2025-11-26 15:33:53'),(54,'ocean_lover','foodie_busan','2025-11-26 15:33:53'),(55,'ocean_lover','night_owl','2025-11-26 15:33:53'),(56,'ocean_lover','ramen_addict','2025-11-26 15:33:53'),(57,'mountain_hiker','bookworm','2025-11-26 15:33:53'),(58,'mountain_hiker','travel_master','2025-11-26 15:33:53'),(59,'mountain_hiker','art_collector','2025-11-26 15:33:53'),(60,'mountain_hiker','music_fan','2025-11-26 15:33:53'),(62,'beer_master','photo_artist','2025-11-26 15:33:53'),(64,'beer_master','fitness_guru','2025-11-26 15:33:53'),(66,'beer_master','daily_life','2025-11-26 15:33:53'),(67,'ramen_addict','dessert_queen','2025-11-26 15:33:53'),(68,'ramen_addict','gamer_pro','2025-11-26 15:33:53'),(69,'ramen_addict','vintage_hunter','2025-11-26 15:33:53'),(70,'ramen_addict','cafe_lover','2025-11-26 15:33:53'),(71,'bookworm','cafe_lover','2025-11-26 15:33:53'),(72,'bookworm','foodie_busan','2025-11-26 15:33:53'),(73,'bookworm','gamer_pro','2025-11-26 15:33:53'),(74,'music_fan','daily_life','2025-11-26 15:33:53'),(75,'music_fan','morning_person','2025-11-26 15:33:53'),(76,'music_fan','photo_artist','2025-11-26 15:33:53'),(77,'art_collector','morning_person','2025-11-26 15:33:53'),(78,'art_collector','bookworm','2025-11-26 15:33:53'),(79,'art_collector','gamer_pro','2025-11-26 15:33:53'),(80,'fitness_guru','street_food','2025-11-26 15:33:53'),(81,'fitness_guru','cafe_lover','2025-11-26 15:33:53'),(82,'fitness_guru','beer_master','2025-11-26 15:33:53'),(83,'fitness_guru','dessert_queen','2025-11-26 15:33:53'),(84,'fitness_guru','art_collector','2025-11-26 15:33:53'),(85,'pet_lover','gamer_pro','2025-11-26 15:33:53'),(86,'pet_lover','morning_person','2025-11-26 15:33:53'),(87,'pet_lover','art_collector','2025-11-26 15:33:53'),(88,'pet_lover','bookworm','2025-11-26 15:33:53'),(89,'pet_lover','travel_master','2025-11-26 15:33:53'),(90,'pet_lover','daily_life','2025-11-26 15:33:53'),(91,'pet_lover','vintage_hunter','2025-11-26 15:33:53'),(92,'vintage_hunter','dessert_queen','2025-11-26 15:33:53'),(93,'vintage_hunter','music_fan','2025-11-26 15:33:53'),(94,'vintage_hunter','art_collector','2025-11-26 15:33:53'),(95,'vintage_hunter','foodie_busan','2025-11-26 15:33:53'),(96,'vintage_hunter','night_owl','2025-11-26 15:33:53'),(97,'vintage_hunter','street_food','2025-11-26 15:33:53'),(98,'gamer_pro','ramen_addict','2025-11-26 15:35:31'),(99,'gamer_pro','foodie_busan','2025-11-26 15:35:31'),(100,'gamer_pro','cafe_lover','2025-11-26 15:35:31'),(101,'foodie_busan','street_food','2025-11-26 15:35:31'),(102,'foodie_busan','music_fan','2025-11-26 15:35:31'),(103,'foodie_busan','night_owl','2025-11-26 15:35:31'),(104,'cafe_lover','bookworm','2025-11-26 15:35:31'),(105,'cafe_lover','mountain_hiker','2025-11-26 15:35:31'),(108,'travel_master','photo_artist','2025-11-26 15:35:31'),(109,'travel_master','street_food','2025-11-26 15:35:31'),(110,'travel_master','night_owl','2025-11-26 15:35:31'),(111,'travel_master','art_collector','2025-11-26 15:35:31'),(112,'travel_master','foodie_busan','2025-11-26 15:35:31'),(114,'photo_artist','travel_master','2025-11-26 15:35:31'),(115,'photo_artist','dessert_queen','2025-11-26 15:35:31'),(116,'photo_artist','fitness_guru','2025-11-26 15:35:31'),(117,'photo_artist','vintage_hunter','2025-11-26 15:35:31'),(118,'daily_life','bookworm','2025-11-26 15:35:31'),(119,'daily_life','pet_lover','2025-11-26 15:35:31'),(121,'daily_life','gamer_pro','2025-11-26 15:35:31'),(122,'daily_life','dessert_queen','2025-11-26 15:35:31'),(123,'daily_life','photo_artist','2025-11-26 15:35:31'),(124,'daily_life','cafe_lover','2025-11-26 15:35:31'),(126,'night_owl','pet_lover','2025-11-26 15:35:31'),(127,'night_owl','vintage_hunter','2025-11-26 15:35:31'),(129,'night_owl','ramen_addict','2025-11-26 15:35:31'),(130,'night_owl','beer_master','2025-11-26 15:35:31'),(131,'morning_person','night_owl','2025-11-26 15:35:31'),(132,'morning_person','gamer_pro','2025-11-26 15:35:31'),(134,'street_food','art_collector','2025-11-26 15:35:31'),(136,'street_food','night_owl','2025-11-26 15:35:31'),(137,'street_food','travel_master','2025-11-26 15:35:31'),(138,'street_food','fitness_guru','2025-11-26 15:35:31'),(139,'street_food','foodie_busan','2025-11-26 15:35:31'),(140,'street_food','cafe_lover','2025-11-26 15:35:31'),(143,'dessert_queen','morning_person','2025-11-26 15:35:31'),(144,'dessert_queen','beer_master','2025-11-26 15:35:31'),(146,'ocean_lover','vintage_hunter','2025-11-26 15:35:31'),(148,'ocean_lover','music_fan','2025-11-26 15:35:31'),(149,'mountain_hiker','street_food','2025-11-26 15:35:31'),(151,'mountain_hiker','foodie_busan','2025-11-26 15:35:31'),(152,'mountain_hiker','ramen_addict','2025-11-26 15:35:31'),(154,'beer_master','pet_lover','2025-11-26 15:35:31'),(158,'ramen_addict','travel_master','2025-11-26 15:35:31'),(160,'ramen_addict','music_fan','2025-11-26 15:35:31'),(161,'bookworm','art_collector','2025-11-26 15:35:31'),(162,'bookworm','mountain_hiker','2025-11-26 15:35:31'),(163,'bookworm','morning_person','2025-11-26 15:35:31'),(164,'bookworm','vintage_hunter','2025-11-26 15:35:31'),(165,'music_fan','street_food','2025-11-26 15:35:31'),(166,'music_fan','art_collector','2025-11-26 15:35:31'),(167,'music_fan','dessert_queen','2025-11-26 15:35:31'),(168,'music_fan','gamer_pro','2025-11-26 15:35:31'),(169,'music_fan','foodie_busan','2025-11-26 15:35:31'),(170,'music_fan','cafe_lover','2025-11-26 15:35:31'),(171,'art_collector','dessert_queen','2025-11-26 15:35:31'),(172,'art_collector','travel_master','2025-11-26 15:35:31'),(173,'art_collector','street_food','2025-11-26 15:35:31'),(174,'art_collector','cafe_lover','2025-11-26 15:35:31'),(175,'art_collector','vintage_hunter','2025-11-26 15:35:31'),(176,'art_collector','beer_master','2025-11-26 15:35:31'),(177,'fitness_guru','bookworm','2025-11-26 15:35:31'),(180,'fitness_guru','night_owl','2025-11-26 15:35:31'),(181,'fitness_guru','foodie_busan','2025-11-26 15:35:31'),(182,'fitness_guru','pet_lover','2025-11-26 15:35:31'),(183,'fitness_guru','gamer_pro','2025-11-26 15:35:31'),(184,'fitness_guru','music_fan','2025-11-26 15:35:31'),(186,'pet_lover','ocean_lover','2025-11-26 15:35:31'),(188,'pet_lover','street_food','2025-11-26 15:35:31'),(189,'vintage_hunter','travel_master','2025-11-26 15:35:31'),(191,'vintage_hunter','gamer_pro','2025-11-26 15:35:31'),(192,'vintage_hunter','pet_lover','2025-11-26 15:35:31'),(196,'beer_master','art_collector','2025-11-27 09:49:32'),(197,'beer_master','night_owl','2025-11-27 09:49:52'),(198,'beer_master','morning_person','2025-11-27 09:50:03'),(199,'beer_master','foodie_busan','2025-11-27 09:50:26'),(200,'beer_master','dessert_queen','2025-11-27 09:53:26'),(201,'gamer_pro','beer_master','2025-11-27 09:59:17'),(202,'gamer_pro','runner_girl','2025-11-27 09:59:17'),(204,'gamer_pro','bread_lover','2025-11-27 09:59:17'),(205,'gamer_pro','music_fan','2025-11-27 09:59:17'),(206,'gamer_pro','idol_fan','2025-11-27 09:59:17'),(207,'gamer_pro','burger_hunter','2025-11-27 09:59:17'),(208,'gamer_pro','ocean_lover','2025-11-27 09:59:17'),(209,'gamer_pro','ice_cream','2025-11-27 09:59:17'),(210,'foodie_busan','ice_cream','2025-11-27 09:59:17'),(211,'foodie_busan','burger_hunter','2025-11-27 09:59:17'),(212,'foodie_busan','ramen_addict','2025-11-27 09:59:17'),(213,'foodie_busan','ocean_lover','2025-11-27 09:59:17'),(214,'foodie_busan','tteokbokki','2025-11-27 09:59:17'),(215,'foodie_busan','fitness_guru','2025-11-27 09:59:17'),(216,'foodie_busan','runner_girl','2025-11-27 09:59:17'),(217,'foodie_busan','diy_maker','2025-11-27 09:59:17'),(218,'foodie_busan','cocktail_bar','2025-11-27 09:59:17'),(220,'foodie_busan','movie_buff','2025-11-27 09:59:17'),(221,'foodie_busan','tea_master','2025-11-27 09:59:17'),(222,'foodie_busan','daily_life','2025-11-27 09:59:17'),(223,'foodie_busan','surfing_dude','2025-11-27 09:59:17'),(225,'cafe_lover','bbq_king','2025-11-27 09:59:17'),(226,'cafe_lover','morning_person','2025-11-27 09:59:17'),(227,'cafe_lover','music_fan','2025-11-27 09:59:17'),(228,'cafe_lover','cocktail_bar','2025-11-27 09:59:17'),(229,'cafe_lover','beer_master','2025-11-27 09:59:17'),(230,'cafe_lover','surfing_dude','2025-11-27 09:59:17'),(231,'cafe_lover','game_streamer','2025-11-27 09:59:17'),(232,'cafe_lover','sushi_master','2025-11-27 09:59:17'),(233,'cafe_lover','runner_girl','2025-11-27 09:59:17'),(234,'cafe_lover','daily_life','2025-11-27 09:59:17'),(235,'cafe_lover','kimbap_queen','2025-11-27 09:59:17'),(236,'travel_master','runner_girl','2025-11-27 09:59:17'),(237,'travel_master','fitness_guru','2025-11-27 09:59:17'),(238,'travel_master','gamer_pro','2025-11-27 09:59:17'),(240,'travel_master','chicken_fan','2025-11-27 09:59:17'),(241,'travel_master','bike_rider','2025-11-27 09:59:17'),(242,'travel_master','tea_master','2025-11-27 09:59:17'),(243,'travel_master','fishing_pro','2025-11-27 09:59:17'),(244,'travel_master','kimbap_queen','2025-11-27 09:59:17'),(245,'photo_artist','tteokbokki','2025-11-27 09:59:17'),(246,'photo_artist','mountain_hiker','2025-11-27 09:59:17'),(247,'photo_artist','idol_fan','2025-11-27 09:59:17'),(248,'photo_artist','soju_lover','2025-11-27 09:59:17'),(249,'photo_artist','bike_rider','2025-11-27 09:59:17'),(250,'photo_artist','runner_girl','2025-11-27 09:59:17'),(251,'photo_artist','kimbap_queen','2025-11-27 09:59:17'),(252,'photo_artist','art_collector','2025-11-27 09:59:17'),(253,'photo_artist','drama_fan','2025-11-27 09:59:17'),(254,'photo_artist','pet_lover','2025-11-27 09:59:17'),(255,'photo_artist','music_fan','2025-11-27 09:59:17'),(256,'photo_artist','morning_person','2025-11-27 09:59:17'),(257,'photo_artist','cafe_lover','2025-11-27 09:59:17'),(259,'daily_life','yoga_master','2025-11-27 09:59:17'),(261,'daily_life','art_collector','2025-11-27 09:59:17'),(262,'daily_life','chicken_fan','2025-11-27 09:59:17'),(263,'daily_life','runner_girl','2025-11-27 09:59:17'),(264,'night_owl','soju_lover','2025-11-27 09:59:17'),(265,'night_owl','burger_hunter','2025-11-27 09:59:17'),(269,'night_owl','diy_maker','2025-11-27 09:59:17'),(270,'night_owl','morning_person','2025-11-27 09:59:17'),(271,'morning_person','burger_hunter','2025-11-27 09:59:17'),(272,'morning_person','daily_life','2025-11-27 09:59:17'),(273,'morning_person','game_streamer','2025-11-27 09:59:17'),(274,'morning_person','camping_fan','2025-11-27 09:59:17'),(275,'morning_person','street_food','2025-11-27 09:59:17'),(276,'morning_person','sushi_master','2025-11-27 09:59:17'),(277,'street_food','wine_lover','2025-11-27 09:59:17'),(278,'street_food','movie_buff','2025-11-27 09:59:17'),(280,'street_food','vintage_hunter','2025-11-27 09:59:17'),(282,'street_food','cocktail_bar','2025-11-27 09:59:17'),(283,'street_food','pet_lover','2025-11-27 09:59:17'),(285,'street_food','plant_mom','2025-11-27 09:59:17'),(286,'street_food','ramen_addict','2025-11-27 09:59:17'),(287,'street_food','morning_person','2025-11-27 09:59:17'),(288,'dessert_queen','ramen_addict','2025-11-27 09:59:17'),(290,'dessert_queen','bike_rider','2025-11-27 09:59:17'),(291,'dessert_queen','chicken_fan','2025-11-27 09:59:17'),(292,'dessert_queen','plant_mom','2025-11-27 09:59:17'),(293,'dessert_queen','night_owl','2025-11-27 09:59:17'),(294,'dessert_queen','burger_hunter','2025-11-27 09:59:17'),(296,'dessert_queen','camping_fan','2025-11-27 09:59:17'),(297,'dessert_queen','idol_fan','2025-11-27 09:59:17'),(299,'dessert_queen','tteokbokki','2025-11-27 09:59:17'),(300,'dessert_queen','tea_master','2025-11-27 09:59:17'),(301,'dessert_queen','kimbap_queen','2025-11-27 09:59:17'),(302,'ocean_lover','pet_lover','2025-11-27 09:59:17'),(304,'ocean_lover','chicken_fan','2025-11-27 09:59:17'),(305,'ocean_lover','pizza_lover','2025-11-27 09:59:17'),(306,'ocean_lover','bookworm','2025-11-27 09:59:17'),(308,'ocean_lover','photo_artist','2025-11-27 09:59:17'),(309,'ocean_lover','movie_buff','2025-11-27 09:59:17'),(310,'ocean_lover','game_streamer','2025-11-27 09:59:17'),(311,'ocean_lover','art_collector','2025-11-27 09:59:17'),(312,'ocean_lover','cafe_lover','2025-11-27 09:59:17'),(314,'ocean_lover','fishing_pro','2025-11-27 09:59:17'),(315,'ocean_lover','sushi_master','2025-11-27 09:59:17'),(316,'ocean_lover','dessert_queen','2025-11-27 09:59:17'),(317,'mountain_hiker','game_streamer','2025-11-27 09:59:17'),(318,'mountain_hiker','ocean_lover','2025-11-27 09:59:17'),(320,'mountain_hiker','tea_master','2025-11-27 09:59:17'),(321,'mountain_hiker','runner_girl','2025-11-27 09:59:17'),(322,'mountain_hiker','fishing_pro','2025-11-27 09:59:17'),(324,'mountain_hiker','night_owl','2025-11-27 09:59:17'),(325,'mountain_hiker','daily_life','2025-11-27 09:59:17'),(326,'mountain_hiker','pet_lover','2025-11-27 09:59:17'),(328,'mountain_hiker','burger_hunter','2025-11-27 09:59:17'),(329,'beer_master','sushi_master','2025-11-27 09:59:17'),(330,'beer_master','drama_fan','2025-11-27 09:59:17'),(331,'beer_master','bookworm','2025-11-27 09:59:17'),(332,'beer_master','surfing_dude','2025-11-27 09:59:17'),(334,'beer_master','game_streamer','2025-11-27 09:59:17'),(336,'beer_master','tteokbokki','2025-11-27 09:59:17'),(338,'ramen_addict','chicken_fan','2025-11-27 09:59:17'),(340,'ramen_addict','bbq_king','2025-11-27 09:59:17'),(341,'ramen_addict','bookworm','2025-11-27 09:59:17'),(342,'ramen_addict','surfing_dude','2025-11-27 09:59:17'),(344,'ramen_addict','wine_lover','2025-11-27 09:59:17'),(345,'ramen_addict','ice_cream','2025-11-27 09:59:17'),(346,'ramen_addict','runner_girl','2025-11-27 09:59:17'),(348,'ramen_addict','cocktail_bar','2025-11-27 09:59:17'),(350,'bookworm','wine_lover','2025-11-27 09:59:17'),(351,'bookworm','ocean_lover','2025-11-27 09:59:17'),(352,'bookworm','music_fan','2025-11-27 09:59:17'),(353,'bookworm','runner_girl','2025-11-27 09:59:17'),(354,'bookworm','beer_master','2025-11-27 09:59:17'),(355,'bookworm','drama_fan','2025-11-27 09:59:17'),(357,'bookworm','burger_hunter','2025-11-27 09:59:17'),(358,'bookworm','travel_master','2025-11-27 09:59:17'),(359,'bookworm','photo_artist','2025-11-27 09:59:17'),(360,'bookworm','game_streamer','2025-11-27 09:59:17'),(361,'bookworm','chicken_fan','2025-11-27 09:59:17'),(363,'bookworm','daily_life','2025-11-27 09:59:17'),(364,'bookworm','movie_buff','2025-11-27 09:59:17'),(366,'music_fan','kimbap_queen','2025-11-27 09:59:17'),(367,'music_fan','beer_master','2025-11-27 09:59:17'),(368,'music_fan','bbq_king','2025-11-27 09:59:17'),(369,'music_fan','plant_mom','2025-11-27 09:59:17'),(370,'music_fan','cocktail_bar','2025-11-27 09:59:17'),(371,'music_fan','sushi_master','2025-11-27 09:59:17'),(374,'art_collector','sushi_master','2025-11-27 09:59:17'),(375,'art_collector','photo_artist','2025-11-27 09:59:17'),(376,'art_collector','runner_girl','2025-11-27 09:59:17'),(377,'art_collector','surfing_dude','2025-11-27 09:59:17'),(379,'art_collector','fitness_guru','2025-11-27 09:59:17'),(380,'fitness_guru','vintage_hunter','2025-11-27 09:59:17'),(382,'fitness_guru','runner_girl','2025-11-27 09:59:17'),(383,'fitness_guru','ramen_addict','2025-11-27 09:59:17'),(384,'fitness_guru','sushi_master','2025-11-27 09:59:17'),(386,'fitness_guru','travel_master','2025-11-27 09:59:17'),(387,'pet_lover','night_owl','2025-11-27 09:59:17'),(389,'pet_lover','soju_lover','2025-11-27 09:59:17'),(391,'pet_lover','foodie_busan','2025-11-27 09:59:17'),(392,'pet_lover','diy_maker','2025-11-27 09:59:17'),(393,'pet_lover','drama_fan','2025-11-27 09:59:17'),(395,'pet_lover','ice_cream','2025-11-27 09:59:17'),(396,'pet_lover','idol_fan','2025-11-27 09:59:17'),(397,'vintage_hunter','bread_lover','2025-11-27 09:59:17'),(398,'vintage_hunter','morning_person','2025-11-27 09:59:17'),(399,'vintage_hunter','plant_mom','2025-11-27 09:59:17'),(400,'vintage_hunter','runner_girl','2025-11-27 09:59:17'),(401,'vintage_hunter','daily_life','2025-11-27 09:59:17'),(402,'vintage_hunter','fishing_pro','2025-11-27 09:59:17'),(403,'vintage_hunter','soju_lover','2025-11-27 09:59:17'),(405,'vintage_hunter','cocktail_bar','2025-11-27 09:59:17'),(406,'vintage_hunter','game_streamer','2025-11-27 09:59:17'),(407,'vintage_hunter','ramen_addict','2025-11-27 09:59:17'),(408,'soju_lover','burger_hunter','2025-11-27 09:59:17'),(409,'soju_lover','beer_master','2025-11-27 09:59:17'),(410,'soju_lover','plant_mom','2025-11-27 09:59:17'),(411,'soju_lover','daily_life','2025-11-27 09:59:17'),(412,'soju_lover','street_food','2025-11-27 09:59:17'),(413,'soju_lover','pet_lover','2025-11-27 09:59:17'),(414,'soju_lover','game_streamer','2025-11-27 09:59:17'),(415,'soju_lover','ocean_lover','2025-11-27 09:59:18'),(416,'soju_lover','runner_girl','2025-11-27 09:59:18'),(417,'soju_lover','movie_buff','2025-11-27 09:59:18'),(418,'soju_lover','chicken_fan','2025-11-27 09:59:18'),(419,'soju_lover','drama_fan','2025-11-27 09:59:18'),(420,'soju_lover','kimbap_queen','2025-11-27 09:59:18'),(421,'soju_lover','bbq_king','2025-11-27 09:59:18'),(422,'yoga_master','street_food','2025-11-27 09:59:18'),(423,'yoga_master','travel_master','2025-11-27 09:59:18'),(424,'yoga_master','pet_lover','2025-11-27 09:59:18'),(425,'yoga_master','bread_lover','2025-11-27 09:59:18'),(426,'yoga_master','chicken_fan','2025-11-27 09:59:18'),(427,'yoga_master','idol_fan','2025-11-27 09:59:18'),(428,'yoga_master','ocean_lover','2025-11-27 09:59:18'),(429,'yoga_master','fishing_pro','2025-11-27 09:59:18'),(430,'yoga_master','art_collector','2025-11-27 09:59:18'),(431,'yoga_master','bbq_king','2025-11-27 09:59:18'),(432,'yoga_master','sushi_master','2025-11-27 09:59:18'),(433,'yoga_master','soju_lover','2025-11-27 09:59:18'),(434,'yoga_master','vintage_hunter','2025-11-27 09:59:18'),(435,'yoga_master','bike_rider','2025-11-27 09:59:18'),(436,'surfing_dude','pizza_lover','2025-11-27 09:59:18'),(437,'surfing_dude','foodie_busan','2025-11-27 09:59:18'),(438,'surfing_dude','daily_life','2025-11-27 09:59:18'),(439,'surfing_dude','ocean_lover','2025-11-27 09:59:18'),(440,'surfing_dude','kimbap_queen','2025-11-27 09:59:18'),(441,'surfing_dude','camping_fan','2025-11-27 09:59:18'),(442,'surfing_dude','music_fan','2025-11-27 09:59:18'),(443,'surfing_dude','movie_buff','2025-11-27 09:59:18'),(444,'surfing_dude','bbq_king','2025-11-27 09:59:18'),(445,'surfing_dude','pet_lover','2025-11-27 09:59:18'),(446,'surfing_dude','idol_fan','2025-11-27 09:59:18'),(447,'surfing_dude','ice_cream','2025-11-27 09:59:18'),(448,'surfing_dude','tteokbokki','2025-11-27 09:59:18'),(449,'bbq_king','morning_person','2025-11-27 09:59:18'),(450,'bbq_king','street_food','2025-11-27 09:59:18'),(451,'bbq_king','tea_master','2025-11-27 09:59:18'),(452,'bbq_king','movie_buff','2025-11-27 09:59:18'),(453,'bbq_king','burger_hunter','2025-11-27 09:59:18'),(454,'bbq_king','idol_fan','2025-11-27 09:59:18'),(455,'bbq_king','mountain_hiker','2025-11-27 09:59:18'),(456,'bbq_king','bike_rider','2025-11-27 09:59:18'),(457,'bbq_king','soju_lover','2025-11-27 09:59:18'),(458,'bbq_king','bookworm','2025-11-27 09:59:18'),(459,'bbq_king','plant_mom','2025-11-27 09:59:18'),(460,'bbq_king','night_owl','2025-11-27 09:59:18'),(461,'bbq_king','chicken_fan','2025-11-27 09:59:18'),(462,'bbq_king','pet_lover','2025-11-27 09:59:18'),(463,'pizza_lover','mountain_hiker','2025-11-27 09:59:18'),(464,'pizza_lover','ramen_addict','2025-11-27 09:59:18'),(465,'pizza_lover','movie_buff','2025-11-27 09:59:18'),(466,'pizza_lover','diy_maker','2025-11-27 09:59:18'),(467,'pizza_lover','drama_fan','2025-11-27 09:59:18'),(468,'pizza_lover','surfing_dude','2025-11-27 09:59:18'),(469,'sushi_master','cafe_lover','2025-11-27 09:59:18'),(470,'sushi_master','music_fan','2025-11-27 09:59:18'),(471,'sushi_master','art_collector','2025-11-27 09:59:18'),(472,'sushi_master','camping_fan','2025-11-27 09:59:18'),(473,'sushi_master','ocean_lover','2025-11-27 09:59:18'),(474,'sushi_master','wine_lover','2025-11-27 09:59:18'),(475,'sushi_master','kimbap_queen','2025-11-27 09:59:18'),(476,'sushi_master','gamer_pro','2025-11-27 09:59:18'),(477,'sushi_master','photo_artist','2025-11-27 09:59:18'),(478,'sushi_master','tea_master','2025-11-27 09:59:18'),(479,'sushi_master','ice_cream','2025-11-27 09:59:18'),(480,'sushi_master','pet_lover','2025-11-27 09:59:18'),(481,'chicken_fan','fitness_guru','2025-11-27 09:59:18'),(482,'chicken_fan','runner_girl','2025-11-27 09:59:18'),(483,'chicken_fan','camping_fan','2025-11-27 09:59:18'),(484,'chicken_fan','vintage_hunter','2025-11-27 09:59:18'),(485,'chicken_fan','pet_lover','2025-11-27 09:59:18'),(486,'chicken_fan','kimbap_queen','2025-11-27 09:59:18'),(487,'chicken_fan','ramen_addict','2025-11-27 09:59:18'),(488,'chicken_fan','drama_fan','2025-11-27 09:59:18'),(489,'chicken_fan','yoga_master','2025-11-27 09:59:18'),(490,'chicken_fan','wine_lover','2025-11-27 09:59:18'),(491,'chicken_fan','ocean_lover','2025-11-27 09:59:18'),(492,'chicken_fan','travel_master','2025-11-27 09:59:18'),(493,'chicken_fan','bbq_king','2025-11-27 09:59:18'),(494,'chicken_fan','ice_cream','2025-11-27 09:59:18'),(495,'chicken_fan','mountain_hiker','2025-11-27 09:59:18'),(496,'tteokbokki','soju_lover','2025-11-27 09:59:18'),(497,'tteokbokki','morning_person','2025-11-27 09:59:18'),(498,'tteokbokki','kimbap_queen','2025-11-27 09:59:18'),(499,'tteokbokki','plant_mom','2025-11-27 09:59:18'),(500,'tteokbokki','surfing_dude','2025-11-27 09:59:18'),(501,'kimbap_queen','cocktail_bar','2025-11-27 09:59:18'),(502,'kimbap_queen','yoga_master','2025-11-27 09:59:18'),(503,'kimbap_queen','idol_fan','2025-11-27 09:59:18'),(504,'kimbap_queen','beer_master','2025-11-27 09:59:18'),(505,'kimbap_queen','gamer_pro','2025-11-27 09:59:18'),(506,'kimbap_queen','diy_maker','2025-11-27 09:59:18'),(507,'kimbap_queen','bookworm','2025-11-27 09:59:18'),(508,'kimbap_queen','movie_buff','2025-11-27 09:59:18'),(509,'kimbap_queen','daily_life','2025-11-27 09:59:18'),(510,'kimbap_queen','fitness_guru','2025-11-27 09:59:18'),(511,'kimbap_queen','soju_lover','2025-11-27 09:59:18'),(512,'kimbap_queen','plant_mom','2025-11-27 09:59:18'),(513,'kimbap_queen','mountain_hiker','2025-11-27 09:59:18'),(514,'kimbap_queen','pizza_lover','2025-11-27 09:59:18'),(515,'burger_hunter','gamer_pro','2025-11-27 09:59:18'),(516,'burger_hunter','tea_master','2025-11-27 09:59:18'),(517,'burger_hunter','travel_master','2025-11-27 09:59:18'),(518,'burger_hunter','night_owl','2025-11-27 09:59:18'),(519,'burger_hunter','game_streamer','2025-11-27 09:59:18'),(520,'wine_lover','cocktail_bar','2025-11-27 09:59:18'),(521,'wine_lover','photo_artist','2025-11-27 09:59:18'),(522,'wine_lover','movie_buff','2025-11-27 09:59:18'),(523,'wine_lover','bookworm','2025-11-27 09:59:18'),(524,'wine_lover','idol_fan','2025-11-27 09:59:18'),(525,'wine_lover','fishing_pro','2025-11-27 09:59:18'),(526,'wine_lover','soju_lover','2025-11-27 09:59:18'),(527,'wine_lover','chicken_fan','2025-11-27 09:59:18'),(528,'wine_lover','travel_master','2025-11-27 09:59:18'),(529,'wine_lover','beer_master','2025-11-27 09:59:18'),(530,'wine_lover','pizza_lover','2025-11-27 09:59:18'),(531,'wine_lover','kimbap_queen','2025-11-27 09:59:18'),(532,'cocktail_bar','gamer_pro','2025-11-27 09:59:18'),(533,'cocktail_bar','travel_master','2025-11-27 09:59:18'),(534,'cocktail_bar','yoga_master','2025-11-27 09:59:18'),(535,'cocktail_bar','art_collector','2025-11-27 09:59:18'),(536,'cocktail_bar','vintage_hunter','2025-11-27 09:59:18'),(537,'cocktail_bar','tteokbokki','2025-11-27 09:59:18'),(538,'cocktail_bar','bread_lover','2025-11-27 09:59:18'),(539,'cocktail_bar','soju_lover','2025-11-27 09:59:18'),(540,'cocktail_bar','fitness_guru','2025-11-27 09:59:18'),(541,'cocktail_bar','bike_rider','2025-11-27 09:59:18'),(542,'cocktail_bar','music_fan','2025-11-27 09:59:18'),(543,'cocktail_bar','runner_girl','2025-11-27 09:59:18'),(544,'cocktail_bar','daily_life','2025-11-27 09:59:18'),(545,'cocktail_bar','kimbap_queen','2025-11-27 09:59:18'),(546,'cocktail_bar','drama_fan','2025-11-27 09:59:18'),(547,'ice_cream','morning_person','2025-11-27 09:59:18'),(548,'ice_cream','idol_fan','2025-11-27 09:59:18'),(549,'ice_cream','night_owl','2025-11-27 09:59:18'),(550,'ice_cream','drama_fan','2025-11-27 09:59:18'),(551,'ice_cream','diy_maker','2025-11-27 09:59:18'),(552,'ice_cream','pizza_lover','2025-11-27 09:59:18'),(553,'ice_cream','bookworm','2025-11-27 09:59:18'),(554,'ice_cream','street_food','2025-11-27 09:59:18'),(555,'ice_cream','camping_fan','2025-11-27 09:59:18'),(556,'ice_cream','beer_master','2025-11-27 09:59:18'),(557,'ice_cream','bike_rider','2025-11-27 09:59:18'),(558,'bread_lover','ocean_lover','2025-11-27 09:59:18'),(559,'bread_lover','kimbap_queen','2025-11-27 09:59:18'),(560,'bread_lover','foodie_busan','2025-11-27 09:59:18'),(561,'bread_lover','idol_fan','2025-11-27 09:59:18'),(562,'bread_lover','bookworm','2025-11-27 09:59:18'),(563,'bread_lover','mountain_hiker','2025-11-27 09:59:18'),(564,'bread_lover','ramen_addict','2025-11-27 09:59:18'),(565,'bread_lover','pet_lover','2025-11-27 09:59:18'),(566,'tea_master','chicken_fan','2025-11-27 09:59:18'),(567,'tea_master','night_owl','2025-11-27 09:59:18'),(568,'tea_master','music_fan','2025-11-27 09:59:18'),(569,'tea_master','bookworm','2025-11-27 09:59:18'),(570,'tea_master','tteokbokki','2025-11-27 09:59:18'),(571,'tea_master','bread_lover','2025-11-27 09:59:18'),(572,'tea_master','sushi_master','2025-11-27 09:59:18'),(573,'tea_master','fitness_guru','2025-11-27 09:59:18'),(574,'tea_master','ice_cream','2025-11-27 09:59:18'),(575,'tea_master','vintage_hunter','2025-11-27 09:59:18'),(576,'tea_master','surfing_dude','2025-11-27 09:59:18'),(577,'camping_fan','diy_maker','2025-11-27 09:59:18'),(578,'camping_fan','fitness_guru','2025-11-27 09:59:18'),(579,'camping_fan','ramen_addict','2025-11-27 09:59:18'),(580,'camping_fan','wine_lover','2025-11-27 09:59:18'),(581,'camping_fan','game_streamer','2025-11-27 09:59:18'),(582,'fishing_pro','morning_person','2025-11-27 09:59:18'),(583,'fishing_pro','camping_fan','2025-11-27 09:59:18'),(584,'fishing_pro','fitness_guru','2025-11-27 09:59:18'),(585,'fishing_pro','photo_artist','2025-11-27 09:59:18'),(586,'fishing_pro','game_streamer','2025-11-27 09:59:18'),(587,'fishing_pro','plant_mom','2025-11-27 09:59:18'),(588,'fishing_pro','burger_hunter','2025-11-27 09:59:18'),(589,'fishing_pro','sushi_master','2025-11-27 09:59:18'),(590,'fishing_pro','soju_lover','2025-11-27 09:59:18'),(591,'fishing_pro','travel_master','2025-11-27 09:59:18'),(592,'fishing_pro','ice_cream','2025-11-27 09:59:18'),(593,'fishing_pro','gamer_pro','2025-11-27 09:59:18'),(594,'fishing_pro','cafe_lover','2025-11-27 09:59:18'),(595,'bike_rider','morning_person','2025-11-27 09:59:18'),(596,'bike_rider','idol_fan','2025-11-27 09:59:18'),(597,'bike_rider','fishing_pro','2025-11-27 09:59:18'),(598,'bike_rider','travel_master','2025-11-27 09:59:18'),(599,'bike_rider','vintage_hunter','2025-11-27 09:59:18'),(600,'runner_girl','morning_person','2025-11-27 09:59:18'),(601,'runner_girl','music_fan','2025-11-27 09:59:18'),(602,'runner_girl','gamer_pro','2025-11-27 09:59:18'),(603,'runner_girl','bbq_king','2025-11-27 09:59:18'),(604,'runner_girl','travel_master','2025-11-27 09:59:18'),(605,'runner_girl','tteokbokki','2025-11-27 09:59:18'),(606,'drama_fan','beer_master','2025-11-27 09:59:18'),(607,'drama_fan','art_collector','2025-11-27 09:59:18'),(608,'drama_fan','bbq_king','2025-11-27 09:59:18'),(609,'drama_fan','vintage_hunter','2025-11-27 09:59:18'),(610,'drama_fan','morning_person','2025-11-27 09:59:18'),(611,'movie_buff','soju_lover','2025-11-27 09:59:18'),(612,'movie_buff','travel_master','2025-11-27 09:59:18'),(613,'movie_buff','gamer_pro','2025-11-27 09:59:18'),(614,'movie_buff','cocktail_bar','2025-11-27 09:59:18'),(615,'movie_buff','art_collector','2025-11-27 09:59:18'),(616,'movie_buff','fishing_pro','2025-11-27 09:59:18'),(617,'movie_buff','sushi_master','2025-11-27 09:59:18'),(618,'movie_buff','wine_lover','2025-11-27 09:59:18'),(619,'movie_buff','plant_mom','2025-11-27 09:59:18'),(620,'movie_buff','tteokbokki','2025-11-27 09:59:18'),(621,'movie_buff','night_owl','2025-11-27 09:59:18'),(622,'movie_buff','chicken_fan','2025-11-27 09:59:18'),(623,'plant_mom','diy_maker','2025-11-27 09:59:18'),(624,'plant_mom','travel_master','2025-11-27 09:59:18'),(625,'plant_mom','cafe_lover','2025-11-27 09:59:18'),(626,'plant_mom','runner_girl','2025-11-27 09:59:18'),(627,'plant_mom','bike_rider','2025-11-27 09:59:18'),(628,'plant_mom','morning_person','2025-11-27 09:59:18'),(629,'plant_mom','ice_cream','2025-11-27 09:59:18'),(630,'plant_mom','wine_lover','2025-11-27 09:59:18'),(631,'plant_mom','camping_fan','2025-11-27 09:59:18'),(632,'plant_mom','fitness_guru','2025-11-27 09:59:18'),(633,'plant_mom','tea_master','2025-11-27 09:59:18'),(634,'diy_maker','travel_master','2025-11-27 09:59:18'),(635,'diy_maker','fishing_pro','2025-11-27 09:59:18'),(636,'diy_maker','camping_fan','2025-11-27 09:59:18'),(637,'diy_maker','morning_person','2025-11-27 09:59:18'),(638,'diy_maker','tteokbokki','2025-11-27 09:59:18'),(639,'diy_maker','cocktail_bar','2025-11-27 09:59:18'),(640,'diy_maker','drama_fan','2025-11-27 09:59:18'),(641,'diy_maker','burger_hunter','2025-11-27 09:59:18'),(642,'diy_maker','beer_master','2025-11-27 09:59:18'),(643,'diy_maker','vintage_hunter','2025-11-27 09:59:18'),(644,'diy_maker','bookworm','2025-11-27 09:59:18'),(645,'diy_maker','ramen_addict','2025-11-27 09:59:18'),(646,'diy_maker','dessert_queen','2025-11-27 09:59:18'),(647,'game_streamer','bread_lover','2025-11-27 09:59:18'),(648,'game_streamer','surfing_dude','2025-11-27 09:59:18'),(649,'game_streamer','drama_fan','2025-11-27 09:59:18'),(650,'game_streamer','burger_hunter','2025-11-27 09:59:18'),(651,'game_streamer','street_food','2025-11-27 09:59:18'),(652,'game_streamer','movie_buff','2025-11-27 09:59:18'),(653,'game_streamer','fishing_pro','2025-11-27 09:59:18'),(654,'game_streamer','ice_cream','2025-11-27 09:59:18'),(655,'game_streamer','travel_master','2025-11-27 09:59:18'),(656,'idol_fan','kimbap_queen','2025-11-27 09:59:18'),(657,'idol_fan','music_fan','2025-11-27 09:59:18'),(658,'idol_fan','cafe_lover','2025-11-27 09:59:18'),(659,'idol_fan','yoga_master','2025-11-27 09:59:18'),(660,'idol_fan','plant_mom','2025-11-27 09:59:18'),(661,'idol_fan','daily_life','2025-11-27 09:59:18'),(662,'idol_fan','beer_master','2025-11-27 09:59:18'),(663,'idol_fan','burger_hunter','2025-11-27 09:59:18'),(664,'idol_fan','art_collector','2025-11-27 09:59:18'),(665,'beer_master','soju_lover','2025-11-28 09:55:41'),(667,'daily_life','beer_master','2025-12-01 15:01:41'),(671,'beer_master','yoga_master','2025-12-01 16:37:35');
/*!40000 ALTER TABLE `lm_follows` ENABLE KEYS */;
UNLOCK TABLES;

--
-- Table structure for table `lm_likes`
--

DROP TABLE IF EXISTS `lm_likes`;
/*!40101 SET @saved_cs_client     = @@character_set_client */;
/*!50503 SET character_set_client = utf8mb4 */;
CREATE TABLE `lm_likes` (
  `LIKE_ID` int NOT NULL AUTO_INCREMENT COMMENT '좋아요 고유 ID',
  `MARKER_ID` int NOT NULL COMMENT '좋아요를 받은 마커 ID',
  `USER_ID` varchar(50) NOT NULL COMMENT '좋아요를 누른 사용자 ID',
  `CREATED_AT` datetime DEFAULT CURRENT_TIMESTAMP COMMENT '좋아요 누른 시각',
  PRIMARY KEY (`LIKE_ID`),
  UNIQUE KEY `UQ_USER_MARKER_LIKE` (`USER_ID`,`MARKER_ID`)
) ENGINE=InnoDB AUTO_INCREMENT=1933 DEFAULT CHARSET=utf8mb4 COLLATE=utf8mb4_0900_ai_ci;
/*!40101 SET character_set_client = @saved_cs_client */;

--
-- Dumping data for table `lm_likes`
--

LOCK TABLES `lm_likes` WRITE;
/*!40000 ALTER TABLE `lm_likes` DISABLE KEYS */;
INSERT INTO `lm_likes` VALUES (2,5,'test1','2025-11-26 11:42:43'),(3,5,'test','2025-11-26 12:02:08'),(4,8,'travel_master','2025-11-26 15:35:31'),(5,8,'gamer_pro','2025-11-26 15:35:31'),(6,8,'foodie_busan','2025-11-26 15:35:31'),(7,8,'daily_life','2025-11-26 15:35:31'),(8,8,'photo_artist','2025-11-26 15:35:31'),(9,8,'ramen_addict','2025-11-26 15:35:31'),(10,8,'pet_lover','2025-11-26 15:35:31'),(11,8,'vintage_hunter','2025-11-26 15:35:31'),(12,8,'cafe_lover','2025-11-26 15:35:31'),(13,8,'street_food','2025-11-26 15:35:31'),(15,10,'night_owl','2025-11-26 15:35:31'),(16,10,'art_collector','2025-11-26 15:35:31'),(17,10,'mountain_hiker','2025-11-26 15:35:31'),(18,10,'pet_lover','2025-11-26 15:35:31'),(19,10,'street_food','2025-11-26 15:35:31'),(20,11,'art_collector','2025-11-26 15:35:31'),(21,11,'ramen_addict','2025-11-26 15:35:31'),(22,11,'pet_lover','2025-11-26 15:35:31'),(23,11,'vintage_hunter','2025-11-26 15:35:31'),(24,11,'foodie_busan','2025-11-26 15:35:31'),(25,11,'mountain_hiker','2025-11-26 15:35:31'),(26,11,'street_food','2025-11-26 15:35:31'),(27,12,'art_collector','2025-11-26 15:35:31'),(28,12,'dessert_queen','2025-11-26 15:35:31'),(29,13,'bookworm','2025-11-26 15:35:31'),(30,13,'daily_life','2025-11-26 15:35:31'),(31,13,'vintage_hunter','2025-11-26 15:35:31'),(32,13,'night_owl','2025-11-26 15:35:31'),(33,15,'street_food','2025-11-26 15:35:31'),(34,15,'fitness_guru','2025-11-26 15:35:31'),(35,15,'beer_master','2025-11-26 15:35:31'),(36,15,'morning_person','2025-11-26 15:35:31'),(37,15,'dessert_queen','2025-11-26 15:35:31'),(38,15,'cafe_lover','2025-11-26 15:35:31'),(39,15,'bookworm','2025-11-26 15:35:31'),(40,15,'gamer_pro','2025-11-26 15:35:31'),(41,16,'music_fan','2025-11-26 15:35:31'),(42,16,'ramen_addict','2025-11-26 15:35:31'),(43,16,'fitness_guru','2025-11-26 15:35:31'),(44,17,'fitness_guru','2025-11-26 15:35:31'),(45,17,'street_food','2025-11-26 15:35:31'),(46,17,'bookworm','2025-11-26 15:35:31'),(47,17,'dessert_queen','2025-11-26 15:35:31'),(48,18,'bookworm','2025-11-26 15:35:31'),(49,18,'vintage_hunter','2025-11-26 15:35:31'),(50,18,'daily_life','2025-11-26 15:35:31'),(51,18,'art_collector','2025-11-26 15:35:31'),(52,19,'ramen_addict','2025-11-26 15:35:31'),(53,19,'photo_artist','2025-11-26 15:35:31'),(54,19,'cafe_lover','2025-11-26 15:35:31'),(55,19,'ocean_lover','2025-11-26 15:35:31'),(56,19,'art_collector','2025-11-26 15:35:31'),(57,20,'cafe_lover','2025-11-26 15:35:31'),(58,20,'ramen_addict','2025-11-26 15:35:31'),(59,20,'music_fan','2025-11-26 15:35:32'),(60,20,'photo_artist','2025-11-26 15:35:32'),(61,20,'art_collector','2025-11-26 15:35:32'),(62,20,'ocean_lover','2025-11-26 15:35:32'),(63,20,'travel_master','2025-11-26 15:35:32'),(64,20,'mountain_hiker','2025-11-26 15:35:32'),(65,20,'dessert_queen','2025-11-26 15:35:32'),(66,20,'night_owl','2025-11-26 15:35:32'),(67,21,'vintage_hunter','2025-11-26 15:35:32'),(68,21,'art_collector','2025-11-26 15:35:32'),(69,21,'music_fan','2025-11-26 15:35:32'),(70,21,'dessert_queen','2025-11-26 15:35:32'),(71,21,'mountain_hiker','2025-11-26 15:35:32'),(72,21,'bookworm','2025-11-26 15:35:32'),(73,22,'cafe_lover','2025-11-26 15:35:32'),(74,23,'gamer_pro','2025-11-26 15:35:32'),(75,23,'street_food','2025-11-26 15:35:32'),(76,23,'photo_artist','2025-11-26 15:35:32'),(77,23,'foodie_busan','2025-11-26 15:35:32'),(78,23,'dessert_queen','2025-11-26 15:35:32'),(79,24,'beer_master','2025-11-26 15:35:32'),(80,24,'gamer_pro','2025-11-26 15:35:32'),(81,24,'vintage_hunter','2025-11-26 15:35:32'),(82,24,'street_food','2025-11-26 15:35:32'),(83,25,'morning_person','2025-11-26 15:35:32'),(84,25,'ramen_addict','2025-11-26 15:35:32'),(85,25,'beer_master','2025-11-26 15:35:32'),(86,25,'art_collector','2025-11-26 15:35:32'),(87,25,'bookworm','2025-11-26 15:35:32'),(88,25,'music_fan','2025-11-26 15:35:32'),(89,26,'art_collector','2025-11-26 15:35:32'),(90,27,'ramen_addict','2025-11-26 15:35:32'),(91,27,'travel_master','2025-11-26 15:35:32'),(92,27,'music_fan','2025-11-26 15:35:32'),(93,27,'art_collector','2025-11-26 15:35:32'),(94,27,'gamer_pro','2025-11-26 15:35:32'),(95,27,'foodie_busan','2025-11-26 15:35:32'),(96,27,'ocean_lover','2025-11-26 15:35:32'),(97,27,'dessert_queen','2025-11-26 15:35:32'),(98,27,'photo_artist','2025-11-26 15:35:32'),(99,27,'daily_life','2025-11-26 15:35:32'),(100,28,'art_collector','2025-11-26 15:35:32'),(101,28,'morning_person','2025-11-26 15:35:32'),(102,28,'street_food','2025-11-26 15:35:32'),(103,28,'dessert_queen','2025-11-26 15:35:32'),(104,28,'cafe_lover','2025-11-26 15:35:32'),(105,28,'fitness_guru','2025-11-26 15:35:32'),(107,28,'bookworm','2025-11-26 15:35:32'),(108,28,'pet_lover','2025-11-26 15:35:32'),(109,28,'music_fan','2025-11-26 15:35:32'),(110,29,'vintage_hunter','2025-11-26 15:35:32'),(111,29,'art_collector','2025-11-26 15:35:32'),(112,29,'morning_person','2025-11-26 15:35:32'),(113,29,'mountain_hiker','2025-11-26 15:35:32'),(114,29,'daily_life','2025-11-26 15:35:32'),(115,29,'foodie_busan','2025-11-26 15:35:32'),(116,29,'street_food','2025-11-26 15:35:32'),(117,29,'night_owl','2025-11-26 15:35:32'),(118,29,'pet_lover','2025-11-26 15:35:32'),(119,29,'bookworm','2025-11-26 15:35:32'),(120,30,'ocean_lover','2025-11-26 15:35:32'),(121,30,'travel_master','2025-11-26 15:35:32'),(122,30,'foodie_busan','2025-11-26 15:35:32'),(123,30,'night_owl','2025-11-26 15:35:32'),(124,30,'morning_person','2025-11-26 15:35:32'),(125,30,'art_collector','2025-11-26 15:35:32'),(126,30,'mountain_hiker','2025-11-26 15:35:32'),(127,31,'cafe_lover','2025-11-26 15:35:32'),(128,31,'beer_master','2025-11-26 15:35:32'),(129,31,'pet_lover','2025-11-26 15:35:32'),(130,31,'ramen_addict','2025-11-26 15:35:32'),(131,31,'night_owl','2025-11-26 15:35:32'),(132,31,'bookworm','2025-11-26 15:35:32'),(133,31,'foodie_busan','2025-11-26 15:35:32'),(134,31,'art_collector','2025-11-26 15:35:32'),(135,31,'travel_master','2025-11-26 15:35:32'),(136,31,'photo_artist','2025-11-26 15:35:32'),(137,32,'morning_person','2025-11-26 15:35:32'),(138,32,'night_owl','2025-11-26 15:35:32'),(139,32,'pet_lover','2025-11-26 15:35:32'),(140,32,'daily_life','2025-11-26 15:35:32'),(141,32,'art_collector','2025-11-26 15:35:32'),(142,32,'bookworm','2025-11-26 15:35:32'),(143,32,'fitness_guru','2025-11-26 15:35:32'),(144,33,'daily_life','2025-11-26 15:35:32'),(145,34,'pet_lover','2025-11-26 15:35:32'),(146,34,'daily_life','2025-11-26 15:35:32'),(147,34,'music_fan','2025-11-26 15:35:32'),(148,34,'fitness_guru','2025-11-26 15:35:32'),(149,34,'foodie_busan','2025-11-26 15:35:32'),(150,34,'cafe_lover','2025-11-26 15:35:32'),(151,34,'ramen_addict','2025-11-26 15:35:32'),(152,34,'travel_master','2025-11-26 15:35:32'),(153,35,'gamer_pro','2025-11-26 15:35:32'),(154,35,'mountain_hiker','2025-11-26 15:35:32'),(155,35,'cafe_lover','2025-11-26 15:35:32'),(156,36,'morning_person','2025-11-26 15:35:32'),(157,37,'music_fan','2025-11-26 15:35:32'),(158,37,'street_food','2025-11-26 15:35:32'),(159,37,'foodie_busan','2025-11-26 15:35:32'),(160,37,'gamer_pro','2025-11-26 15:35:32'),(161,38,'gamer_pro','2025-11-26 15:35:32'),(162,38,'bookworm','2025-11-26 15:35:32'),(163,38,'cafe_lover','2025-11-26 15:35:32'),(164,38,'beer_master','2025-11-26 15:35:32'),(165,38,'foodie_busan','2025-11-26 15:35:32'),(166,38,'pet_lover','2025-11-26 15:35:32'),(167,38,'photo_artist','2025-11-26 15:35:32'),(168,38,'morning_person','2025-11-26 15:35:32'),(169,38,'street_food','2025-11-26 15:35:32'),(170,38,'fitness_guru','2025-11-26 15:35:32'),(171,39,'mountain_hiker','2025-11-26 15:35:32'),(172,39,'cafe_lover','2025-11-26 15:35:32'),(173,39,'travel_master','2025-11-26 15:35:32'),(174,39,'beer_master','2025-11-26 15:35:32'),(175,39,'pet_lover','2025-11-26 15:35:32'),(176,40,'ocean_lover','2025-11-26 15:35:32'),(177,40,'street_food','2025-11-26 15:35:32'),(178,40,'dessert_queen','2025-11-26 15:35:32'),(179,40,'daily_life','2025-11-26 15:35:32'),(180,40,'bookworm','2025-11-26 15:35:32'),(181,41,'music_fan','2025-11-26 15:35:32'),(182,41,'ocean_lover','2025-11-26 15:35:32'),(183,42,'music_fan','2025-11-26 15:35:32'),(184,42,'beer_master','2025-11-26 15:35:32'),(185,42,'mountain_hiker','2025-11-26 15:35:32'),(186,42,'vintage_hunter','2025-11-26 15:35:32'),(187,42,'dessert_queen','2025-11-26 15:35:32'),(188,43,'art_collector','2025-11-26 15:35:32'),(189,43,'foodie_busan','2025-11-26 15:35:32'),(190,44,'night_owl','2025-11-26 15:35:32'),(191,44,'street_food','2025-11-26 15:35:32'),(192,44,'music_fan','2025-11-26 15:35:32'),(193,45,'ramen_addict','2025-11-26 15:35:32'),(194,45,'night_owl','2025-11-26 15:35:32'),(195,47,'ramen_addict','2025-11-26 15:35:32'),(196,47,'photo_artist','2025-11-26 15:35:32'),(197,47,'bookworm','2025-11-26 15:35:32'),(198,47,'art_collector','2025-11-26 15:35:32'),(199,47,'vintage_hunter','2025-11-26 15:35:32'),(200,47,'morning_person','2025-11-26 15:35:32'),(201,47,'fitness_guru','2025-11-26 15:35:32'),(202,47,'cafe_lover','2025-11-26 15:35:32'),(203,47,'pet_lover','2025-11-26 15:35:32'),(204,47,'beer_master','2025-11-26 15:35:32'),(205,48,'pet_lover','2025-11-26 15:35:32'),(206,49,'dessert_queen','2025-11-26 15:35:32'),(207,50,'bookworm','2025-11-26 15:35:32'),(208,50,'street_food','2025-11-26 15:35:32'),(209,50,'pet_lover','2025-11-26 15:35:32'),(210,51,'gamer_pro','2025-11-26 15:35:32'),(211,51,'dessert_queen','2025-11-26 15:35:32'),(212,51,'pet_lover','2025-11-26 15:35:32'),(213,52,'music_fan','2025-11-26 15:35:32'),(214,52,'photo_artist','2025-11-26 15:35:32'),(215,52,'ramen_addict','2025-11-26 15:35:32'),(216,52,'cafe_lover','2025-11-26 15:35:32'),(217,52,'ocean_lover','2025-11-26 15:35:32'),(218,52,'art_collector','2025-11-26 15:35:32'),(219,52,'foodie_busan','2025-11-26 15:35:32'),(220,53,'music_fan','2025-11-26 15:35:32'),(221,53,'morning_person','2025-11-26 15:35:32'),(222,54,'bookworm','2025-11-26 15:35:32'),(223,54,'travel_master','2025-11-26 15:35:32'),(224,54,'fitness_guru','2025-11-26 15:35:32'),(225,54,'ocean_lover','2025-11-26 15:35:32'),(226,54,'vintage_hunter','2025-11-26 15:35:32'),(227,54,'beer_master','2025-11-26 15:35:32'),(228,54,'street_food','2025-11-26 15:35:32'),(229,54,'mountain_hiker','2025-11-26 15:35:32'),(230,55,'bookworm','2025-11-26 15:35:32'),(231,55,'morning_person','2025-11-26 15:35:32'),(232,55,'travel_master','2025-11-26 15:35:32'),(233,57,'pet_lover','2025-11-26 15:35:32'),(234,57,'bookworm','2025-11-26 15:35:32'),(235,57,'mountain_hiker','2025-11-26 15:35:32'),(236,57,'cafe_lover','2025-11-26 15:35:32'),(237,57,'foodie_busan','2025-11-26 15:35:32'),(238,58,'pet_lover','2025-11-26 15:35:32'),(239,60,'mountain_hiker','2025-11-26 15:35:32'),(240,61,'fitness_guru','2025-11-26 15:35:32'),(241,61,'beer_master','2025-11-26 15:35:32'),(242,61,'gamer_pro','2025-11-26 15:35:32'),(243,62,'travel_master','2025-11-26 15:35:32'),(244,62,'morning_person','2025-11-26 15:35:32'),(245,62,'mountain_hiker','2025-11-26 15:35:32'),(246,62,'ramen_addict','2025-11-26 15:35:32'),(247,62,'art_collector','2025-11-26 15:35:32'),(248,62,'foodie_busan','2025-11-26 15:35:32'),(249,62,'pet_lover','2025-11-26 15:35:32'),(250,63,'ocean_lover','2025-11-26 15:35:32'),(251,63,'art_collector','2025-11-26 15:35:32'),(252,63,'bookworm','2025-11-26 15:35:32'),(253,63,'ramen_addict','2025-11-26 15:35:32'),(254,63,'fitness_guru','2025-11-26 15:35:32'),(255,63,'cafe_lover','2025-11-26 15:35:32'),(256,63,'foodie_busan','2025-11-26 15:35:32'),(257,63,'mountain_hiker','2025-11-26 15:35:32'),(258,64,'ocean_lover','2025-11-26 15:35:32'),(259,64,'foodie_busan','2025-11-26 15:35:32'),(260,64,'art_collector','2025-11-26 15:35:32'),(261,64,'music_fan','2025-11-26 15:35:32'),(262,66,'photo_artist','2025-11-26 15:35:32'),(263,66,'pet_lover','2025-11-26 15:35:32'),(264,67,'street_food','2025-11-26 15:35:32'),(265,67,'travel_master','2025-11-26 15:35:32'),(266,67,'mountain_hiker','2025-11-26 15:35:32'),(267,67,'ramen_addict','2025-11-26 15:35:32'),(268,67,'cafe_lover','2025-11-26 15:35:32'),(269,67,'pet_lover','2025-11-26 15:35:32'),(270,67,'bookworm','2025-11-26 15:35:32'),(271,9,'beer_master','2025-11-26 15:38:37'),(272,10,'beer_master','2025-11-26 15:38:38'),(274,47,'test','2025-11-26 18:23:08'),(275,55,'beer_master','2025-11-27 09:56:11'),(276,68,'travel_master','2025-11-27 09:59:18'),(277,68,'idol_fan','2025-11-27 09:59:18'),(278,68,'pet_lover','2025-11-27 09:59:18'),(279,68,'camping_fan','2025-11-27 09:59:18'),(280,68,'daily_life','2025-11-27 09:59:18'),(281,68,'movie_buff','2025-11-27 09:59:18'),(282,68,'bookworm','2025-11-27 09:59:18'),(283,68,'dessert_queen','2025-11-27 09:59:18'),(284,69,'art_collector','2025-11-27 09:59:18'),(285,69,'fishing_pro','2025-11-27 09:59:18'),(286,69,'music_fan','2025-11-27 09:59:18'),(287,69,'cocktail_bar','2025-11-27 09:59:18'),(288,69,'travel_master','2025-11-27 09:59:18'),(289,69,'night_owl','2025-11-27 09:59:18'),(290,69,'tteokbokki','2025-11-27 09:59:18'),(291,69,'ice_cream','2025-11-27 09:59:18'),(292,69,'fitness_guru','2025-11-27 09:59:18'),(293,69,'game_streamer','2025-11-27 09:59:18'),(294,69,'sushi_master','2025-11-27 09:59:18'),(295,70,'cafe_lover','2025-11-27 09:59:18'),(296,70,'vintage_hunter','2025-11-27 09:59:18'),(297,70,'bookworm','2025-11-27 09:59:18'),(298,70,'daily_life','2025-11-27 09:59:18'),(299,70,'ocean_lover','2025-11-27 09:59:18'),(300,70,'night_owl','2025-11-27 09:59:18'),(301,70,'beer_master','2025-11-27 09:59:18'),(302,70,'mountain_hiker','2025-11-27 09:59:18'),(303,70,'art_collector','2025-11-27 09:59:18'),(304,70,'wine_lover','2025-11-27 09:59:18'),(305,70,'sushi_master','2025-11-27 09:59:18'),(306,70,'morning_person','2025-11-27 09:59:18'),(307,70,'surfing_dude','2025-11-27 09:59:18'),(308,70,'drama_fan','2025-11-27 09:59:18'),(309,71,'sushi_master','2025-11-27 09:59:18'),(310,72,'bread_lover','2025-11-27 09:59:18'),(311,72,'bbq_king','2025-11-27 09:59:18'),(312,72,'diy_maker','2025-11-27 09:59:18'),(313,72,'vintage_hunter','2025-11-27 09:59:18'),(314,72,'fishing_pro','2025-11-27 09:59:18'),(315,72,'wine_lover','2025-11-27 09:59:18'),(316,72,'night_owl','2025-11-27 09:59:18'),(317,72,'dessert_queen','2025-11-27 09:59:18'),(318,72,'fitness_guru','2025-11-27 09:59:18'),(319,72,'runner_girl','2025-11-27 09:59:18'),(320,72,'plant_mom','2025-11-27 09:59:18'),(321,73,'bookworm','2025-11-27 09:59:18'),(322,73,'drama_fan','2025-11-27 09:59:18'),(323,73,'sushi_master','2025-11-27 09:59:18'),(324,73,'street_food','2025-11-27 09:59:18'),(325,73,'fishing_pro','2025-11-27 09:59:18'),(326,73,'foodie_busan','2025-11-27 09:59:18'),(327,73,'tteokbokki','2025-11-27 09:59:18'),(328,73,'game_streamer','2025-11-27 09:59:18'),(329,73,'mountain_hiker','2025-11-27 09:59:18'),(330,73,'morning_person','2025-11-27 09:59:18'),(331,73,'chicken_fan','2025-11-27 09:59:18'),(332,73,'beer_master','2025-11-27 09:59:18'),(333,73,'bbq_king','2025-11-27 09:59:18'),(334,73,'diy_maker','2025-11-27 09:59:18'),(335,73,'burger_hunter','2025-11-27 09:59:18'),(336,74,'vintage_hunter','2025-11-27 09:59:18'),(337,74,'diy_maker','2025-11-27 09:59:18'),(338,74,'cocktail_bar','2025-11-27 09:59:18'),(339,74,'pizza_lover','2025-11-27 09:59:18'),(340,74,'gamer_pro','2025-11-27 09:59:18'),(341,74,'ramen_addict','2025-11-27 09:59:18'),(342,74,'fitness_guru','2025-11-27 09:59:18'),(343,74,'sushi_master','2025-11-27 09:59:18'),(344,74,'night_owl','2025-11-27 09:59:18'),(345,74,'plant_mom','2025-11-27 09:59:18'),(346,75,'photo_artist','2025-11-27 09:59:18'),(347,75,'tteokbokki','2025-11-27 09:59:18'),(348,75,'drama_fan','2025-11-27 09:59:18'),(349,75,'beer_master','2025-11-27 09:59:18'),(350,75,'night_owl','2025-11-27 09:59:18'),(351,75,'sushi_master','2025-11-27 09:59:18'),(352,75,'vintage_hunter','2025-11-27 09:59:18'),(353,75,'idol_fan','2025-11-27 09:59:18'),(354,75,'travel_master','2025-11-27 09:59:18'),(355,75,'ice_cream','2025-11-27 09:59:18'),(356,75,'game_streamer','2025-11-27 09:59:18'),(357,75,'daily_life','2025-11-27 09:59:18'),(358,75,'pet_lover','2025-11-27 09:59:18'),(359,75,'art_collector','2025-11-27 09:59:18'),(360,76,'art_collector','2025-11-27 09:59:18'),(361,76,'bbq_king','2025-11-27 09:59:18'),(362,76,'ice_cream','2025-11-27 09:59:18'),(363,76,'diy_maker','2025-11-27 09:59:18'),(364,76,'plant_mom','2025-11-27 09:59:18'),(365,76,'ramen_addict','2025-11-27 09:59:18'),(366,76,'game_streamer','2025-11-27 09:59:18'),(367,76,'kimbap_queen','2025-11-27 09:59:19'),(368,76,'night_owl','2025-11-27 09:59:19'),(369,76,'wine_lover','2025-11-27 09:59:19'),(370,76,'movie_buff','2025-11-27 09:59:19'),(371,77,'idol_fan','2025-11-27 09:59:19'),(372,78,'pizza_lover','2025-11-27 09:59:19'),(373,78,'bookworm','2025-11-27 09:59:19'),(374,78,'street_food','2025-11-27 09:59:19'),(375,78,'chicken_fan','2025-11-27 09:59:19'),(376,78,'yoga_master','2025-11-27 09:59:19'),(377,79,'pizza_lover','2025-11-27 09:59:19'),(378,79,'gamer_pro','2025-11-27 09:59:19'),(379,79,'chicken_fan','2025-11-27 09:59:19'),(380,79,'kimbap_queen','2025-11-27 09:59:19'),(381,79,'daily_life','2025-11-27 09:59:19'),(382,79,'ice_cream','2025-11-27 09:59:19'),(383,79,'bike_rider','2025-11-27 09:59:19'),(384,79,'wine_lover','2025-11-27 09:59:19'),(385,80,'sushi_master','2025-11-27 09:59:19'),(386,80,'surfing_dude','2025-11-27 09:59:19'),(387,80,'bbq_king','2025-11-27 09:59:19'),(388,80,'daily_life','2025-11-27 09:59:19'),(389,80,'burger_hunter','2025-11-27 09:59:19'),(390,80,'pizza_lover','2025-11-27 09:59:19'),(391,80,'idol_fan','2025-11-27 09:59:19'),(392,80,'photo_artist','2025-11-27 09:59:19'),(393,80,'dessert_queen','2025-11-27 09:59:19'),(394,81,'idol_fan','2025-11-27 09:59:19'),(395,81,'pizza_lover','2025-11-27 09:59:19'),(396,81,'cafe_lover','2025-11-27 09:59:19'),(397,81,'street_food','2025-11-27 09:59:19'),(398,81,'mountain_hiker','2025-11-27 09:59:19'),(399,81,'surfing_dude','2025-11-27 09:59:19'),(400,81,'diy_maker','2025-11-27 09:59:19'),(401,82,'mountain_hiker','2025-11-27 09:59:19'),(402,82,'art_collector','2025-11-27 09:59:19'),(403,82,'music_fan','2025-11-27 09:59:19'),(404,83,'idol_fan','2025-11-27 09:59:19'),(405,83,'bbq_king','2025-11-27 09:59:19'),(406,83,'vintage_hunter','2025-11-27 09:59:19'),(407,83,'night_owl','2025-11-27 09:59:19'),(408,83,'music_fan','2025-11-27 09:59:19'),(409,83,'street_food','2025-11-27 09:59:19'),(410,83,'movie_buff','2025-11-27 09:59:19'),(411,83,'pizza_lover','2025-11-27 09:59:19'),(412,83,'wine_lover','2025-11-27 09:59:19'),(413,83,'sushi_master','2025-11-27 09:59:19'),(414,83,'plant_mom','2025-11-27 09:59:19'),(415,83,'surfing_dude','2025-11-27 09:59:19'),(416,83,'art_collector','2025-11-27 09:59:19'),(417,83,'bike_rider','2025-11-27 09:59:19'),(418,84,'drama_fan','2025-11-27 09:59:19'),(419,84,'music_fan','2025-11-27 09:59:19'),(420,86,'ice_cream','2025-11-27 09:59:19'),(421,86,'photo_artist','2025-11-27 09:59:19'),(422,86,'sushi_master','2025-11-27 09:59:19'),(423,86,'diy_maker','2025-11-27 09:59:19'),(424,86,'street_food','2025-11-27 09:59:19'),(425,86,'night_owl','2025-11-27 09:59:19'),(426,86,'drama_fan','2025-11-27 09:59:19'),(427,86,'daily_life','2025-11-27 09:59:19'),(428,86,'vintage_hunter','2025-11-27 09:59:19'),(429,86,'dessert_queen','2025-11-27 09:59:19'),(430,86,'surfing_dude','2025-11-27 09:59:19'),(431,86,'bike_rider','2025-11-27 09:59:19'),(432,86,'kimbap_queen','2025-11-27 09:59:19'),(433,86,'pet_lover','2025-11-27 09:59:19'),(434,86,'mountain_hiker','2025-11-27 09:59:19'),(435,87,'morning_person','2025-11-27 09:59:19'),(436,88,'drama_fan','2025-11-27 09:59:19'),(437,88,'daily_life','2025-11-27 09:59:19'),(438,88,'ramen_addict','2025-11-27 09:59:19'),(439,88,'cocktail_bar','2025-11-27 09:59:19'),(440,88,'sushi_master','2025-11-27 09:59:19'),(441,88,'yoga_master','2025-11-27 09:59:19'),(442,88,'music_fan','2025-11-27 09:59:19'),(443,88,'tteokbokki','2025-11-27 09:59:19'),(444,88,'mountain_hiker','2025-11-27 09:59:19'),(445,89,'diy_maker','2025-11-27 09:59:19'),(446,89,'travel_master','2025-11-27 09:59:19'),(447,89,'art_collector','2025-11-27 09:59:19'),(448,89,'idol_fan','2025-11-27 09:59:19'),(449,89,'tea_master','2025-11-27 09:59:19'),(450,89,'dessert_queen','2025-11-27 09:59:19'),(451,89,'beer_master','2025-11-27 09:59:19'),(452,89,'pizza_lover','2025-11-27 09:59:19'),(453,89,'bread_lover','2025-11-27 09:59:19'),(454,90,'vintage_hunter','2025-11-27 09:59:19'),(455,90,'pizza_lover','2025-11-27 09:59:19'),(456,90,'kimbap_queen','2025-11-27 09:59:19'),(457,90,'travel_master','2025-11-27 09:59:19'),(458,90,'bbq_king','2025-11-27 09:59:19'),(459,90,'sushi_master','2025-11-27 09:59:19'),(460,90,'game_streamer','2025-11-27 09:59:19'),(461,90,'beer_master','2025-11-27 09:59:19'),(462,90,'photo_artist','2025-11-27 09:59:19'),(463,90,'diy_maker','2025-11-27 09:59:19'),(464,90,'daily_life','2025-11-27 09:59:19'),(465,91,'bike_rider','2025-11-27 09:59:19'),(466,91,'burger_hunter','2025-11-27 09:59:19'),(467,91,'pet_lover','2025-11-27 09:59:19'),(468,91,'game_streamer','2025-11-27 09:59:19'),(469,91,'tteokbokki','2025-11-27 09:59:19'),(470,91,'bbq_king','2025-11-27 09:59:19'),(471,91,'plant_mom','2025-11-27 09:59:19'),(472,91,'daily_life','2025-11-27 09:59:19'),(473,91,'ramen_addict','2025-11-27 09:59:19'),(474,91,'idol_fan','2025-11-27 09:59:19'),(475,91,'surfing_dude','2025-11-27 09:59:19'),(476,91,'travel_master','2025-11-27 09:59:19'),(477,91,'bookworm','2025-11-27 09:59:19'),(478,91,'camping_fan','2025-11-27 09:59:19'),(479,91,'bread_lover','2025-11-27 09:59:19'),(480,92,'movie_buff','2025-11-27 09:59:19'),(481,92,'bread_lover','2025-11-27 09:59:19'),(482,92,'bbq_king','2025-11-27 09:59:19'),(483,92,'fitness_guru','2025-11-27 09:59:19'),(484,92,'kimbap_queen','2025-11-27 09:59:19'),(485,92,'burger_hunter','2025-11-27 09:59:19'),(486,92,'vintage_hunter','2025-11-27 09:59:19'),(487,92,'morning_person','2025-11-27 09:59:19'),(488,92,'night_owl','2025-11-27 09:59:19'),(489,93,'street_food','2025-11-27 09:59:19'),(490,93,'movie_buff','2025-11-27 09:59:19'),(491,93,'soju_lover','2025-11-27 09:59:19'),(492,93,'bread_lover','2025-11-27 09:59:19'),(493,93,'travel_master','2025-11-27 09:59:19'),(494,93,'bbq_king','2025-11-27 09:59:19'),(495,93,'bookworm','2025-11-27 09:59:19'),(496,93,'wine_lover','2025-11-27 09:59:19'),(497,93,'foodie_busan','2025-11-27 09:59:19'),(498,93,'art_collector','2025-11-27 09:59:19'),(499,93,'chicken_fan','2025-11-27 09:59:19'),(500,94,'sushi_master','2025-11-27 09:59:19'),(501,94,'foodie_busan','2025-11-27 09:59:19'),(502,94,'soju_lover','2025-11-27 09:59:19'),(503,94,'street_food','2025-11-27 09:59:19'),(504,94,'photo_artist','2025-11-27 09:59:19'),(505,94,'tteokbokki','2025-11-27 09:59:19'),(506,94,'surfing_dude','2025-11-27 09:59:19'),(507,94,'game_streamer','2025-11-27 09:59:19'),(508,94,'fishing_pro','2025-11-27 09:59:19'),(509,94,'bbq_king','2025-11-27 09:59:19'),(510,94,'daily_life','2025-11-27 09:59:19'),(511,94,'chicken_fan','2025-11-27 09:59:19'),(512,95,'music_fan','2025-11-27 09:59:19'),(513,95,'cafe_lover','2025-11-27 09:59:19'),(514,95,'daily_life','2025-11-27 09:59:19'),(515,95,'game_streamer','2025-11-27 09:59:19'),(516,95,'travel_master','2025-11-27 09:59:19'),(517,95,'ice_cream','2025-11-27 09:59:19'),(518,95,'pet_lover','2025-11-27 09:59:19'),(519,95,'vintage_hunter','2025-11-27 09:59:19'),(520,95,'night_owl','2025-11-27 09:59:19'),(521,95,'art_collector','2025-11-27 09:59:19'),(522,95,'idol_fan','2025-11-27 09:59:19'),(523,95,'chicken_fan','2025-11-27 09:59:19'),(524,95,'camping_fan','2025-11-27 09:59:19'),(525,96,'chicken_fan','2025-11-27 09:59:19'),(526,96,'pizza_lover','2025-11-27 09:59:19'),(527,96,'bread_lover','2025-11-27 09:59:19'),(528,97,'movie_buff','2025-11-27 09:59:19'),(529,97,'camping_fan','2025-11-27 09:59:19'),(530,97,'morning_person','2025-11-27 09:59:19'),(531,97,'plant_mom','2025-11-27 09:59:19'),(532,97,'drama_fan','2025-11-27 09:59:19'),(533,97,'ocean_lover','2025-11-27 09:59:19'),(534,97,'vintage_hunter','2025-11-27 09:59:19'),(535,97,'photo_artist','2025-11-27 09:59:19'),(536,97,'yoga_master','2025-11-27 09:59:19'),(537,98,'burger_hunter','2025-11-27 09:59:19'),(538,98,'cafe_lover','2025-11-27 09:59:19'),(539,98,'movie_buff','2025-11-27 09:59:19'),(540,98,'bookworm','2025-11-27 09:59:19'),(541,98,'ocean_lover','2025-11-27 09:59:19'),(542,98,'camping_fan','2025-11-27 09:59:19'),(543,98,'ramen_addict','2025-11-27 09:59:19'),(544,98,'art_collector','2025-11-27 09:59:19'),(545,98,'morning_person','2025-11-27 09:59:19'),(546,98,'drama_fan','2025-11-27 09:59:19'),(547,99,'bread_lover','2025-11-27 09:59:19'),(548,99,'wine_lover','2025-11-27 09:59:19'),(549,99,'chicken_fan','2025-11-27 09:59:19'),(550,99,'soju_lover','2025-11-27 09:59:19'),(551,99,'game_streamer','2025-11-27 09:59:19'),(552,99,'bbq_king','2025-11-27 09:59:19'),(553,99,'music_fan','2025-11-27 09:59:19'),(554,99,'tea_master','2025-11-27 09:59:19'),(555,99,'ramen_addict','2025-11-27 09:59:19'),(556,99,'surfing_dude','2025-11-27 09:59:19'),(557,99,'foodie_busan','2025-11-27 09:59:19'),(558,99,'daily_life','2025-11-27 09:59:19'),(559,99,'pet_lover','2025-11-27 09:59:19'),(560,99,'street_food','2025-11-27 09:59:19'),(561,99,'cocktail_bar','2025-11-27 09:59:19'),(562,100,'bread_lover','2025-11-27 09:59:19'),(563,100,'ramen_addict','2025-11-27 09:59:19'),(564,100,'mountain_hiker','2025-11-27 09:59:19'),(565,100,'surfing_dude','2025-11-27 09:59:19'),(566,100,'bookworm','2025-11-27 09:59:19'),(567,100,'drama_fan','2025-11-27 09:59:19'),(568,100,'runner_girl','2025-11-27 09:59:19'),(569,100,'cafe_lover','2025-11-27 09:59:19'),(570,100,'dessert_queen','2025-11-27 09:59:19'),(571,100,'chicken_fan','2025-11-27 09:59:19'),(572,100,'beer_master','2025-11-27 09:59:19'),(573,100,'photo_artist','2025-11-27 09:59:19'),(574,100,'fitness_guru','2025-11-27 09:59:19'),(575,101,'surfing_dude','2025-11-27 09:59:19'),(576,101,'idol_fan','2025-11-27 09:59:19'),(577,101,'music_fan','2025-11-27 09:59:19'),(578,101,'vintage_hunter','2025-11-27 09:59:19'),(579,101,'cafe_lover','2025-11-27 09:59:19'),(580,101,'dessert_queen','2025-11-27 09:59:19'),(581,101,'gamer_pro','2025-11-27 09:59:19'),(582,101,'art_collector','2025-11-27 09:59:19'),(583,101,'camping_fan','2025-11-27 09:59:19'),(584,102,'vintage_hunter','2025-11-27 09:59:19'),(585,102,'drama_fan','2025-11-27 09:59:19'),(586,102,'pizza_lover','2025-11-27 09:59:19'),(587,102,'yoga_master','2025-11-27 09:59:19'),(588,102,'dessert_queen','2025-11-27 09:59:19'),(589,103,'yoga_master','2025-11-27 09:59:19'),(590,103,'pizza_lover','2025-11-27 09:59:19'),(591,103,'fitness_guru','2025-11-27 09:59:19'),(592,103,'photo_artist','2025-11-27 09:59:19'),(593,103,'cocktail_bar','2025-11-27 09:59:19'),(594,103,'bbq_king','2025-11-27 09:59:19'),(595,103,'burger_hunter','2025-11-27 09:59:19'),(596,103,'bike_rider','2025-11-27 09:59:19'),(597,103,'dessert_queen','2025-11-27 09:59:19'),(598,103,'street_food','2025-11-27 09:59:19'),(599,103,'idol_fan','2025-11-27 09:59:19'),(600,103,'beer_master','2025-11-27 09:59:19'),(601,104,'movie_buff','2025-11-27 09:59:19'),(602,104,'fitness_guru','2025-11-27 09:59:19'),(603,104,'pizza_lover','2025-11-27 09:59:19'),(604,105,'kimbap_queen','2025-11-27 09:59:19'),(605,105,'mountain_hiker','2025-11-27 09:59:19'),(606,105,'vintage_hunter','2025-11-27 09:59:19'),(607,106,'bike_rider','2025-11-27 09:59:19'),(608,106,'runner_girl','2025-11-27 09:59:19'),(609,106,'daily_life','2025-11-27 09:59:19'),(610,106,'morning_person','2025-11-27 09:59:19'),(611,106,'travel_master','2025-11-27 09:59:19'),(612,106,'fishing_pro','2025-11-27 09:59:19'),(613,106,'kimbap_queen','2025-11-27 09:59:19'),(614,106,'foodie_busan','2025-11-27 09:59:19'),(615,106,'chicken_fan','2025-11-27 09:59:19'),(616,106,'bookworm','2025-11-27 09:59:19'),(617,106,'wine_lover','2025-11-27 09:59:19'),(618,106,'surfing_dude','2025-11-27 09:59:19'),(619,107,'bike_rider','2025-11-27 09:59:19'),(620,107,'ramen_addict','2025-11-27 09:59:19'),(621,107,'tteokbokki','2025-11-27 09:59:19'),(622,107,'pizza_lover','2025-11-27 09:59:19'),(623,107,'street_food','2025-11-27 09:59:19'),(624,107,'game_streamer','2025-11-27 09:59:19'),(625,107,'burger_hunter','2025-11-27 09:59:19'),(626,107,'cafe_lover','2025-11-27 09:59:19'),(627,107,'runner_girl','2025-11-27 09:59:19'),(628,108,'diy_maker','2025-11-27 09:59:19'),(629,108,'bookworm','2025-11-27 09:59:19'),(630,108,'sushi_master','2025-11-27 09:59:19'),(631,108,'tteokbokki','2025-11-27 09:59:19'),(632,108,'art_collector','2025-11-27 09:59:19'),(633,108,'kimbap_queen','2025-11-27 09:59:19'),(634,108,'photo_artist','2025-11-27 09:59:19'),(635,108,'yoga_master','2025-11-27 09:59:19'),(636,108,'ramen_addict','2025-11-27 09:59:19'),(637,108,'dessert_queen','2025-11-27 09:59:19'),(638,108,'fitness_guru','2025-11-27 09:59:19'),(639,108,'night_owl','2025-11-27 09:59:19'),(640,108,'gamer_pro','2025-11-27 09:59:19'),(641,108,'music_fan','2025-11-27 09:59:19'),(642,108,'bike_rider','2025-11-27 09:59:19'),(643,109,'cocktail_bar','2025-11-27 09:59:19'),(644,109,'chicken_fan','2025-11-27 09:59:19'),(645,109,'ice_cream','2025-11-27 09:59:19'),(646,109,'foodie_busan','2025-11-27 09:59:19'),(647,109,'gamer_pro','2025-11-27 09:59:19'),(648,109,'travel_master','2025-11-27 09:59:19'),(649,110,'pizza_lover','2025-11-27 09:59:19'),(650,110,'ice_cream','2025-11-27 09:59:19'),(651,110,'foodie_busan','2025-11-27 09:59:19'),(652,110,'tteokbokki','2025-11-27 09:59:19'),(653,110,'music_fan','2025-11-27 09:59:19'),(654,110,'fitness_guru','2025-11-27 09:59:19'),(655,110,'runner_girl','2025-11-27 09:59:19'),(656,110,'photo_artist','2025-11-27 09:59:19'),(657,111,'bookworm','2025-11-27 09:59:19'),(658,111,'mountain_hiker','2025-11-27 09:59:19'),(659,111,'diy_maker','2025-11-27 09:59:19'),(660,111,'photo_artist','2025-11-27 09:59:19'),(661,111,'yoga_master','2025-11-27 09:59:19'),(662,111,'wine_lover','2025-11-27 09:59:19'),(663,111,'foodie_busan','2025-11-27 09:59:19'),(664,112,'plant_mom','2025-11-27 09:59:19'),(665,112,'chicken_fan','2025-11-27 09:59:19'),(666,112,'music_fan','2025-11-27 09:59:19'),(667,112,'foodie_busan','2025-11-27 09:59:19'),(668,113,'vintage_hunter','2025-11-27 09:59:19'),(669,113,'ice_cream','2025-11-27 09:59:19'),(670,113,'art_collector','2025-11-27 09:59:19'),(671,114,'dessert_queen','2025-11-27 09:59:19'),(672,114,'vintage_hunter','2025-11-27 09:59:19'),(673,114,'ice_cream','2025-11-27 09:59:19'),(674,114,'sushi_master','2025-11-27 09:59:19'),(675,114,'tea_master','2025-11-27 09:59:19'),(676,114,'diy_maker','2025-11-27 09:59:19'),(677,114,'game_streamer','2025-11-27 09:59:19'),(678,114,'drama_fan','2025-11-27 09:59:19'),(679,114,'burger_hunter','2025-11-27 09:59:19'),(680,114,'foodie_busan','2025-11-27 09:59:19'),(681,114,'cafe_lover','2025-11-27 09:59:19'),(682,114,'ramen_addict','2025-11-27 09:59:19'),(683,114,'fitness_guru','2025-11-27 09:59:19'),(684,114,'tteokbokki','2025-11-27 09:59:19'),(685,115,'pizza_lover','2025-11-27 09:59:19'),(686,115,'surfing_dude','2025-11-27 09:59:19'),(687,115,'runner_girl','2025-11-27 09:59:20'),(688,115,'sushi_master','2025-11-27 09:59:20'),(689,115,'cafe_lover','2025-11-27 09:59:20'),(690,115,'gamer_pro','2025-11-27 09:59:20'),(691,116,'travel_master','2025-11-27 09:59:20'),(692,116,'dessert_queen','2025-11-27 09:59:20'),(693,116,'mountain_hiker','2025-11-27 09:59:20'),(694,116,'ocean_lover','2025-11-27 09:59:20'),(695,117,'mountain_hiker','2025-11-27 09:59:20'),(696,117,'photo_artist','2025-11-27 09:59:20'),(697,117,'bbq_king','2025-11-27 09:59:20'),(698,117,'runner_girl','2025-11-27 09:59:20'),(699,117,'travel_master','2025-11-27 09:59:20'),(700,117,'gamer_pro','2025-11-27 09:59:20'),(701,117,'morning_person','2025-11-27 09:59:20'),(702,117,'vintage_hunter','2025-11-27 09:59:20'),(703,117,'yoga_master','2025-11-27 09:59:20'),(704,117,'surfing_dude','2025-11-27 09:59:20'),(705,118,'tea_master','2025-11-27 09:59:20'),(706,118,'travel_master','2025-11-27 09:59:20'),(707,118,'morning_person','2025-11-27 09:59:20'),(708,118,'mountain_hiker','2025-11-27 09:59:20'),(709,118,'foodie_busan','2025-11-27 09:59:20'),(710,118,'bookworm','2025-11-27 09:59:20'),(711,118,'fishing_pro','2025-11-27 09:59:20'),(712,118,'wine_lover','2025-11-27 09:59:20'),(713,118,'movie_buff','2025-11-27 09:59:20'),(714,118,'camping_fan','2025-11-27 09:59:20'),(715,118,'ramen_addict','2025-11-27 09:59:20'),(716,118,'bread_lover','2025-11-27 09:59:20'),(717,118,'beer_master','2025-11-27 09:59:20'),(718,119,'burger_hunter','2025-11-27 09:59:20'),(719,119,'music_fan','2025-11-27 09:59:20'),(720,119,'morning_person','2025-11-27 09:59:20'),(721,119,'wine_lover','2025-11-27 09:59:20'),(722,119,'pizza_lover','2025-11-27 09:59:20'),(723,119,'night_owl','2025-11-27 09:59:20'),(724,119,'bike_rider','2025-11-27 09:59:20'),(725,119,'ocean_lover','2025-11-27 09:59:20'),(726,119,'vintage_hunter','2025-11-27 09:59:20'),(727,119,'surfing_dude','2025-11-27 09:59:20'),(728,119,'cafe_lover','2025-11-27 09:59:20'),(729,120,'cocktail_bar','2025-11-27 09:59:20'),(730,120,'vintage_hunter','2025-11-27 09:59:20'),(731,120,'ramen_addict','2025-11-27 09:59:20'),(732,120,'kimbap_queen','2025-11-27 09:59:20'),(733,120,'pet_lover','2025-11-27 09:59:20'),(734,120,'wine_lover','2025-11-27 09:59:20'),(735,120,'mountain_hiker','2025-11-27 09:59:20'),(736,120,'fitness_guru','2025-11-27 09:59:20'),(737,120,'diy_maker','2025-11-27 09:59:20'),(738,120,'ice_cream','2025-11-27 09:59:20'),(739,120,'fishing_pro','2025-11-27 09:59:20'),(740,121,'pet_lover','2025-11-27 09:59:20'),(741,121,'cocktail_bar','2025-11-27 09:59:20'),(742,121,'fishing_pro','2025-11-27 09:59:20'),(743,121,'art_collector','2025-11-27 09:59:20'),(744,121,'surfing_dude','2025-11-27 09:59:20'),(745,121,'runner_girl','2025-11-27 09:59:20'),(746,122,'ramen_addict','2025-11-27 09:59:20'),(747,122,'camping_fan','2025-11-27 09:59:20'),(748,122,'bookworm','2025-11-27 09:59:20'),(749,122,'wine_lover','2025-11-27 09:59:20'),(750,122,'travel_master','2025-11-27 09:59:20'),(751,122,'art_collector','2025-11-27 09:59:20'),(752,122,'pizza_lover','2025-11-27 09:59:20'),(753,122,'sushi_master','2025-11-27 09:59:20'),(754,122,'soju_lover','2025-11-27 09:59:20'),(755,122,'photo_artist','2025-11-27 09:59:20'),(756,122,'plant_mom','2025-11-27 09:59:20'),(757,123,'bike_rider','2025-11-27 09:59:20'),(758,123,'foodie_busan','2025-11-27 09:59:20'),(759,123,'ramen_addict','2025-11-27 09:59:20'),(760,123,'vintage_hunter','2025-11-27 09:59:20'),(761,123,'pet_lover','2025-11-27 09:59:20'),(762,123,'art_collector','2025-11-27 09:59:20'),(763,123,'mountain_hiker','2025-11-27 09:59:20'),(764,123,'dessert_queen','2025-11-27 09:59:20'),(765,123,'kimbap_queen','2025-11-27 09:59:20'),(766,123,'fitness_guru','2025-11-27 09:59:20'),(767,123,'soju_lover','2025-11-27 09:59:20'),(768,123,'night_owl','2025-11-27 09:59:20'),(769,123,'ocean_lover','2025-11-27 09:59:20'),(770,124,'bbq_king','2025-11-27 09:59:20'),(771,124,'idol_fan','2025-11-27 09:59:20'),(772,124,'street_food','2025-11-27 09:59:20'),(773,124,'night_owl','2025-11-27 09:59:20'),(774,124,'bike_rider','2025-11-27 09:59:20'),(775,124,'cafe_lover','2025-11-27 09:59:20'),(776,124,'music_fan','2025-11-27 09:59:20'),(777,124,'fishing_pro','2025-11-27 09:59:20'),(778,125,'movie_buff','2025-11-27 09:59:20'),(779,125,'pizza_lover','2025-11-27 09:59:20'),(780,125,'gamer_pro','2025-11-27 09:59:20'),(781,125,'runner_girl','2025-11-27 09:59:20'),(782,125,'cafe_lover','2025-11-27 09:59:20'),(783,125,'ocean_lover','2025-11-27 09:59:20'),(784,125,'night_owl','2025-11-27 09:59:20'),(785,125,'music_fan','2025-11-27 09:59:20'),(786,125,'cocktail_bar','2025-11-27 09:59:20'),(787,125,'diy_maker','2025-11-27 09:59:20'),(788,125,'surfing_dude','2025-11-27 09:59:20'),(789,125,'bbq_king','2025-11-27 09:59:20'),(790,126,'cafe_lover','2025-11-27 09:59:20'),(791,126,'diy_maker','2025-11-27 09:59:20'),(792,126,'fishing_pro','2025-11-27 09:59:20'),(793,126,'bbq_king','2025-11-27 09:59:20'),(794,126,'tea_master','2025-11-27 09:59:20'),(795,126,'runner_girl','2025-11-27 09:59:20'),(796,126,'music_fan','2025-11-27 09:59:20'),(797,126,'morning_person','2025-11-27 09:59:20'),(798,126,'ocean_lover','2025-11-27 09:59:20'),(799,126,'soju_lover','2025-11-27 09:59:20'),(800,126,'vintage_hunter','2025-11-27 09:59:20'),(801,126,'bread_lover','2025-11-27 09:59:20'),(802,126,'gamer_pro','2025-11-27 09:59:20'),(803,126,'daily_life','2025-11-27 09:59:20'),(804,127,'yoga_master','2025-11-27 09:59:20'),(805,127,'cafe_lover','2025-11-27 09:59:20'),(806,127,'wine_lover','2025-11-27 09:59:20'),(807,127,'kimbap_queen','2025-11-27 09:59:20'),(808,127,'photo_artist','2025-11-27 09:59:20'),(809,127,'foodie_busan','2025-11-27 09:59:20'),(810,127,'game_streamer','2025-11-27 09:59:20'),(811,127,'ramen_addict','2025-11-27 09:59:20'),(812,127,'diy_maker','2025-11-27 09:59:20'),(813,127,'sushi_master','2025-11-27 09:59:20'),(814,127,'cocktail_bar','2025-11-27 09:59:20'),(815,127,'movie_buff','2025-11-27 09:59:20'),(816,128,'ramen_addict','2025-11-27 09:59:20'),(817,128,'cocktail_bar','2025-11-27 09:59:20'),(818,129,'beer_master','2025-11-27 09:59:20'),(819,129,'ocean_lover','2025-11-27 09:59:20'),(820,129,'movie_buff','2025-11-27 09:59:20'),(821,129,'music_fan','2025-11-27 09:59:20'),(822,129,'bread_lover','2025-11-27 09:59:20'),(823,129,'tteokbokki','2025-11-27 09:59:20'),(824,129,'wine_lover','2025-11-27 09:59:20'),(825,129,'daily_life','2025-11-27 09:59:20'),(826,129,'sushi_master','2025-11-27 09:59:20'),(827,129,'morning_person','2025-11-27 09:59:20'),(828,130,'movie_buff','2025-11-27 09:59:20'),(829,130,'runner_girl','2025-11-27 09:59:20'),(830,130,'game_streamer','2025-11-27 09:59:20'),(831,130,'fishing_pro','2025-11-27 09:59:20'),(832,130,'travel_master','2025-11-27 09:59:20'),(833,130,'chicken_fan','2025-11-27 09:59:20'),(834,130,'bbq_king','2025-11-27 09:59:20'),(835,130,'foodie_busan','2025-11-27 09:59:20'),(836,130,'morning_person','2025-11-27 09:59:20'),(837,130,'art_collector','2025-11-27 09:59:20'),(838,130,'tteokbokki','2025-11-27 09:59:20'),(839,130,'diy_maker','2025-11-27 09:59:20'),(840,130,'mountain_hiker','2025-11-27 09:59:20'),(841,130,'fitness_guru','2025-11-27 09:59:20'),(842,130,'idol_fan','2025-11-27 09:59:20'),(843,131,'idol_fan','2025-11-27 09:59:20'),(844,131,'game_streamer','2025-11-27 09:59:20'),(845,131,'runner_girl','2025-11-27 09:59:20'),(846,131,'surfing_dude','2025-11-27 09:59:20'),(847,131,'mountain_hiker','2025-11-27 09:59:20'),(848,132,'fishing_pro','2025-11-27 09:59:20'),(849,133,'photo_artist','2025-11-27 09:59:20'),(850,133,'diy_maker','2025-11-27 09:59:20'),(851,133,'kimbap_queen','2025-11-27 09:59:20'),(852,133,'dessert_queen','2025-11-27 09:59:20'),(853,133,'cocktail_bar','2025-11-27 09:59:20'),(854,133,'mountain_hiker','2025-11-27 09:59:20'),(855,133,'vintage_hunter','2025-11-27 09:59:20'),(856,135,'camping_fan','2025-11-27 09:59:20'),(857,135,'surfing_dude','2025-11-27 09:59:20'),(858,135,'chicken_fan','2025-11-27 09:59:20'),(859,135,'mountain_hiker','2025-11-27 09:59:20'),(860,135,'cocktail_bar','2025-11-27 09:59:20'),(861,135,'ramen_addict','2025-11-27 09:59:20'),(862,135,'drama_fan','2025-11-27 09:59:20'),(863,135,'street_food','2025-11-27 09:59:20'),(864,135,'yoga_master','2025-11-27 09:59:20'),(865,135,'foodie_busan','2025-11-27 09:59:20'),(866,135,'idol_fan','2025-11-27 09:59:20'),(867,135,'cafe_lover','2025-11-27 09:59:20'),(868,135,'bbq_king','2025-11-27 09:59:20'),(869,136,'kimbap_queen','2025-11-27 09:59:20'),(870,136,'vintage_hunter','2025-11-27 09:59:20'),(871,136,'movie_buff','2025-11-27 09:59:20'),(872,136,'wine_lover','2025-11-27 09:59:20'),(873,136,'pizza_lover','2025-11-27 09:59:20'),(874,136,'runner_girl','2025-11-27 09:59:20'),(875,136,'camping_fan','2025-11-27 09:59:20'),(876,136,'surfing_dude','2025-11-27 09:59:20'),(877,136,'fishing_pro','2025-11-27 09:59:20'),(878,136,'travel_master','2025-11-27 09:59:20'),(879,136,'foodie_busan','2025-11-27 09:59:20'),(880,138,'ramen_addict','2025-11-27 09:59:20'),(881,138,'travel_master','2025-11-27 09:59:20'),(882,138,'morning_person','2025-11-27 09:59:20'),(883,138,'idol_fan','2025-11-27 09:59:20'),(884,138,'runner_girl','2025-11-27 09:59:20'),(885,138,'gamer_pro','2025-11-27 09:59:20'),(886,138,'tteokbokki','2025-11-27 09:59:20'),(887,139,'surfing_dude','2025-11-27 09:59:20'),(888,139,'ocean_lover','2025-11-27 09:59:20'),(889,139,'diy_maker','2025-11-27 09:59:20'),(890,139,'chicken_fan','2025-11-27 09:59:20'),(891,139,'bread_lover','2025-11-27 09:59:20'),(892,139,'movie_buff','2025-11-27 09:59:20'),(893,139,'kimbap_queen','2025-11-27 09:59:20'),(894,139,'gamer_pro','2025-11-27 09:59:20'),(895,140,'game_streamer','2025-11-27 09:59:20'),(896,140,'runner_girl','2025-11-27 09:59:20'),(897,140,'pizza_lover','2025-11-27 09:59:20'),(898,140,'bbq_king','2025-11-27 09:59:20'),(899,140,'fitness_guru','2025-11-27 09:59:20'),(900,140,'yoga_master','2025-11-27 09:59:20'),(901,141,'morning_person','2025-11-27 09:59:20'),(902,141,'art_collector','2025-11-27 09:59:20'),(903,141,'beer_master','2025-11-27 09:59:20'),(904,141,'bread_lover','2025-11-27 09:59:20'),(905,141,'bbq_king','2025-11-27 09:59:20'),(906,141,'yoga_master','2025-11-27 09:59:20'),(907,141,'camping_fan','2025-11-27 09:59:20'),(908,141,'daily_life','2025-11-27 09:59:20'),(909,141,'idol_fan','2025-11-27 09:59:20'),(910,141,'music_fan','2025-11-27 09:59:20'),(911,141,'cafe_lover','2025-11-27 09:59:20'),(912,142,'morning_person','2025-11-27 09:59:20'),(913,142,'beer_master','2025-11-27 09:59:20'),(914,142,'mountain_hiker','2025-11-27 09:59:20'),(915,142,'surfing_dude','2025-11-27 09:59:20'),(916,142,'cocktail_bar','2025-11-27 09:59:20'),(917,142,'music_fan','2025-11-27 09:59:20'),(918,142,'bookworm','2025-11-27 09:59:20'),(919,142,'sushi_master','2025-11-27 09:59:20'),(920,142,'ramen_addict','2025-11-27 09:59:20'),(921,142,'ocean_lover','2025-11-27 09:59:20'),(922,143,'bbq_king','2025-11-27 09:59:20'),(923,143,'surfing_dude','2025-11-27 09:59:20'),(924,143,'bookworm','2025-11-27 09:59:20'),(925,143,'movie_buff','2025-11-27 09:59:20'),(926,143,'fishing_pro','2025-11-27 09:59:20'),(927,143,'kimbap_queen','2025-11-27 09:59:20'),(928,143,'bike_rider','2025-11-27 09:59:20'),(929,143,'ramen_addict','2025-11-27 09:59:20'),(930,144,'movie_buff','2025-11-27 09:59:20'),(931,144,'beer_master','2025-11-27 09:59:20'),(932,144,'tea_master','2025-11-27 09:59:20'),(933,144,'pet_lover','2025-11-27 09:59:20'),(934,145,'chicken_fan','2025-11-27 09:59:20'),(935,145,'pet_lover','2025-11-27 09:59:20'),(936,145,'photo_artist','2025-11-27 09:59:20'),(937,145,'idol_fan','2025-11-27 09:59:20'),(938,145,'plant_mom','2025-11-27 09:59:20'),(939,146,'wine_lover','2025-11-27 09:59:20'),(940,146,'surfing_dude','2025-11-27 09:59:20'),(941,146,'dessert_queen','2025-11-27 09:59:20'),(942,146,'photo_artist','2025-11-27 09:59:20'),(943,146,'bookworm','2025-11-27 09:59:20'),(944,146,'cafe_lover','2025-11-27 09:59:20'),(945,146,'idol_fan','2025-11-27 09:59:20'),(946,146,'bike_rider','2025-11-27 09:59:20'),(947,146,'night_owl','2025-11-27 09:59:20'),(948,146,'daily_life','2025-11-27 09:59:20'),(949,146,'camping_fan','2025-11-27 09:59:20'),(950,146,'beer_master','2025-11-27 09:59:20'),(951,146,'sushi_master','2025-11-27 09:59:20'),(952,146,'yoga_master','2025-11-27 09:59:20'),(953,146,'movie_buff','2025-11-27 09:59:20'),(954,147,'kimbap_queen','2025-11-27 09:59:20'),(955,147,'sushi_master','2025-11-27 09:59:20'),(956,147,'chicken_fan','2025-11-27 09:59:20'),(957,147,'ocean_lover','2025-11-27 09:59:20'),(958,147,'beer_master','2025-11-27 09:59:20'),(959,147,'pet_lover','2025-11-27 09:59:20'),(960,147,'vintage_hunter','2025-11-27 09:59:20'),(961,147,'ramen_addict','2025-11-27 09:59:20'),(962,147,'cocktail_bar','2025-11-27 09:59:20'),(963,147,'surfing_dude','2025-11-27 09:59:20'),(964,147,'runner_girl','2025-11-27 09:59:20'),(965,147,'burger_hunter','2025-11-27 09:59:20'),(966,148,'travel_master','2025-11-27 09:59:20'),(967,148,'bike_rider','2025-11-27 09:59:20'),(968,148,'ice_cream','2025-11-27 09:59:20'),(969,148,'ocean_lover','2025-11-27 09:59:20'),(970,148,'yoga_master','2025-11-27 09:59:20'),(971,148,'mountain_hiker','2025-11-27 09:59:20'),(972,148,'sushi_master','2025-11-27 09:59:20'),(973,148,'pet_lover','2025-11-27 09:59:20'),(974,148,'idol_fan','2025-11-27 09:59:20'),(975,148,'fitness_guru','2025-11-27 09:59:20'),(976,148,'soju_lover','2025-11-27 09:59:20'),(977,148,'music_fan','2025-11-27 09:59:20'),(978,148,'night_owl','2025-11-27 09:59:20'),(979,148,'diy_maker','2025-11-27 09:59:20'),(980,149,'pet_lover','2025-11-27 09:59:20'),(981,149,'surfing_dude','2025-11-27 09:59:20'),(982,149,'bike_rider','2025-11-27 09:59:20'),(983,149,'pizza_lover','2025-11-27 09:59:20'),(984,149,'soju_lover','2025-11-27 09:59:20'),(985,149,'travel_master','2025-11-27 09:59:20'),(986,149,'music_fan','2025-11-27 09:59:20'),(987,149,'vintage_hunter','2025-11-27 09:59:20'),(988,149,'beer_master','2025-11-27 09:59:20'),(989,149,'ice_cream','2025-11-27 09:59:20'),(990,149,'cocktail_bar','2025-11-27 09:59:20'),(991,150,'art_collector','2025-11-27 09:59:20'),(992,150,'bread_lover','2025-11-27 09:59:20'),(993,150,'pet_lover','2025-11-27 09:59:20'),(994,150,'surfing_dude','2025-11-27 09:59:20'),(995,150,'dessert_queen','2025-11-27 09:59:20'),(996,150,'morning_person','2025-11-27 09:59:20'),(997,150,'tteokbokki','2025-11-27 09:59:20'),(998,150,'mountain_hiker','2025-11-27 09:59:20'),(999,150,'music_fan','2025-11-27 09:59:20'),(1000,150,'ocean_lover','2025-11-27 09:59:20'),(1001,150,'plant_mom','2025-11-27 09:59:20'),(1002,151,'camping_fan','2025-11-27 09:59:20'),(1003,151,'night_owl','2025-11-27 09:59:20'),(1004,151,'dessert_queen','2025-11-27 09:59:20'),(1005,151,'art_collector','2025-11-27 09:59:21'),(1006,152,'drama_fan','2025-11-27 09:59:21'),(1007,152,'bbq_king','2025-11-27 09:59:21'),(1008,152,'music_fan','2025-11-27 09:59:21'),(1009,152,'movie_buff','2025-11-27 09:59:21'),(1010,152,'mountain_hiker','2025-11-27 09:59:21'),(1011,152,'ice_cream','2025-11-27 09:59:21'),(1012,152,'camping_fan','2025-11-27 09:59:21'),(1013,152,'sushi_master','2025-11-27 09:59:21'),(1014,153,'foodie_busan','2025-11-27 09:59:21'),(1015,153,'tteokbokki','2025-11-27 09:59:21'),(1016,153,'pet_lover','2025-11-27 09:59:21'),(1017,153,'yoga_master','2025-11-27 09:59:21'),(1018,153,'photo_artist','2025-11-27 09:59:21'),(1019,153,'drama_fan','2025-11-27 09:59:21'),(1020,153,'vintage_hunter','2025-11-27 09:59:21'),(1021,153,'sushi_master','2025-11-27 09:59:21'),(1022,153,'tea_master','2025-11-27 09:59:21'),(1023,154,'foodie_busan','2025-11-27 09:59:21'),(1024,154,'travel_master','2025-11-27 09:59:21'),(1025,154,'bookworm','2025-11-27 09:59:21'),(1026,154,'music_fan','2025-11-27 09:59:21'),(1027,154,'vintage_hunter','2025-11-27 09:59:21'),(1028,154,'bbq_king','2025-11-27 09:59:21'),(1029,154,'art_collector','2025-11-27 09:59:21'),(1030,154,'tteokbokki','2025-11-27 09:59:21'),(1031,155,'bookworm','2025-11-27 09:59:21'),(1032,155,'bread_lover','2025-11-27 09:59:21'),(1033,155,'travel_master','2025-11-27 09:59:21'),(1034,155,'plant_mom','2025-11-27 09:59:21'),(1035,155,'kimbap_queen','2025-11-27 09:59:21'),(1036,155,'night_owl','2025-11-27 09:59:21'),(1037,156,'wine_lover','2025-11-27 09:59:21'),(1038,156,'ice_cream','2025-11-27 09:59:21'),(1039,158,'wine_lover','2025-11-27 09:59:21'),(1040,158,'bookworm','2025-11-27 09:59:21'),(1041,158,'yoga_master','2025-11-27 09:59:21'),(1042,158,'photo_artist','2025-11-27 09:59:21'),(1043,158,'dessert_queen','2025-11-27 09:59:21'),(1044,158,'gamer_pro','2025-11-27 09:59:21'),(1045,158,'vintage_hunter','2025-11-27 09:59:21'),(1046,158,'mountain_hiker','2025-11-27 09:59:21'),(1047,158,'cafe_lover','2025-11-27 09:59:21'),(1048,158,'burger_hunter','2025-11-27 09:59:21'),(1049,158,'ocean_lover','2025-11-27 09:59:21'),(1050,158,'fishing_pro','2025-11-27 09:59:21'),(1051,159,'travel_master','2025-11-27 09:59:21'),(1052,159,'ocean_lover','2025-11-27 09:59:21'),(1053,159,'sushi_master','2025-11-27 09:59:21'),(1054,159,'mountain_hiker','2025-11-27 09:59:21'),(1055,159,'ramen_addict','2025-11-27 09:59:21'),(1056,159,'kimbap_queen','2025-11-27 09:59:21'),(1057,159,'bread_lover','2025-11-27 09:59:21'),(1058,159,'tea_master','2025-11-27 09:59:21'),(1059,159,'night_owl','2025-11-27 09:59:21'),(1060,159,'game_streamer','2025-11-27 09:59:21'),(1061,159,'bookworm','2025-11-27 09:59:21'),(1062,160,'fitness_guru','2025-11-27 09:59:21'),(1063,160,'bread_lover','2025-11-27 09:59:21'),(1064,160,'burger_hunter','2025-11-27 09:59:21'),(1065,160,'plant_mom','2025-11-27 09:59:21'),(1066,160,'gamer_pro','2025-11-27 09:59:21'),(1067,160,'beer_master','2025-11-27 09:59:21'),(1068,160,'game_streamer','2025-11-27 09:59:21'),(1069,160,'surfing_dude','2025-11-27 09:59:21'),(1070,160,'soju_lover','2025-11-27 09:59:21'),(1071,160,'drama_fan','2025-11-27 09:59:21'),(1072,160,'tteokbokki','2025-11-27 09:59:21'),(1073,160,'runner_girl','2025-11-27 09:59:21'),(1074,160,'art_collector','2025-11-27 09:59:21'),(1075,160,'kimbap_queen','2025-11-27 09:59:21'),(1076,161,'fishing_pro','2025-11-27 09:59:21'),(1077,161,'camping_fan','2025-11-27 09:59:21'),(1078,161,'cocktail_bar','2025-11-27 09:59:21'),(1079,161,'tteokbokki','2025-11-27 09:59:21'),(1080,161,'surfing_dude','2025-11-27 09:59:21'),(1081,162,'movie_buff','2025-11-27 09:59:21'),(1082,163,'pet_lover','2025-11-27 09:59:21'),(1083,163,'sushi_master','2025-11-27 09:59:21'),(1084,163,'yoga_master','2025-11-27 09:59:21'),(1085,163,'ice_cream','2025-11-27 09:59:21'),(1086,163,'runner_girl','2025-11-27 09:59:21'),(1087,163,'kimbap_queen','2025-11-27 09:59:21'),(1088,163,'wine_lover','2025-11-27 09:59:21'),(1089,163,'tea_master','2025-11-27 09:59:21'),(1090,163,'diy_maker','2025-11-27 09:59:21'),(1091,163,'camping_fan','2025-11-27 09:59:21'),(1092,163,'foodie_busan','2025-11-27 09:59:21'),(1093,164,'dessert_queen','2025-11-27 09:59:21'),(1094,164,'foodie_busan','2025-11-27 09:59:21'),(1095,164,'vintage_hunter','2025-11-27 09:59:21'),(1096,164,'cocktail_bar','2025-11-27 09:59:21'),(1097,164,'surfing_dude','2025-11-27 09:59:21'),(1098,164,'idol_fan','2025-11-27 09:59:21'),(1099,164,'photo_artist','2025-11-27 09:59:21'),(1100,164,'diy_maker','2025-11-27 09:59:21'),(1101,164,'sushi_master','2025-11-27 09:59:21'),(1102,164,'travel_master','2025-11-27 09:59:21'),(1103,165,'dessert_queen','2025-11-27 09:59:21'),(1104,165,'fitness_guru','2025-11-27 09:59:21'),(1105,165,'fishing_pro','2025-11-27 09:59:21'),(1106,165,'wine_lover','2025-11-27 09:59:21'),(1107,165,'foodie_busan','2025-11-27 09:59:21'),(1108,165,'vintage_hunter','2025-11-27 09:59:21'),(1109,165,'kimbap_queen','2025-11-27 09:59:21'),(1110,165,'mountain_hiker','2025-11-27 09:59:21'),(1111,166,'morning_person','2025-11-27 09:59:21'),(1112,166,'daily_life','2025-11-27 09:59:21'),(1113,166,'night_owl','2025-11-27 09:59:21'),(1114,166,'diy_maker','2025-11-27 09:59:21'),(1115,166,'chicken_fan','2025-11-27 09:59:21'),(1116,167,'travel_master','2025-11-27 09:59:21'),(1117,167,'bbq_king','2025-11-27 09:59:21'),(1118,167,'vintage_hunter','2025-11-27 09:59:21'),(1119,167,'chicken_fan','2025-11-27 09:59:21'),(1120,167,'kimbap_queen','2025-11-27 09:59:21'),(1121,167,'photo_artist','2025-11-27 09:59:21'),(1122,167,'music_fan','2025-11-27 09:59:21'),(1123,167,'street_food','2025-11-27 09:59:21'),(1124,167,'burger_hunter','2025-11-27 09:59:21'),(1125,167,'idol_fan','2025-11-27 09:59:21'),(1126,167,'morning_person','2025-11-27 09:59:21'),(1127,167,'ocean_lover','2025-11-27 09:59:21'),(1128,167,'wine_lover','2025-11-27 09:59:21'),(1129,167,'beer_master','2025-11-27 09:59:21'),(1130,167,'cocktail_bar','2025-11-27 09:59:21'),(1131,168,'beer_master','2025-11-27 09:59:21'),(1132,169,'gamer_pro','2025-11-27 09:59:21'),(1133,169,'plant_mom','2025-11-27 09:59:21'),(1134,169,'beer_master','2025-11-27 09:59:21'),(1135,169,'mountain_hiker','2025-11-27 09:59:21'),(1136,169,'wine_lover','2025-11-27 09:59:21'),(1137,169,'ocean_lover','2025-11-27 09:59:21'),(1138,169,'bbq_king','2025-11-27 09:59:21'),(1139,169,'yoga_master','2025-11-27 09:59:21'),(1140,170,'vintage_hunter','2025-11-27 09:59:21'),(1141,170,'mountain_hiker','2025-11-27 09:59:21'),(1142,171,'photo_artist','2025-11-27 09:59:21'),(1143,171,'morning_person','2025-11-27 09:59:21'),(1144,171,'ocean_lover','2025-11-27 09:59:21'),(1145,171,'vintage_hunter','2025-11-27 09:59:21'),(1146,171,'beer_master','2025-11-27 09:59:21'),(1147,172,'morning_person','2025-11-27 09:59:21'),(1148,172,'music_fan','2025-11-27 09:59:21'),(1149,172,'fitness_guru','2025-11-27 09:59:21'),(1150,172,'cocktail_bar','2025-11-27 09:59:21'),(1151,172,'dessert_queen','2025-11-27 09:59:21'),(1152,172,'foodie_busan','2025-11-27 09:59:21'),(1153,172,'bike_rider','2025-11-27 09:59:21'),(1154,172,'ramen_addict','2025-11-27 09:59:21'),(1155,172,'ice_cream','2025-11-27 09:59:21'),(1156,172,'ocean_lover','2025-11-27 09:59:21'),(1157,172,'mountain_hiker','2025-11-27 09:59:21'),(1158,172,'sushi_master','2025-11-27 09:59:21'),(1159,172,'gamer_pro','2025-11-27 09:59:21'),(1160,172,'beer_master','2025-11-27 09:59:21'),(1161,172,'fishing_pro','2025-11-27 09:59:21'),(1162,173,'cocktail_bar','2025-11-27 09:59:21'),(1163,173,'fitness_guru','2025-11-27 09:59:21'),(1164,173,'tteokbokki','2025-11-27 09:59:21'),(1165,173,'tea_master','2025-11-27 09:59:21'),(1166,173,'burger_hunter','2025-11-27 09:59:21'),(1167,173,'pet_lover','2025-11-27 09:59:21'),(1168,173,'soju_lover','2025-11-27 09:59:21'),(1169,173,'daily_life','2025-11-27 09:59:21'),(1170,173,'bookworm','2025-11-27 09:59:21'),(1171,173,'idol_fan','2025-11-27 09:59:21'),(1172,174,'fishing_pro','2025-11-27 09:59:21'),(1173,174,'soju_lover','2025-11-27 09:59:21'),(1174,174,'travel_master','2025-11-27 09:59:21'),(1175,174,'drama_fan','2025-11-27 09:59:21'),(1176,174,'bike_rider','2025-11-27 09:59:21'),(1177,174,'bbq_king','2025-11-27 09:59:21'),(1178,174,'wine_lover','2025-11-27 09:59:21'),(1179,174,'diy_maker','2025-11-27 09:59:21'),(1180,174,'night_owl','2025-11-27 09:59:21'),(1181,174,'kimbap_queen','2025-11-27 09:59:21'),(1182,174,'ramen_addict','2025-11-27 09:59:21'),(1183,174,'burger_hunter','2025-11-27 09:59:21'),(1184,174,'plant_mom','2025-11-27 09:59:21'),(1185,174,'photo_artist','2025-11-27 09:59:21'),(1186,175,'yoga_master','2025-11-27 09:59:21'),(1187,175,'drama_fan','2025-11-27 09:59:21'),(1188,175,'runner_girl','2025-11-27 09:59:21'),(1189,175,'sushi_master','2025-11-27 09:59:21'),(1190,176,'drama_fan','2025-11-27 09:59:21'),(1191,176,'pet_lover','2025-11-27 09:59:21'),(1192,176,'bookworm','2025-11-27 09:59:21'),(1193,176,'movie_buff','2025-11-27 09:59:21'),(1194,176,'burger_hunter','2025-11-27 09:59:21'),(1195,176,'gamer_pro','2025-11-27 09:59:21'),(1196,176,'surfing_dude','2025-11-27 09:59:21'),(1197,176,'dessert_queen','2025-11-27 09:59:21'),(1198,176,'sushi_master','2025-11-27 09:59:21'),(1199,177,'idol_fan','2025-11-27 09:59:21'),(1200,177,'bookworm','2025-11-27 09:59:21'),(1201,177,'burger_hunter','2025-11-27 09:59:21'),(1202,177,'daily_life','2025-11-27 09:59:21'),(1203,177,'ramen_addict','2025-11-27 09:59:21'),(1204,177,'runner_girl','2025-11-27 09:59:21'),(1205,177,'dessert_queen','2025-11-27 09:59:21'),(1206,177,'mountain_hiker','2025-11-27 09:59:21'),(1207,177,'chicken_fan','2025-11-27 09:59:21'),(1208,177,'kimbap_queen','2025-11-27 09:59:21'),(1209,177,'morning_person','2025-11-27 09:59:21'),(1210,177,'gamer_pro','2025-11-27 09:59:21'),(1211,177,'camping_fan','2025-11-27 09:59:21'),(1212,177,'travel_master','2025-11-27 09:59:21'),(1213,178,'ice_cream','2025-11-27 09:59:21'),(1214,178,'bread_lover','2025-11-27 09:59:21'),(1215,178,'game_streamer','2025-11-27 09:59:21'),(1216,178,'vintage_hunter','2025-11-27 09:59:21'),(1217,178,'cocktail_bar','2025-11-27 09:59:21'),(1218,178,'morning_person','2025-11-27 09:59:21'),(1219,178,'diy_maker','2025-11-27 09:59:21'),(1220,178,'fishing_pro','2025-11-27 09:59:21'),(1221,178,'bike_rider','2025-11-27 09:59:21'),(1222,179,'fishing_pro','2025-11-27 09:59:21'),(1223,179,'tea_master','2025-11-27 09:59:21'),(1224,179,'movie_buff','2025-11-27 09:59:21'),(1225,179,'ice_cream','2025-11-27 09:59:21'),(1226,179,'cocktail_bar','2025-11-27 09:59:21'),(1227,179,'runner_girl','2025-11-27 09:59:21'),(1228,179,'tteokbokki','2025-11-27 09:59:21'),(1229,180,'kimbap_queen','2025-11-27 09:59:21'),(1230,180,'cocktail_bar','2025-11-27 09:59:21'),(1231,180,'ice_cream','2025-11-27 09:59:21'),(1232,180,'ocean_lover','2025-11-27 09:59:21'),(1233,180,'street_food','2025-11-27 09:59:21'),(1234,180,'runner_girl','2025-11-27 09:59:21'),(1235,180,'vintage_hunter','2025-11-27 09:59:21'),(1236,181,'gamer_pro','2025-11-27 09:59:21'),(1237,181,'ice_cream','2025-11-27 09:59:21'),(1238,181,'ocean_lover','2025-11-27 09:59:21'),(1239,181,'cocktail_bar','2025-11-27 09:59:21'),(1240,181,'pizza_lover','2025-11-27 09:59:21'),(1241,181,'photo_artist','2025-11-27 09:59:21'),(1242,181,'ramen_addict','2025-11-27 09:59:21'),(1243,181,'bbq_king','2025-11-27 09:59:21'),(1244,181,'runner_girl','2025-11-27 09:59:21'),(1245,181,'plant_mom','2025-11-27 09:59:21'),(1246,182,'photo_artist','2025-11-27 09:59:21'),(1247,182,'ramen_addict','2025-11-27 09:59:21'),(1248,183,'bbq_king','2025-11-27 09:59:21'),(1249,183,'vintage_hunter','2025-11-27 09:59:21'),(1250,183,'bike_rider','2025-11-27 09:59:21'),(1251,183,'gamer_pro','2025-11-27 09:59:21'),(1252,183,'photo_artist','2025-11-27 09:59:21'),(1253,183,'camping_fan','2025-11-27 09:59:21'),(1254,183,'sushi_master','2025-11-27 09:59:21'),(1255,183,'ocean_lover','2025-11-27 09:59:21'),(1256,183,'runner_girl','2025-11-27 09:59:21'),(1257,183,'yoga_master','2025-11-27 09:59:21'),(1258,183,'chicken_fan','2025-11-27 09:59:21'),(1259,183,'plant_mom','2025-11-27 09:59:21'),(1260,183,'night_owl','2025-11-27 09:59:21'),(1261,183,'street_food','2025-11-27 09:59:21'),(1262,183,'ice_cream','2025-11-27 09:59:21'),(1263,184,'art_collector','2025-11-27 09:59:21'),(1264,184,'tea_master','2025-11-27 09:59:21'),(1265,185,'kimbap_queen','2025-11-27 09:59:21'),(1266,185,'drama_fan','2025-11-27 09:59:21'),(1267,185,'mountain_hiker','2025-11-27 09:59:21'),(1268,185,'cocktail_bar','2025-11-27 09:59:21'),(1269,186,'kimbap_queen','2025-11-27 09:59:21'),(1270,186,'drama_fan','2025-11-27 09:59:21'),(1271,187,'camping_fan','2025-11-27 09:59:21'),(1272,187,'chicken_fan','2025-11-27 09:59:21'),(1273,187,'fishing_pro','2025-11-27 09:59:21'),(1274,187,'sushi_master','2025-11-27 09:59:21'),(1275,187,'burger_hunter','2025-11-27 09:59:21'),(1276,187,'pizza_lover','2025-11-27 09:59:21'),(1277,188,'bread_lover','2025-11-27 09:59:21'),(1278,188,'diy_maker','2025-11-27 09:59:21'),(1279,189,'bike_rider','2025-11-27 09:59:21'),(1280,189,'dessert_queen','2025-11-27 09:59:21'),(1281,189,'yoga_master','2025-11-27 09:59:21'),(1282,189,'cocktail_bar','2025-11-27 09:59:21'),(1283,189,'ice_cream','2025-11-27 09:59:21'),(1284,189,'burger_hunter','2025-11-27 09:59:21'),(1285,189,'tteokbokki','2025-11-27 09:59:21'),(1286,189,'daily_life','2025-11-27 09:59:21'),(1287,189,'ramen_addict','2025-11-27 09:59:21'),(1288,189,'travel_master','2025-11-27 09:59:21'),(1289,189,'drama_fan','2025-11-27 09:59:21'),(1290,190,'mountain_hiker','2025-11-27 09:59:21'),(1291,190,'foodie_busan','2025-11-27 09:59:21'),(1292,190,'cocktail_bar','2025-11-27 09:59:21'),(1293,190,'bookworm','2025-11-27 09:59:21'),(1294,190,'beer_master','2025-11-27 09:59:21'),(1295,190,'drama_fan','2025-11-27 09:59:21'),(1296,190,'gamer_pro','2025-11-27 09:59:21'),(1297,190,'sushi_master','2025-11-27 09:59:21'),(1298,192,'movie_buff','2025-11-27 09:59:21'),(1299,192,'game_streamer','2025-11-27 09:59:21'),(1300,192,'chicken_fan','2025-11-27 09:59:21'),(1301,192,'surfing_dude','2025-11-27 09:59:21'),(1302,192,'idol_fan','2025-11-27 09:59:21'),(1303,192,'travel_master','2025-11-27 09:59:21'),(1304,192,'bbq_king','2025-11-27 09:59:21'),(1305,192,'wine_lover','2025-11-27 09:59:21'),(1306,192,'bookworm','2025-11-27 09:59:21'),(1307,192,'drama_fan','2025-11-27 09:59:21'),(1308,192,'gamer_pro','2025-11-27 09:59:21'),(1309,192,'camping_fan','2025-11-27 09:59:21'),(1310,192,'vintage_hunter','2025-11-27 09:59:21'),(1311,192,'music_fan','2025-11-27 09:59:21'),(1312,192,'bread_lover','2025-11-27 09:59:21'),(1313,193,'tteokbokki','2025-11-27 09:59:21'),(1314,193,'art_collector','2025-11-27 09:59:21'),(1315,193,'sushi_master','2025-11-27 09:59:21'),(1316,193,'bookworm','2025-11-27 09:59:21'),(1317,193,'idol_fan','2025-11-27 09:59:21'),(1318,193,'mountain_hiker','2025-11-27 09:59:21'),(1319,193,'camping_fan','2025-11-27 09:59:21'),(1320,193,'yoga_master','2025-11-27 09:59:21'),(1321,193,'bbq_king','2025-11-27 09:59:21'),(1322,193,'music_fan','2025-11-27 09:59:21'),(1323,193,'pet_lover','2025-11-27 09:59:21'),(1324,193,'chicken_fan','2025-11-27 09:59:21'),(1325,193,'bread_lover','2025-11-27 09:59:21'),(1326,193,'ice_cream','2025-11-27 09:59:22'),(1327,194,'kimbap_queen','2025-11-27 09:59:22'),(1328,194,'camping_fan','2025-11-27 09:59:22'),(1329,194,'movie_buff','2025-11-27 09:59:22'),(1330,194,'daily_life','2025-11-27 09:59:22'),(1331,194,'night_owl','2025-11-27 09:59:22'),(1332,194,'surfing_dude','2025-11-27 09:59:22'),(1333,194,'pizza_lover','2025-11-27 09:59:22'),(1334,194,'cafe_lover','2025-11-27 09:59:22'),(1335,194,'sushi_master','2025-11-27 09:59:22'),(1336,194,'pet_lover','2025-11-27 09:59:22'),(1337,194,'morning_person','2025-11-27 09:59:22'),(1338,194,'burger_hunter','2025-11-27 09:59:22'),(1339,194,'photo_artist','2025-11-27 09:59:22'),(1340,194,'bread_lover','2025-11-27 09:59:22'),(1341,194,'runner_girl','2025-11-27 09:59:22'),(1342,195,'daily_life','2025-11-27 09:59:22'),(1343,195,'cafe_lover','2025-11-27 09:59:22'),(1344,195,'soju_lover','2025-11-27 09:59:22'),(1345,195,'diy_maker','2025-11-27 09:59:22'),(1346,195,'music_fan','2025-11-27 09:59:22'),(1347,195,'cocktail_bar','2025-11-27 09:59:22'),(1348,195,'wine_lover','2025-11-27 09:59:22'),(1349,195,'bookworm','2025-11-27 09:59:22'),(1350,196,'movie_buff','2025-11-27 09:59:22'),(1351,196,'camping_fan','2025-11-27 09:59:22'),(1352,197,'pizza_lover','2025-11-27 09:59:22'),(1353,197,'soju_lover','2025-11-27 09:59:22'),(1354,197,'game_streamer','2025-11-27 09:59:22'),(1355,197,'bookworm','2025-11-27 09:59:22'),(1356,197,'wine_lover','2025-11-27 09:59:22'),(1357,197,'pet_lover','2025-11-27 09:59:22'),(1358,197,'cocktail_bar','2025-11-27 09:59:22'),(1359,197,'drama_fan','2025-11-27 09:59:22'),(1360,197,'camping_fan','2025-11-27 09:59:22'),(1361,198,'bookworm','2025-11-27 09:59:22'),(1362,198,'photo_artist','2025-11-27 09:59:22'),(1363,198,'dessert_queen','2025-11-27 09:59:22'),(1364,199,'tea_master','2025-11-27 09:59:22'),(1365,200,'tteokbokki','2025-11-27 09:59:22'),(1366,200,'plant_mom','2025-11-27 09:59:22'),(1367,200,'camping_fan','2025-11-27 09:59:22'),(1368,200,'burger_hunter','2025-11-27 09:59:22'),(1369,200,'street_food','2025-11-27 09:59:22'),(1370,200,'photo_artist','2025-11-27 09:59:22'),(1371,200,'daily_life','2025-11-27 09:59:22'),(1372,200,'travel_master','2025-11-27 09:59:22'),(1373,200,'music_fan','2025-11-27 09:59:22'),(1374,200,'game_streamer','2025-11-27 09:59:22'),(1375,200,'chicken_fan','2025-11-27 09:59:22'),(1376,200,'wine_lover','2025-11-27 09:59:22'),(1377,200,'ramen_addict','2025-11-27 09:59:22'),(1378,201,'music_fan','2025-11-27 09:59:22'),(1379,202,'wine_lover','2025-11-27 09:59:22'),(1380,202,'idol_fan','2025-11-27 09:59:22'),(1381,202,'game_streamer','2025-11-27 09:59:22'),(1382,202,'mountain_hiker','2025-11-27 09:59:22'),(1383,202,'pizza_lover','2025-11-27 09:59:22'),(1384,202,'travel_master','2025-11-27 09:59:22'),(1385,202,'camping_fan','2025-11-27 09:59:22'),(1386,202,'ice_cream','2025-11-27 09:59:22'),(1387,202,'bbq_king','2025-11-27 09:59:22'),(1388,202,'morning_person','2025-11-27 09:59:22'),(1389,202,'chicken_fan','2025-11-27 09:59:22'),(1390,202,'cocktail_bar','2025-11-27 09:59:22'),(1391,202,'sushi_master','2025-11-27 09:59:22'),(1392,202,'ocean_lover','2025-11-27 09:59:22'),(1393,203,'art_collector','2025-11-27 09:59:22'),(1394,203,'ice_cream','2025-11-27 09:59:22'),(1395,203,'surfing_dude','2025-11-27 09:59:22'),(1396,203,'runner_girl','2025-11-27 09:59:22'),(1397,203,'vintage_hunter','2025-11-27 09:59:22'),(1398,203,'camping_fan','2025-11-27 09:59:22'),(1399,203,'ocean_lover','2025-11-27 09:59:22'),(1400,203,'daily_life','2025-11-27 09:59:22'),(1401,203,'pet_lover','2025-11-27 09:59:22'),(1402,203,'ramen_addict','2025-11-27 09:59:22'),(1403,203,'mountain_hiker','2025-11-27 09:59:22'),(1404,204,'plant_mom','2025-11-27 09:59:22'),(1405,204,'vintage_hunter','2025-11-27 09:59:22'),(1406,204,'bread_lover','2025-11-27 09:59:22'),(1407,204,'street_food','2025-11-27 09:59:22'),(1408,205,'tea_master','2025-11-27 09:59:22'),(1409,205,'pet_lover','2025-11-27 09:59:22'),(1410,205,'plant_mom','2025-11-27 09:59:22'),(1411,205,'vintage_hunter','2025-11-27 09:59:22'),(1412,205,'music_fan','2025-11-27 09:59:22'),(1413,205,'runner_girl','2025-11-27 09:59:22'),(1414,205,'beer_master','2025-11-27 09:59:22'),(1415,205,'surfing_dude','2025-11-27 09:59:22'),(1416,205,'ocean_lover','2025-11-27 09:59:22'),(1417,205,'bbq_king','2025-11-27 09:59:22'),(1418,205,'ice_cream','2025-11-27 09:59:22'),(1419,205,'bike_rider','2025-11-27 09:59:22'),(1420,205,'cocktail_bar','2025-11-27 09:59:22'),(1421,205,'bookworm','2025-11-27 09:59:22'),(1422,205,'gamer_pro','2025-11-27 09:59:22'),(1423,206,'sushi_master','2025-11-27 09:59:22'),(1424,206,'vintage_hunter','2025-11-27 09:59:22'),(1425,206,'photo_artist','2025-11-27 09:59:22'),(1426,206,'tea_master','2025-11-27 09:59:22'),(1427,206,'game_streamer','2025-11-27 09:59:22'),(1428,206,'drama_fan','2025-11-27 09:59:22'),(1429,206,'dessert_queen','2025-11-27 09:59:22'),(1430,207,'bike_rider','2025-11-27 09:59:22'),(1431,207,'mountain_hiker','2025-11-27 09:59:22'),(1432,207,'surfing_dude','2025-11-27 09:59:22'),(1433,207,'morning_person','2025-11-27 09:59:22'),(1434,207,'game_streamer','2025-11-27 09:59:22'),(1435,207,'bbq_king','2025-11-27 09:59:22'),(1436,207,'fitness_guru','2025-11-27 09:59:22'),(1437,207,'yoga_master','2025-11-27 09:59:22'),(1438,207,'camping_fan','2025-11-27 09:59:22'),(1439,207,'movie_buff','2025-11-27 09:59:22'),(1440,207,'sushi_master','2025-11-27 09:59:22'),(1441,208,'cafe_lover','2025-11-27 09:59:22'),(1442,208,'chicken_fan','2025-11-27 09:59:22'),(1443,208,'pizza_lover','2025-11-27 09:59:22'),(1444,208,'ramen_addict','2025-11-27 09:59:22'),(1445,208,'foodie_busan','2025-11-27 09:59:22'),(1446,208,'drama_fan','2025-11-27 09:59:22'),(1447,208,'gamer_pro','2025-11-27 09:59:22'),(1448,208,'travel_master','2025-11-27 09:59:22'),(1449,208,'bike_rider','2025-11-27 09:59:22'),(1450,209,'fitness_guru','2025-11-27 09:59:22'),(1451,209,'night_owl','2025-11-27 09:59:22'),(1452,209,'travel_master','2025-11-27 09:59:22'),(1453,209,'tea_master','2025-11-27 09:59:22'),(1454,209,'tteokbokki','2025-11-27 09:59:22'),(1455,209,'gamer_pro','2025-11-27 09:59:22'),(1456,209,'bike_rider','2025-11-27 09:59:22'),(1457,209,'wine_lover','2025-11-27 09:59:22'),(1458,209,'fishing_pro','2025-11-27 09:59:22'),(1459,209,'sushi_master','2025-11-27 09:59:22'),(1460,209,'music_fan','2025-11-27 09:59:22'),(1461,209,'beer_master','2025-11-27 09:59:22'),(1462,209,'kimbap_queen','2025-11-27 09:59:22'),(1463,209,'ramen_addict','2025-11-27 09:59:22'),(1464,210,'drama_fan','2025-11-27 09:59:22'),(1465,211,'soju_lover','2025-11-27 09:59:22'),(1466,211,'ocean_lover','2025-11-27 09:59:22'),(1467,211,'gamer_pro','2025-11-27 09:59:22'),(1468,211,'ice_cream','2025-11-27 09:59:22'),(1469,211,'music_fan','2025-11-27 09:59:22'),(1470,211,'morning_person','2025-11-27 09:59:22'),(1471,211,'dessert_queen','2025-11-27 09:59:22'),(1472,211,'movie_buff','2025-11-27 09:59:22'),(1473,211,'bookworm','2025-11-27 09:59:22'),(1474,212,'chicken_fan','2025-11-27 09:59:22'),(1475,212,'soju_lover','2025-11-27 09:59:22'),(1476,212,'dessert_queen','2025-11-27 09:59:22'),(1477,212,'idol_fan','2025-11-27 09:59:22'),(1478,212,'tea_master','2025-11-27 09:59:22'),(1479,212,'tteokbokki','2025-11-27 09:59:22'),(1480,212,'art_collector','2025-11-27 09:59:22'),(1481,212,'ramen_addict','2025-11-27 09:59:22'),(1482,212,'yoga_master','2025-11-27 09:59:22'),(1483,212,'morning_person','2025-11-27 09:59:22'),(1484,212,'bookworm','2025-11-27 09:59:22'),(1485,212,'beer_master','2025-11-27 09:59:22'),(1486,212,'surfing_dude','2025-11-27 09:59:22'),(1487,212,'ocean_lover','2025-11-27 09:59:22'),(1488,213,'idol_fan','2025-11-27 09:59:22'),(1489,213,'fishing_pro','2025-11-27 09:59:22'),(1490,213,'pet_lover','2025-11-27 09:59:22'),(1491,213,'cafe_lover','2025-11-27 09:59:22'),(1492,213,'art_collector','2025-11-27 09:59:22'),(1493,213,'game_streamer','2025-11-27 09:59:22'),(1494,213,'sushi_master','2025-11-27 09:59:22'),(1495,213,'plant_mom','2025-11-27 09:59:22'),(1496,213,'mountain_hiker','2025-11-27 09:59:22'),(1497,213,'pizza_lover','2025-11-27 09:59:22'),(1498,213,'night_owl','2025-11-27 09:59:22'),(1499,213,'vintage_hunter','2025-11-27 09:59:22'),(1500,216,'bbq_king','2025-11-27 09:59:22'),(1501,216,'fitness_guru','2025-11-27 09:59:22'),(1502,216,'cocktail_bar','2025-11-27 09:59:22'),(1503,216,'ramen_addict','2025-11-27 09:59:22'),(1504,216,'tteokbokki','2025-11-27 09:59:22'),(1505,216,'cafe_lover','2025-11-27 09:59:22'),(1506,216,'bookworm','2025-11-27 09:59:22'),(1507,216,'art_collector','2025-11-27 09:59:22'),(1508,216,'soju_lover','2025-11-27 09:59:22'),(1509,217,'street_food','2025-11-27 09:59:22'),(1510,217,'fitness_guru','2025-11-27 09:59:22'),(1511,217,'bread_lover','2025-11-27 09:59:22'),(1512,217,'bookworm','2025-11-27 09:59:22'),(1513,217,'pet_lover','2025-11-27 09:59:22'),(1514,218,'kimbap_queen','2025-11-27 09:59:22'),(1515,218,'vintage_hunter','2025-11-27 09:59:22'),(1516,218,'travel_master','2025-11-27 09:59:22'),(1517,219,'bread_lover','2025-11-27 09:59:22'),(1518,219,'chicken_fan','2025-11-27 09:59:22'),(1519,220,'ice_cream','2025-11-27 09:59:22'),(1520,220,'mountain_hiker','2025-11-27 09:59:22'),(1521,220,'gamer_pro','2025-11-27 09:59:22'),(1522,220,'ocean_lover','2025-11-27 09:59:22'),(1523,220,'street_food','2025-11-27 09:59:22'),(1524,220,'plant_mom','2025-11-27 09:59:22'),(1525,220,'runner_girl','2025-11-27 09:59:22'),(1526,220,'surfing_dude','2025-11-27 09:59:22'),(1527,220,'cafe_lover','2025-11-27 09:59:22'),(1528,220,'bbq_king','2025-11-27 09:59:22'),(1529,220,'pizza_lover','2025-11-27 09:59:22'),(1530,220,'sushi_master','2025-11-27 09:59:22'),(1531,220,'diy_maker','2025-11-27 09:59:22'),(1532,220,'wine_lover','2025-11-27 09:59:22'),(1533,221,'sushi_master','2025-11-27 09:59:22'),(1534,221,'tea_master','2025-11-27 09:59:22'),(1535,221,'bread_lover','2025-11-27 09:59:22'),(1536,221,'bookworm','2025-11-27 09:59:22'),(1537,221,'burger_hunter','2025-11-27 09:59:22'),(1538,221,'fitness_guru','2025-11-27 09:59:22'),(1539,221,'dessert_queen','2025-11-27 09:59:22'),(1540,221,'cocktail_bar','2025-11-27 09:59:22'),(1541,221,'fishing_pro','2025-11-27 09:59:22'),(1542,221,'tteokbokki','2025-11-27 09:59:22'),(1543,221,'ice_cream','2025-11-27 09:59:22'),(1544,221,'travel_master','2025-11-27 09:59:22'),(1545,221,'yoga_master','2025-11-27 09:59:22'),(1546,222,'beer_master','2025-11-27 09:59:22'),(1547,222,'runner_girl','2025-11-27 09:59:22'),(1548,222,'plant_mom','2025-11-27 09:59:22'),(1549,222,'sushi_master','2025-11-27 09:59:22'),(1550,222,'tea_master','2025-11-27 09:59:22'),(1551,222,'wine_lover','2025-11-27 09:59:22'),(1552,222,'mountain_hiker','2025-11-27 09:59:22'),(1553,222,'foodie_busan','2025-11-27 09:59:22'),(1554,222,'bbq_king','2025-11-27 09:59:22'),(1555,223,'morning_person','2025-11-27 09:59:22'),(1556,223,'street_food','2025-11-27 09:59:22'),(1557,223,'travel_master','2025-11-27 09:59:22'),(1558,223,'tea_master','2025-11-27 09:59:22'),(1559,223,'vintage_hunter','2025-11-27 09:59:22'),(1560,223,'idol_fan','2025-11-27 09:59:22'),(1561,223,'bike_rider','2025-11-27 09:59:22'),(1562,223,'ramen_addict','2025-11-27 09:59:22'),(1563,223,'music_fan','2025-11-27 09:59:22'),(1564,223,'drama_fan','2025-11-27 09:59:22'),(1565,223,'gamer_pro','2025-11-27 09:59:22'),(1566,224,'music_fan','2025-11-27 09:59:22'),(1567,224,'daily_life','2025-11-27 09:59:22'),(1568,224,'runner_girl','2025-11-27 09:59:22'),(1569,224,'tea_master','2025-11-27 09:59:22'),(1570,224,'fishing_pro','2025-11-27 09:59:22'),(1571,224,'mountain_hiker','2025-11-27 09:59:22'),(1572,224,'sushi_master','2025-11-27 09:59:22'),(1573,224,'tteokbokki','2025-11-27 09:59:22'),(1574,225,'travel_master','2025-11-27 09:59:22'),(1575,225,'cafe_lover','2025-11-27 09:59:22'),(1576,225,'chicken_fan','2025-11-27 09:59:22'),(1577,225,'fishing_pro','2025-11-27 09:59:22'),(1578,225,'gamer_pro','2025-11-27 09:59:22'),(1579,225,'plant_mom','2025-11-27 09:59:22'),(1580,226,'burger_hunter','2025-11-27 09:59:22'),(1581,226,'diy_maker','2025-11-27 09:59:22'),(1582,226,'wine_lover','2025-11-27 09:59:22'),(1583,226,'morning_person','2025-11-27 09:59:22'),(1584,226,'bike_rider','2025-11-27 09:59:22'),(1585,226,'travel_master','2025-11-27 09:59:22'),(1586,228,'ice_cream','2025-11-27 09:59:22'),(1587,228,'yoga_master','2025-11-27 09:59:22'),(1588,228,'music_fan','2025-11-27 09:59:22'),(1589,228,'fishing_pro','2025-11-27 09:59:22'),(1590,228,'kimbap_queen','2025-11-27 09:59:22'),(1591,228,'night_owl','2025-11-27 09:59:22'),(1592,228,'pizza_lover','2025-11-27 09:59:22'),(1593,228,'drama_fan','2025-11-27 09:59:22'),(1594,229,'yoga_master','2025-11-27 09:59:22'),(1595,229,'bike_rider','2025-11-27 09:59:22'),(1596,229,'burger_hunter','2025-11-27 09:59:22'),(1597,229,'night_owl','2025-11-27 09:59:22'),(1598,229,'ramen_addict','2025-11-27 09:59:22'),(1599,229,'gamer_pro','2025-11-27 09:59:22'),(1600,229,'drama_fan','2025-11-27 09:59:22'),(1601,229,'chicken_fan','2025-11-27 09:59:22'),(1602,229,'tteokbokki','2025-11-27 09:59:22'),(1603,230,'travel_master','2025-11-27 09:59:22'),(1604,230,'foodie_busan','2025-11-27 09:59:22'),(1605,230,'runner_girl','2025-11-27 09:59:22'),(1606,230,'camping_fan','2025-11-27 09:59:22'),(1607,230,'night_owl','2025-11-27 09:59:22'),(1608,230,'burger_hunter','2025-11-27 09:59:22'),(1609,230,'street_food','2025-11-27 09:59:22'),(1610,231,'bike_rider','2025-11-27 09:59:22'),(1611,231,'cafe_lover','2025-11-27 09:59:22'),(1612,231,'vintage_hunter','2025-11-27 09:59:22'),(1613,232,'chicken_fan','2025-11-27 09:59:22'),(1614,232,'music_fan','2025-11-27 09:59:22'),(1615,232,'ramen_addict','2025-11-27 09:59:22'),(1616,232,'gamer_pro','2025-11-27 09:59:22'),(1617,232,'cocktail_bar','2025-11-27 09:59:22'),(1618,232,'plant_mom','2025-11-27 09:59:22'),(1619,232,'tteokbokki','2025-11-27 09:59:22'),(1620,232,'night_owl','2025-11-27 09:59:22'),(1621,233,'runner_girl','2025-11-27 09:59:22'),(1622,233,'burger_hunter','2025-11-27 09:59:22'),(1623,233,'chicken_fan','2025-11-27 09:59:22'),(1624,233,'wine_lover','2025-11-27 09:59:22'),(1625,233,'pet_lover','2025-11-27 09:59:22'),(1626,233,'travel_master','2025-11-27 09:59:22'),(1627,233,'fitness_guru','2025-11-27 09:59:22'),(1628,233,'night_owl','2025-11-27 09:59:22'),(1629,233,'morning_person','2025-11-27 09:59:22'),(1630,233,'sushi_master','2025-11-27 09:59:22'),(1631,233,'ice_cream','2025-11-27 09:59:22'),(1632,233,'dessert_queen','2025-11-27 09:59:22'),(1633,233,'street_food','2025-11-27 09:59:22'),(1634,234,'art_collector','2025-11-27 09:59:22'),(1635,234,'soju_lover','2025-11-27 09:59:22'),(1636,234,'runner_girl','2025-11-27 09:59:22'),(1637,234,'burger_hunter','2025-11-27 09:59:22'),(1638,234,'ice_cream','2025-11-27 09:59:22'),(1639,234,'ocean_lover','2025-11-27 09:59:22'),(1640,234,'photo_artist','2025-11-27 09:59:22'),(1641,234,'yoga_master','2025-11-27 09:59:22'),(1642,234,'music_fan','2025-11-27 09:59:22'),(1643,234,'bbq_king','2025-11-27 09:59:22'),(1644,234,'game_streamer','2025-11-27 09:59:22'),(1645,234,'tea_master','2025-11-27 09:59:22'),(1646,235,'ramen_addict','2025-11-27 09:59:22'),(1647,235,'night_owl','2025-11-27 09:59:22'),(1648,235,'burger_hunter','2025-11-27 09:59:22'),(1649,236,'gamer_pro','2025-11-27 09:59:22'),(1650,236,'burger_hunter','2025-11-27 09:59:22'),(1651,236,'night_owl','2025-11-27 09:59:22'),(1652,236,'soju_lover','2025-11-27 09:59:22'),(1653,236,'kimbap_queen','2025-11-27 09:59:23'),(1654,236,'sushi_master','2025-11-27 09:59:23'),(1655,236,'beer_master','2025-11-27 09:59:23'),(1656,236,'music_fan','2025-11-27 09:59:23'),(1657,236,'bookworm','2025-11-27 09:59:23'),(1658,236,'ramen_addict','2025-11-27 09:59:23'),(1659,236,'idol_fan','2025-11-27 09:59:23'),(1660,236,'surfing_dude','2025-11-27 09:59:23'),(1661,236,'travel_master','2025-11-27 09:59:23'),(1662,236,'chicken_fan','2025-11-27 09:59:23'),(1663,236,'bbq_king','2025-11-27 09:59:23'),(1664,237,'diy_maker','2025-11-27 09:59:23'),(1665,237,'bbq_king','2025-11-27 09:59:23'),(1666,237,'wine_lover','2025-11-27 09:59:23'),(1667,237,'fitness_guru','2025-11-27 09:59:23'),(1668,237,'game_streamer','2025-11-27 09:59:23'),(1669,237,'soju_lover','2025-11-27 09:59:23'),(1670,237,'ice_cream','2025-11-27 09:59:23'),(1671,237,'ocean_lover','2025-11-27 09:59:23'),(1672,237,'street_food','2025-11-27 09:59:23'),(1673,237,'kimbap_queen','2025-11-27 09:59:23'),(1674,237,'plant_mom','2025-11-27 09:59:23'),(1675,237,'dessert_queen','2025-11-27 09:59:23'),(1676,237,'movie_buff','2025-11-27 09:59:23'),(1677,239,'music_fan','2025-11-27 09:59:23'),(1678,239,'daily_life','2025-11-27 09:59:23'),(1679,239,'dessert_queen','2025-11-27 09:59:23'),(1680,239,'surfing_dude','2025-11-27 09:59:23'),(1681,239,'pet_lover','2025-11-27 09:59:23'),(1682,239,'wine_lover','2025-11-27 09:59:23'),(1683,239,'diy_maker','2025-11-27 09:59:23'),(1684,239,'camping_fan','2025-11-27 09:59:23'),(1685,239,'plant_mom','2025-11-27 09:59:23'),(1686,239,'beer_master','2025-11-27 09:59:23'),(1687,239,'foodie_busan','2025-11-27 09:59:23'),(1688,239,'morning_person','2025-11-27 09:59:23'),(1689,240,'bread_lover','2025-11-27 09:59:23'),(1690,240,'sushi_master','2025-11-27 09:59:23'),(1691,240,'foodie_busan','2025-11-27 09:59:23'),(1692,240,'burger_hunter','2025-11-27 09:59:23'),(1693,240,'bbq_king','2025-11-27 09:59:23'),(1694,240,'surfing_dude','2025-11-27 09:59:23'),(1695,240,'pet_lover','2025-11-27 09:59:23'),(1696,240,'street_food','2025-11-27 09:59:23'),(1697,240,'wine_lover','2025-11-27 09:59:23'),(1698,240,'ice_cream','2025-11-27 09:59:23'),(1699,241,'kimbap_queen','2025-11-27 09:59:23'),(1700,241,'vintage_hunter','2025-11-27 09:59:23'),(1701,241,'bike_rider','2025-11-27 09:59:23'),(1702,241,'burger_hunter','2025-11-27 09:59:23'),(1703,241,'fishing_pro','2025-11-27 09:59:23'),(1704,241,'gamer_pro','2025-11-27 09:59:23'),(1705,241,'yoga_master','2025-11-27 09:59:23'),(1706,241,'movie_buff','2025-11-27 09:59:23'),(1707,241,'ocean_lover','2025-11-27 09:59:23'),(1708,241,'surfing_dude','2025-11-27 09:59:23'),(1709,241,'tteokbokki','2025-11-27 09:59:23'),(1710,241,'diy_maker','2025-11-27 09:59:23'),(1711,242,'pizza_lover','2025-11-27 09:59:23'),(1712,242,'pet_lover','2025-11-27 09:59:23'),(1713,242,'fishing_pro','2025-11-27 09:59:23'),(1714,242,'surfing_dude','2025-11-27 09:59:23'),(1715,242,'bread_lover','2025-11-27 09:59:23'),(1716,242,'bike_rider','2025-11-27 09:59:23'),(1717,242,'camping_fan','2025-11-27 09:59:23'),(1718,242,'drama_fan','2025-11-27 09:59:23'),(1719,242,'cocktail_bar','2025-11-27 09:59:23'),(1720,242,'wine_lover','2025-11-27 09:59:23'),(1721,242,'photo_artist','2025-11-27 09:59:23'),(1722,243,'fishing_pro','2025-11-27 09:59:23'),(1723,243,'kimbap_queen','2025-11-27 09:59:23'),(1724,243,'chicken_fan','2025-11-27 09:59:23'),(1725,243,'drama_fan','2025-11-27 09:59:23'),(1726,243,'bread_lover','2025-11-27 09:59:23'),(1727,243,'cafe_lover','2025-11-27 09:59:23'),(1728,243,'foodie_busan','2025-11-27 09:59:23'),(1729,243,'bike_rider','2025-11-27 09:59:23'),(1730,243,'movie_buff','2025-11-27 09:59:23'),(1731,243,'wine_lover','2025-11-27 09:59:23'),(1732,243,'game_streamer','2025-11-27 09:59:23'),(1733,243,'gamer_pro','2025-11-27 09:59:23'),(1734,243,'travel_master','2025-11-27 09:59:23'),(1735,243,'art_collector','2025-11-27 09:59:23'),(1736,244,'fishing_pro','2025-11-27 09:59:23'),(1737,244,'ramen_addict','2025-11-27 09:59:23'),(1738,244,'kimbap_queen','2025-11-27 09:59:23'),(1739,244,'night_owl','2025-11-27 09:59:23'),(1740,244,'drama_fan','2025-11-27 09:59:23'),(1741,244,'tteokbokki','2025-11-27 09:59:23'),(1742,244,'bookworm','2025-11-27 09:59:23'),(1743,244,'bread_lover','2025-11-27 09:59:23'),(1744,244,'sushi_master','2025-11-27 09:59:23'),(1745,244,'bbq_king','2025-11-27 09:59:23'),(1746,244,'runner_girl','2025-11-27 09:59:23'),(1747,244,'movie_buff','2025-11-27 09:59:23'),(1748,244,'soju_lover','2025-11-27 09:59:23'),(1749,245,'surfing_dude','2025-11-27 09:59:23'),(1750,245,'fishing_pro','2025-11-27 09:59:23'),(1751,245,'bbq_king','2025-11-27 09:59:23'),(1752,245,'tea_master','2025-11-27 09:59:23'),(1753,245,'bread_lover','2025-11-27 09:59:23'),(1754,245,'art_collector','2025-11-27 09:59:23'),(1755,245,'daily_life','2025-11-27 09:59:23'),(1756,245,'ramen_addict','2025-11-27 09:59:23'),(1757,245,'chicken_fan','2025-11-27 09:59:23'),(1758,245,'music_fan','2025-11-27 09:59:23'),(1759,245,'soju_lover','2025-11-27 09:59:23'),(1760,245,'drama_fan','2025-11-27 09:59:23'),(1761,245,'cafe_lover','2025-11-27 09:59:23'),(1762,245,'diy_maker','2025-11-27 09:59:23'),(1763,245,'movie_buff','2025-11-27 09:59:23'),(1764,247,'bbq_king','2025-11-27 09:59:23'),(1765,247,'morning_person','2025-11-27 09:59:23'),(1766,247,'chicken_fan','2025-11-27 09:59:23'),(1767,247,'drama_fan','2025-11-27 09:59:23'),(1768,247,'mountain_hiker','2025-11-27 09:59:23'),(1769,247,'diy_maker','2025-11-27 09:59:23'),(1770,247,'yoga_master','2025-11-27 09:59:23'),(1771,247,'cocktail_bar','2025-11-27 09:59:23'),(1772,247,'sushi_master','2025-11-27 09:59:23'),(1773,247,'soju_lover','2025-11-27 09:59:23'),(1774,248,'pet_lover','2025-11-27 09:59:23'),(1775,248,'ocean_lover','2025-11-27 09:59:23'),(1776,248,'bbq_king','2025-11-27 09:59:23'),(1777,248,'music_fan','2025-11-27 09:59:23'),(1778,248,'beer_master','2025-11-27 09:59:23'),(1779,248,'kimbap_queen','2025-11-27 09:59:23'),(1780,248,'vintage_hunter','2025-11-27 09:59:23'),(1781,248,'art_collector','2025-11-27 09:59:23'),(1782,250,'foodie_busan','2025-11-27 09:59:23'),(1783,250,'kimbap_queen','2025-11-27 09:59:23'),(1784,250,'bbq_king','2025-11-27 09:59:23'),(1785,250,'surfing_dude','2025-11-27 09:59:23'),(1786,250,'movie_buff','2025-11-27 09:59:23'),(1787,250,'ocean_lover','2025-11-27 09:59:23'),(1788,251,'art_collector','2025-11-27 09:59:23'),(1789,251,'cocktail_bar','2025-11-27 09:59:23'),(1790,251,'bike_rider','2025-11-27 09:59:23'),(1791,251,'daily_life','2025-11-27 09:59:23'),(1792,251,'chicken_fan','2025-11-27 09:59:23'),(1793,251,'morning_person','2025-11-27 09:59:23'),(1794,251,'photo_artist','2025-11-27 09:59:23'),(1795,251,'idol_fan','2025-11-27 09:59:23'),(1796,251,'burger_hunter','2025-11-27 09:59:23'),(1797,251,'movie_buff','2025-11-27 09:59:23'),(1798,251,'game_streamer','2025-11-27 09:59:23'),(1799,251,'ocean_lover','2025-11-27 09:59:23'),(1800,251,'plant_mom','2025-11-27 09:59:23'),(1801,252,'daily_life','2025-11-27 09:59:23'),(1802,252,'art_collector','2025-11-27 09:59:23'),(1803,252,'burger_hunter','2025-11-27 09:59:23'),(1804,252,'pizza_lover','2025-11-27 09:59:23'),(1805,252,'fishing_pro','2025-11-27 09:59:23'),(1806,252,'fitness_guru','2025-11-27 09:59:23'),(1807,252,'sushi_master','2025-11-27 09:59:23'),(1808,252,'ramen_addict','2025-11-27 09:59:23'),(1809,252,'vintage_hunter','2025-11-27 09:59:23'),(1810,252,'ocean_lover','2025-11-27 09:59:23'),(1811,252,'kimbap_queen','2025-11-27 09:59:23'),(1812,252,'night_owl','2025-11-27 09:59:23'),(1813,253,'mountain_hiker','2025-11-27 09:59:23'),(1814,253,'bookworm','2025-11-27 09:59:23'),(1815,253,'ramen_addict','2025-11-27 09:59:23'),(1816,253,'sushi_master','2025-11-27 09:59:23'),(1817,253,'chicken_fan','2025-11-27 09:59:23'),(1818,253,'bbq_king','2025-11-27 09:59:23'),(1819,254,'sushi_master','2025-11-27 09:59:23'),(1820,254,'bookworm','2025-11-27 09:59:23'),(1821,254,'daily_life','2025-11-27 09:59:23'),(1822,254,'bbq_king','2025-11-27 09:59:23'),(1823,254,'gamer_pro','2025-11-27 09:59:23'),(1824,254,'tteokbokki','2025-11-27 09:59:23'),(1825,254,'game_streamer','2025-11-27 09:59:23'),(1826,255,'drama_fan','2025-11-27 09:59:23'),(1827,255,'surfing_dude','2025-11-27 09:59:23'),(1828,255,'art_collector','2025-11-27 09:59:23'),(1829,255,'music_fan','2025-11-27 09:59:23'),(1830,255,'game_streamer','2025-11-27 09:59:23'),(1831,256,'vintage_hunter','2025-11-27 09:59:23'),(1832,256,'cafe_lover','2025-11-27 09:59:23'),(1833,256,'cocktail_bar','2025-11-27 09:59:23'),(1834,256,'tea_master','2025-11-27 09:59:23'),(1835,256,'plant_mom','2025-11-27 09:59:23'),(1836,256,'drama_fan','2025-11-27 09:59:23'),(1837,256,'bookworm','2025-11-27 09:59:23'),(1838,256,'bbq_king','2025-11-27 09:59:23'),(1839,256,'gamer_pro','2025-11-27 09:59:23'),(1840,257,'street_food','2025-11-27 09:59:23'),(1841,257,'foodie_busan','2025-11-27 09:59:23'),(1842,257,'idol_fan','2025-11-27 09:59:23'),(1843,257,'kimbap_queen','2025-11-27 09:59:23'),(1844,257,'plant_mom','2025-11-27 09:59:23'),(1845,257,'morning_person','2025-11-27 09:59:23'),(1846,257,'music_fan','2025-11-27 09:59:23'),(1847,257,'art_collector','2025-11-27 09:59:23'),(1848,257,'pet_lover','2025-11-27 09:59:23'),(1849,257,'fishing_pro','2025-11-27 09:59:23'),(1850,257,'surfing_dude','2025-11-27 09:59:23'),(1851,257,'runner_girl','2025-11-27 09:59:23'),(1852,257,'cafe_lover','2025-11-27 09:59:23'),(1853,257,'daily_life','2025-11-27 09:59:23'),(1854,257,'pizza_lover','2025-11-27 09:59:23'),(1855,258,'surfing_dude','2025-11-27 09:59:23'),(1856,258,'kimbap_queen','2025-11-27 09:59:23'),(1857,258,'idol_fan','2025-11-27 09:59:23'),(1858,258,'daily_life','2025-11-27 09:59:23'),(1859,258,'soju_lover','2025-11-27 09:59:23'),(1860,258,'plant_mom','2025-11-27 09:59:23'),(1861,258,'game_streamer','2025-11-27 09:59:23'),(1862,258,'foodie_busan','2025-11-27 09:59:23'),(1863,258,'bike_rider','2025-11-27 09:59:23'),(1864,258,'street_food','2025-11-27 09:59:23'),(1865,258,'pizza_lover','2025-11-27 09:59:23'),(1866,258,'morning_person','2025-11-27 09:59:23'),(1867,258,'photo_artist','2025-11-27 09:59:23'),(1868,258,'music_fan','2025-11-27 09:59:23'),(1869,259,'night_owl','2025-11-27 09:59:23'),(1870,260,'runner_girl','2025-11-27 09:59:23'),(1871,260,'art_collector','2025-11-27 09:59:23'),(1872,260,'pet_lover','2025-11-27 09:59:23'),(1873,260,'chicken_fan','2025-11-27 09:59:23'),(1874,261,'idol_fan','2025-11-27 09:59:23'),(1875,261,'diy_maker','2025-11-27 09:59:23'),(1876,261,'bookworm','2025-11-27 09:59:23'),(1877,261,'bbq_king','2025-11-27 09:59:23'),(1878,261,'drama_fan','2025-11-27 09:59:23'),(1879,261,'mountain_hiker','2025-11-27 09:59:23'),(1880,261,'game_streamer','2025-11-27 09:59:23'),(1881,261,'foodie_busan','2025-11-27 09:59:23'),(1882,261,'yoga_master','2025-11-27 09:59:23'),(1883,261,'camping_fan','2025-11-27 09:59:23'),(1884,262,'bbq_king','2025-11-27 09:59:23'),(1885,262,'runner_girl','2025-11-27 09:59:23'),(1886,263,'ice_cream','2025-11-27 09:59:23'),(1887,263,'ocean_lover','2025-11-27 09:59:23'),(1888,263,'runner_girl','2025-11-27 09:59:23'),(1889,263,'music_fan','2025-11-27 09:59:23'),(1890,263,'sushi_master','2025-11-27 09:59:23'),(1891,264,'morning_person','2025-11-27 09:59:23'),(1892,264,'bookworm','2025-11-27 09:59:23'),(1893,264,'plant_mom','2025-11-27 09:59:23'),(1894,264,'surfing_dude','2025-11-27 09:59:23'),(1895,264,'night_owl','2025-11-27 09:59:23'),(1896,264,'pet_lover','2025-11-27 09:59:23'),(1897,264,'mountain_hiker','2025-11-27 09:59:23'),(1898,265,'game_streamer','2025-11-27 09:59:23'),(1899,265,'art_collector','2025-11-27 09:59:23'),(1900,265,'camping_fan','2025-11-27 09:59:23'),(1901,265,'wine_lover','2025-11-27 09:59:23'),(1902,265,'night_owl','2025-11-27 09:59:23'),(1903,265,'runner_girl','2025-11-27 09:59:23'),(1904,265,'street_food','2025-11-27 09:59:23'),(1905,265,'surfing_dude','2025-11-27 09:59:23'),(1906,265,'gamer_pro','2025-11-27 09:59:23'),(1907,265,'tea_master','2025-11-27 09:59:23'),(1908,265,'music_fan','2025-11-27 09:59:23'),(1909,265,'plant_mom','2025-11-27 09:59:23'),(1910,265,'dessert_queen','2025-11-27 09:59:23'),(1911,265,'beer_master','2025-11-27 09:59:23'),(1912,265,'diy_maker','2025-11-27 09:59:23'),(1913,266,'mountain_hiker','2025-11-27 09:59:23'),(1914,266,'dessert_queen','2025-11-27 09:59:23'),(1915,266,'tteokbokki','2025-11-27 09:59:23'),(1916,266,'kimbap_queen','2025-11-27 09:59:23'),(1917,266,'idol_fan','2025-11-27 09:59:23'),(1918,267,'ice_cream','2025-11-27 09:59:23'),(1919,267,'burger_hunter','2025-11-27 09:59:23'),(1920,267,'travel_master','2025-11-27 09:59:23'),(1921,267,'photo_artist','2025-11-27 09:59:23'),(1922,267,'daily_life','2025-11-27 09:59:23'),(1923,267,'soju_lover','2025-11-27 09:59:23'),(1924,267,'cocktail_bar','2025-11-27 09:59:23'),(1925,267,'mountain_hiker','2025-11-27 09:59:23'),(1926,267,'cafe_lover','2025-11-27 09:59:23'),(1927,267,'gamer_pro','2025-11-27 09:59:23'),(1928,267,'bike_rider','2025-11-27 09:59:23'),(1929,267,'tteokbokki','2025-11-27 09:59:23'),(1930,267,'yoga_master','2025-11-27 09:59:23'),(1931,176,'beer_master','2025-11-28 09:53:33'),(1932,268,'daily_life','2025-11-28 11:11:01');
/*!40000 ALTER TABLE `lm_likes` ENABLE KEYS */;
UNLOCK TABLES;

--
-- Table structure for table `lm_markers`
--

DROP TABLE IF EXISTS `lm_markers`;
/*!40101 SET @saved_cs_client     = @@character_set_client */;
/*!50503 SET character_set_client = utf8mb4 */;
CREATE TABLE `lm_markers` (
  `MARKER_ID` int NOT NULL AUTO_INCREMENT COMMENT '마커 고유 ID',
  `USER_ID` varchar(50) NOT NULL COMMENT '마커를 남긴 사용자 ID',
  `LATITUDE` decimal(10,8) NOT NULL COMMENT '마커의 위도',
  `LONGITUDE` decimal(11,8) NOT NULL COMMENT '마커의 경도',
  `LINE1` text NOT NULL COMMENT '3줄 글 첫째 줄',
  `LINE2` text COMMENT '3줄 글 둘째 줄 (NULL 가능)',
  `LINE3` text COMMENT '3줄 글 셋째 줄 (NULL 가능)',
  `IMAGE_URL` varchar(2048) DEFAULT NULL COMMENT '마커에 첨부된 이미지 URL (선택 사항)',
  `CREATED_AT` datetime DEFAULT CURRENT_TIMESTAMP COMMENT '마커 생성 시각',
  `UPDATED_AT` datetime DEFAULT CURRENT_TIMESTAMP ON UPDATE CURRENT_TIMESTAMP COMMENT '마커 마지막 수정 시각',
  `LIKE_COUNT` int DEFAULT '0' COMMENT '마커 좋아요 수',
  `COMMENT_COUNT` int DEFAULT '0' COMMENT '마커 댓글 수',
  `IS_PUBLIC` tinyint(1) DEFAULT '1' COMMENT '마커 공개 여부 (TRUE: 공개, FALSE: 비공개)',
  `CATEGORY` varchar(20) DEFAULT 'GENERAL',
  PRIMARY KEY (`MARKER_ID`),
  KEY `idx_markers_category` (`CATEGORY`)
) ENGINE=InnoDB AUTO_INCREMENT=269 DEFAULT CHARSET=utf8mb4 COLLATE=utf8mb4_0900_ai_ci;
/*!40101 SET character_set_client = @saved_cs_client */;

--
-- Dumping data for table `lm_markers`
--

LOCK TABLES `lm_markers` WRITE;
/*!40000 ALTER TABLE `lm_markers` DISABLE KEYS */;
INSERT INTO `lm_markers` VALUES (3,'test',35.20059249,129.03607032,'ㅇㅇ','ㅇㅇ','ㅇㅇ','/uploads/markers/marker_1764136571062.jpg','2025-11-26 09:59:49','2025-11-28 10:16:20',0,0,1,'RESTAURANT'),(4,'test',35.22159981,129.06985035,'qwe','asd','zxc','/uploads/markers/test_1764123224415.JPG','2025-11-26 11:07:04','2025-11-28 10:09:54',0,0,1,'TRAVEL'),(5,'test',35.21795597,129.12615740,'asd','asd','asd','/uploads/markers/test_1764125497589.png','2025-11-26 11:13:47','2025-11-28 10:16:20',2,2,1,'DAILY'),(6,'test',37.50173525,126.72767043,'나의 모교','모이자','여기로','/uploads/markers/marker_1764136571062.jpg','2025-11-26 12:41:03','2025-11-28 10:16:20',0,0,1,'GENERAL'),(7,'marker',37.49370961,126.72669411,'부평 영화 번개','시간 저녁 7시','회비 인당 2만원','/uploads/markers/test_1764123224415.JPG','2025-11-26 14:55:50','2025-11-28 10:09:54',0,0,1,'DAILY'),(8,'fitness_guru',35.07720814,129.08963186,'동네 마트 추천','저렴한 가격','신선한 채소!','/uploads/markers/test_1764125497589.png','2025-11-26 15:35:31','2025-11-28 10:16:20',10,2,1,'DAILY'),(9,'art_collector',35.10007880,128.93281381,'용두산공원','부산타워 야경 최고','해질녘 방문 추천','/uploads/markers/marker_1764136571062.jpg','2025-11-26 15:35:31','2025-11-28 10:16:20',1,1,1,'TRAVEL'),(10,'ocean_lover',35.17222644,129.12740737,'작업하기 좋은 곳','콘센트 많음','와이파이 빵빵 작업 완벽','/uploads/markers/test_1764123224415.JPG','2025-11-26 15:35:31','2025-11-28 10:16:20',6,6,1,'CAFE'),(11,'pet_lover',35.23238381,129.14391413,'해물찜 맛집','푸짐한 해물찜','볶음밥까지 4인 완벽','/uploads/markers/test_1764125497589.png','2025-11-26 15:35:31','2025-11-28 10:16:20',7,5,1,'RESTAURANT'),(12,'art_collector',35.19367071,129.08526932,'돼지국밥 맛집 ?','진짜 부산 로컬 맛집','국물이 진하고 고기도 푸짐해요!','/uploads/markers/marker_1764136571062.jpg','2025-11-26 15:35:31','2025-11-28 10:16:20',2,1,1,'RESTAURANT'),(13,'daily_life',35.21038395,128.98971941,'떡볶이 성지','매콤달콤 분식','튀김이랑 같이 먹으면 최고','/uploads/markers/test_1764123224415.JPG','2025-11-26 15:35:31','2025-11-28 10:16:20',4,6,1,'RESTAURANT'),(14,'cafe_lover',35.24749484,129.02208991,'무료 주차 가능','숨은 주차 장소','주변 맛집도 많아요','/uploads/markers/test_1764125497589.png','2025-11-26 15:35:31','2025-11-28 10:16:20',0,8,1,'GENERAL'),(15,'street_food',35.20552616,129.14244134,'반려견 미용실 ?','강아지 단골','미용사님 동물 사랑','/uploads/markers/marker_1764136571062.jpg','2025-11-26 15:35:31','2025-11-28 10:16:20',8,6,1,'DAILY'),(16,'gamer_pro',35.19955054,129.12186376,'대기 장소 추천','약속 기다리기 좋음','벤치 그늘 있음','/uploads/markers/test_1764123224415.JPG','2025-11-26 15:35:31','2025-11-28 10:16:20',3,1,1,'GENERAL'),(17,'morning_person',35.14123456,129.06909166,'흰여울문화마을','영화 속 한 장면','바다 보이고 사진 예쁨','/uploads/markers/test_1764125497589.png','2025-11-26 15:35:31','2025-11-28 10:16:20',4,4,1,'TRAVEL'),(18,'dessert_queen',35.08662479,129.13704653,'버스킹 명소 ?','주말 버스킹 공연','분위기 좋아요','/uploads/markers/marker_1764136571062.jpg','2025-11-26 15:35:31','2025-11-28 10:16:20',4,8,1,'GENERAL'),(19,'music_fan',35.20120863,129.04628868,'흰여울문화마을','영화 속 한 장면','바다 보이고 사진 예쁨','/uploads/markers/test_1764123224415.JPG','2025-11-26 15:35:31','2025-11-28 10:16:20',5,3,1,'TRAVEL'),(20,'beer_master',35.05245845,129.08077654,'픽업 포인트','배달 픽업 좋음','주차도 잠깐 가능!','/uploads/markers/test_1764125497589.png','2025-11-26 15:35:31','2025-11-28 10:16:20',10,5,1,'GENERAL'),(21,'ocean_lover',35.05262629,128.97797834,'해운대 야경 스팟 ✨','밤에 오면 더 멋져','마린시티 불빛이 로맨틱','/uploads/markers/marker_1764136571062.jpg','2025-11-26 15:35:31','2025-11-28 10:16:20',6,8,1,'TRAVEL'),(22,'daily_life',35.18106756,128.99616758,'반영 사진 포인트','물에 비친 풍경','비온 뒤 최고','/uploads/markers/test_1764123224415.JPG','2025-11-26 15:35:31','2025-11-28 10:16:20',1,0,1,'PHOTO'),(23,'street_food',35.20548856,128.90593199,'와이파이 빵빵 ?','공공 와이파이','급할 때 여기서 작업','/uploads/markers/test_1764125497589.png','2025-11-26 15:35:31','2025-11-28 10:16:20',5,4,1,'GENERAL'),(24,'night_owl',35.16259676,128.99521069,'버스킹 명소 ?','주말 버스킹 공연','분위기 좋아요','/uploads/markers/marker_1764136571062.jpg','2025-11-26 15:35:31','2025-11-28 10:16:20',4,2,1,'GENERAL'),(25,'travel_master',35.23159060,129.02908400,'태종대 전망대','부산 바다 한눈에','다누비열차 추천','/uploads/markers/test_1764123224415.JPG','2025-11-26 15:35:31','2025-11-28 10:16:20',6,1,1,'TRAVEL'),(26,'daily_life',35.24092401,128.94203491,'버스킹 명소 ?','주말 버스킹 공연','분위기 좋아요','/uploads/markers/test_1764125497589.png','2025-11-26 15:35:31','2025-11-28 10:16:20',1,8,1,'GENERAL'),(27,'foodie_busan',35.09121174,129.11852329,'곱창 골목 최강','부산 곱창 골목','막창도 굿굿! 소주 필수','/uploads/markers/marker_1764136571062.jpg','2025-11-26 15:35:31','2025-11-28 10:16:20',10,5,1,'RESTAURANT'),(28,'bookworm',35.21910132,128.93342141,'돼지국밥 맛집 ?','진짜 부산 로컬 맛집','국물이 진하고 고기도 푸짐해요!','/uploads/markers/test_1764123224415.JPG','2025-11-26 15:35:31','2025-11-28 10:16:20',9,4,1,'RESTAURANT'),(29,'cafe_lover',35.14944895,128.97359261,'돼지국밥 맛집 ?','진짜 부산 로컬 맛집','국물이 진하고 고기도 푸짐해요!','https://images.unsplash.com/photo-1504674900247-0877df9cc836?w=400','2025-11-26 15:35:31','2025-11-28 10:16:20',10,5,1,'RESTAURANT'),(30,'morning_person',35.05727986,129.10510112,'치킨 맛집 ?','바삭바삭 황금비율','맥주랑 찰떡궁합!','https://images.unsplash.com/photo-1555939594-58d7cb561ad1?w=400','2025-11-26 15:35:31','2025-11-28 10:16:20',7,1,1,'RESTAURANT'),(31,'vintage_hunter',35.20622878,129.06937976,'이기대 산책로','오륙도 해안절경','트레킹하기 좋아요','https://images.unsplash.com/photo-1530789253388-582c481c54b0?w=400','2025-11-26 15:35:31','2025-11-28 10:16:20',10,4,1,'TRAVEL'),(32,'street_food',35.10150412,128.90295005,'단골 세탁소 ?','양복 세탁 맡기기 좋음','사장님 친절!','https://images.unsplash.com/photo-1489367874814-f5d040621dd8?w=400','2025-11-26 15:35:31','2025-11-28 10:16:20',7,0,1,'DAILY'),(33,'gamer_pro',35.23400300,128.95869913,'네일샵 추천','젤네일 오래 감','디자인 예쁨 가격 착함','https://images.unsplash.com/photo-1484627147104-f5197bcd6651?w=400','2025-11-26 15:35:31','2025-11-28 10:16:20',1,5,1,'DAILY'),(34,'foodie_busan',35.09172401,129.12833758,'노을 촬영지','하늘색 시시각각','타임랩스 촬영 성지','https://images.unsplash.com/photo-1470071459604-3b5ec3a7fe05?w=400','2025-11-26 15:35:31','2025-11-28 10:16:20',8,3,1,'PHOTO'),(35,'morning_person',35.06363272,129.09323044,'대기 장소 추천','약속 기다리기 좋음','벤치 그늘 있음','https://images.unsplash.com/photo-1519501025264-65ba15a82390?w=400','2025-11-26 15:35:31','2025-11-28 10:16:20',3,3,1,'GENERAL'),(36,'fitness_guru',35.05893481,129.09114346,'반영 사진 포인트','물에 비친 풍경','비온 뒤 최고','https://images.unsplash.com/photo-1433838552652-f9a46b332c40?w=400','2025-11-26 15:35:31','2025-11-28 10:16:20',1,4,1,'PHOTO'),(37,'dessert_queen',35.10442158,128.91445601,'숨은 루프탑 카페','아는 사람만 아는 곳','야경이 진짜 예뻐요','https://images.unsplash.com/photo-1559496417-e7f25cb247f3?w=400','2025-11-26 15:35:31','2025-11-28 10:16:20',4,4,1,'CAFE'),(38,'dessert_queen',35.17685675,128.96672402,'해운대 야경 스팟 ✨','밤에 오면 더 멋져','마린시티 불빛이 로맨틱','https://images.unsplash.com/photo-1493976040374-85c8e12f0c0e?w=400','2025-11-26 15:35:31','2025-11-28 10:16:20',10,5,1,'TRAVEL'),(39,'cafe_lover',35.12774680,129.11310910,'광안리 핫플','광안대교 야경','치맥하기 좋은 곳!','https://images.unsplash.com/photo-1469474968028-56623f02e42e?w=400','2025-11-26 15:35:31','2025-11-28 10:16:20',5,2,1,'TRAVEL'),(40,'foodie_busan',35.10884110,129.06515097,'동네 미용실','컷트 만원 실력 좋음','예약 필수!','https://images.unsplash.com/photo-1489367874814-f5d040621dd8?w=400','2025-11-26 15:35:31','2025-11-28 10:16:20',5,2,1,'DAILY'),(41,'daily_life',35.21484291,129.04119023,'감천문화마을 ?','알록달록 마을 풍경','어린왕자 포토존 필수!','https://images.unsplash.com/photo-1476514525535-07fb3b4ae5f1?w=400','2025-11-26 15:35:31','2025-11-28 10:16:20',2,7,1,'TRAVEL'),(42,'photo_artist',35.14899605,128.94568626,'해물찜 맛집','푸짐한 해물찜','볶음밥까지 4인 완벽','https://images.unsplash.com/photo-1504674900247-0877df9cc836?w=400','2025-11-26 15:35:31','2025-11-28 10:16:20',5,8,1,'RESTAURANT'),(43,'mountain_hiker',35.06511997,129.12136842,'반영 사진 포인트','물에 비친 풍경','비온 뒤 최고','https://images.unsplash.com/photo-1501785888041-af3ef285b470?w=400','2025-11-26 15:35:31','2025-11-28 10:16:20',2,0,1,'PHOTO'),(44,'fitness_guru',35.18797184,129.02464941,'베이커리 카페','직접 구운 빵','크로플+아메리카노 조합','https://images.unsplash.com/photo-1495474472287-4d71bcdd2085?w=400','2025-11-26 15:35:31','2025-11-28 10:16:20',3,4,1,'CAFE'),(45,'fitness_guru',35.19176505,129.00956896,'삼겹살 성지 ?','두꺼운 삼겹살','쌈채소 무한리필 가성비 최고','https://images.unsplash.com/photo-1504674900247-0877df9cc836?w=400','2025-11-26 15:35:31','2025-11-28 10:16:20',2,3,1,'RESTAURANT'),(46,'beer_master',35.15206491,129.01141620,'족발보쌈 맛집','콜라겐 충전 완료!','부드러운 족발 새우젓 조합','https://images.unsplash.com/photo-1565299624946-b28f40a0ae38?w=400','2025-11-26 15:35:31','2025-11-28 10:16:20',0,1,1,'RESTAURANT'),(47,'night_owl',35.18764014,129.07310343,'베이커리 카페','직접 구운 빵','크로플+아메리카노 조합','https://images.unsplash.com/photo-1559496417-e7f25cb247f3?w=400','2025-11-26 15:35:31','2025-11-28 10:16:20',11,0,1,'CAFE'),(48,'photo_artist',35.12007205,128.90582523,'수제 디저트 카페 ?','마카롱 케이크 수제','딸기 케이크 강추!','https://images.unsplash.com/photo-1495474472287-4d71bcdd2085?w=400','2025-11-26 15:35:31','2025-11-28 10:16:20',1,5,1,'CAFE'),(49,'cafe_lover',35.16521546,128.91398917,'해물찜 맛집','푸짐한 해물찜','볶음밥까지 4인 완벽','https://images.unsplash.com/photo-1546069901-ba9599a7e63c?w=400','2025-11-26 15:35:31','2025-11-28 10:16:20',1,1,1,'RESTAURANT'),(50,'mountain_hiker',35.17907013,129.08948164,'브런치 카페','에그베네딕트 맛집','주말 브런치로 딱!','https://images.unsplash.com/photo-1495474472287-4d71bcdd2085?w=400','2025-11-26 15:35:31','2025-11-28 10:16:20',3,4,1,'CAFE'),(51,'daily_life',35.16625425,129.04597038,'일출 포인트 ?','해운대 일출','새벽 5시 기상 가치있음','https://images.unsplash.com/photo-1472214103451-9374bd1c798e?w=400','2025-11-26 15:35:31','2025-11-28 10:16:20',3,8,1,'PHOTO'),(52,'ocean_lover',35.24430283,128.97477332,'회센터 추천 ?','자갈치시장 근처','싱싱한 회 저렴하게!','https://images.unsplash.com/photo-1504674900247-0877df9cc836?w=400','2025-11-26 15:35:31','2025-11-28 10:16:20',7,6,1,'RESTAURANT'),(53,'foodie_busan',35.16371846,129.05968076,'송도 케이블카 ?','바다 위를 날아가는 기분','스카이워크 스릴있음','https://images.unsplash.com/photo-1493976040374-85c8e12f0c0e?w=400','2025-11-26 15:35:31','2025-11-28 10:16:20',2,0,1,'TRAVEL'),(54,'street_food',35.10207112,128.98312092,'일출 포인트 ?','해운대 일출','새벽 5시 기상 가치있음','https://images.unsplash.com/photo-1506905925346-21bda4d32df4?w=400','2025-11-26 15:35:31','2025-11-28 10:16:20',8,5,1,'PHOTO'),(55,'daily_life',35.23470867,129.04255781,'대기 장소 추천','약속 기다리기 좋음','벤치 그늘 있음','https://images.unsplash.com/photo-1480714378408-67cf0d13bc1b?w=400','2025-11-26 15:35:31','2025-11-28 10:16:20',4,6,1,'GENERAL'),(56,'beer_master',35.24955645,129.10044344,'삼겹살 성지 ?','두꺼운 삼겹살','쌈채소 무한리필 가성비 최고','https://images.unsplash.com/photo-1504674900247-0877df9cc836?w=400','2025-11-26 15:35:31','2025-11-28 10:16:20',0,3,1,'RESTAURANT'),(57,'vintage_hunter',35.16025878,128.92595870,'이기대 산책로','오륙도 해안절경','트레킹하기 좋아요','https://images.unsplash.com/photo-1530789253388-582c481c54b0?w=400','2025-11-26 15:35:31','2025-11-28 10:16:20',5,0,1,'TRAVEL'),(58,'daily_life',35.11614250,129.10358705,'와이파이 빵빵 ?','공공 와이파이','급할 때 여기서 작업','https://images.unsplash.com/photo-1519501025264-65ba15a82390?w=400','2025-11-26 15:35:31','2025-11-28 10:16:20',1,4,1,'GENERAL'),(59,'vintage_hunter',35.05298634,129.05682621,'동네 마트 추천','저렴한 가격','신선한 채소!','https://images.unsplash.com/photo-1513542789411-b6a5d4f31634?w=400','2025-11-26 15:35:31','2025-11-28 10:16:20',0,0,1,'DAILY'),(60,'beer_master',35.11419248,129.04641238,'돼지국밥 맛집 ?','진짜 부산 로컬 맛집','국물이 진하고 고기도 푸짐해요!','https://images.unsplash.com/photo-1504674900247-0877df9cc836?w=400','2025-11-26 15:35:31','2025-11-28 10:16:20',1,3,1,'RESTAURANT'),(61,'vintage_hunter',35.17068315,129.07954155,'밀면 원조집','여름엔 역시 밀면!','시원하고 쫄깃한 면발 일품','https://images.unsplash.com/photo-1504674900247-0877df9cc836?w=400','2025-11-26 15:35:31','2025-11-28 10:16:20',3,0,1,'RESTAURANT'),(62,'foodie_busan',35.16028394,129.08399156,'무료 주차 가능','숨은 주차 장소','주변 맛집도 많아요','https://images.unsplash.com/photo-1480714378408-67cf0d13bc1b?w=400','2025-11-26 15:35:31','2025-11-28 10:16:20',7,2,1,'GENERAL'),(63,'music_fan',35.14151355,128.93982966,'노을 촬영지','하늘색 시시각각','타임랩스 촬영 성지','https://images.unsplash.com/photo-1472214103451-9374bd1c798e?w=400','2025-11-26 15:35:31','2025-11-28 10:16:20',8,5,1,'PHOTO'),(64,'street_food',35.14252371,129.02521716,'수제 디저트 카페 ?','마카롱 케이크 수제','딸기 케이크 강추!','https://images.unsplash.com/photo-1559496417-e7f25cb247f3?w=400','2025-11-26 15:35:31','2025-11-28 10:16:20',4,5,1,'CAFE'),(65,'fitness_guru',35.17271250,128.98116922,'와이파이 빵빵 ?','공공 와이파이','급할 때 여기서 작업','https://images.unsplash.com/photo-1449824913935-59a10b8d2000?w=400','2025-11-26 15:35:31','2025-11-28 10:16:20',0,2,1,'GENERAL'),(66,'morning_person',35.08511141,128.98433897,'밀면 원조집','여름엔 역시 밀면!','시원하고 쫄깃한 면발 일품','https://images.unsplash.com/photo-1504674900247-0877df9cc836?w=400','2025-11-26 15:35:31','2025-11-28 10:16:20',2,7,1,'RESTAURANT'),(67,'fitness_guru',35.24985338,129.13840355,'일출 포인트 ?','해운대 일출','새벽 5시 기상 가치있음','https://images.unsplash.com/photo-1506905925346-21bda4d32df4?w=400','2025-11-26 15:35:31','2025-11-28 10:16:20',7,0,1,'PHOTO'),(68,'tteokbokki',35.20435365,128.96316957,'태종대 전망대','부산 바다 한눈에','다누비열차 추천','https://images.unsplash.com/photo-1493976040374-85c8e12f0c0e?w=400','2025-11-27 09:59:16','2025-11-28 10:16:20',8,7,1,'TRAVEL'),(69,'fitness_guru',35.06403245,128.99491408,'족발보쌈 맛집','콜라겐 충전 완료!','부드러운 족발 새우젓 조합','https://images.unsplash.com/photo-1565299624946-b28f40a0ae38?w=400','2025-11-27 09:59:16','2025-11-28 10:16:20',11,7,1,'RESTAURANT'),(70,'burger_hunter',35.23050210,128.98009458,'치킨 맛집 ?','바삭바삭 황금비율','맥주랑 찰떡궁합!','https://images.unsplash.com/photo-1546069901-ba9599a7e63c?w=400','2025-11-27 09:59:16','2025-11-28 10:16:20',14,4,1,'RESTAURANT'),(71,'pet_lover',35.11997494,128.97242672,'떡볶이 성지','매콤달콤 분식','튀김이랑 같이 먹으면 최고','https://images.unsplash.com/photo-1567620905732-2d1ec7ab7445?w=400','2025-11-27 09:59:16','2025-11-28 10:16:20',1,4,1,'RESTAURANT'),(72,'ramen_addict',35.16422103,128.93453365,'포켓몬GO 스팟','포켓스탑 많음','레이드 하기 좋아요','https://images.unsplash.com/photo-1480714378408-67cf0d13bc1b?w=400','2025-11-27 09:59:16','2025-11-28 10:16:20',11,12,1,'GENERAL'),(73,'game_streamer',35.11213967,128.95431937,'버스킹 명소 ?','주말 버스킹 공연','분위기 좋아요','https://images.unsplash.com/photo-1519501025264-65ba15a82390?w=400','2025-11-27 09:59:16','2025-11-28 10:16:20',15,5,1,'GENERAL'),(74,'burger_hunter',35.15353992,129.05332922,'오션뷰 카페 ?','바다가 한눈에','노을 질 때 방문 추천','https://images.unsplash.com/photo-1559496417-e7f25cb247f3?w=400','2025-11-27 09:59:16','2025-11-28 10:16:20',10,5,1,'CAFE'),(75,'photo_artist',35.22573734,129.06860811,'노을 촬영지','하늘색 시시각각','타임랩스 촬영 성지','https://images.unsplash.com/photo-1506905925346-21bda4d32df4?w=400','2025-11-27 09:59:16','2025-11-28 10:16:20',14,7,1,'PHOTO'),(76,'bbq_king',35.10992925,129.05427400,'동네 미용실','컷트 만원 실력 좋음','예약 필수!','https://images.unsplash.com/photo-1484627147104-f5197bcd6651?w=400','2025-11-27 09:59:16','2025-11-28 10:16:20',11,4,1,'DAILY'),(77,'soju_lover',35.20771780,129.01838236,'해물찜 맛집','푸짐한 해물찜','볶음밥까지 4인 완벽','https://images.unsplash.com/photo-1546069901-ba9599a7e63c?w=400','2025-11-27 09:59:16','2025-11-28 10:16:20',1,11,1,'RESTAURANT'),(78,'idol_fan',35.09043036,128.92196300,'곱창 골목 최강','부산 곱창 골목','막창도 굿굿! 소주 필수','https://images.unsplash.com/photo-1555939594-58d7cb561ad1?w=400','2025-11-27 09:59:16','2025-11-28 10:16:20',5,7,1,'RESTAURANT'),(79,'travel_master',35.18946490,128.93866889,'광안리 핫플','광안대교 야경','치맥하기 좋은 곳!','https://images.unsplash.com/photo-1493976040374-85c8e12f0c0e?w=400','2025-11-27 09:59:16','2025-11-28 10:16:20',8,3,1,'TRAVEL'),(80,'runner_girl',35.13645839,128.96152623,'단골 세탁소 ?','양복 세탁 맡기기 좋음','사장님 친절!','https://images.unsplash.com/photo-1513542789411-b6a5d4f31634?w=400','2025-11-27 09:59:16','2025-11-28 10:16:20',9,10,1,'DAILY'),(81,'music_fan',35.12407353,128.99402059,'이기대 산책로','오륙도 해안절경','트레킹하기 좋아요','https://images.unsplash.com/photo-1507525428034-b723cf961d3e?w=400','2025-11-27 09:59:16','2025-11-28 10:16:20',7,5,1,'TRAVEL'),(82,'pizza_lover',35.07354891,129.12554438,'회센터 추천 ?','자갈치시장 근처','싱싱한 회 저렴하게!','https://images.unsplash.com/photo-1504674900247-0877df9cc836?w=400','2025-11-27 09:59:16','2025-11-28 10:16:20',3,8,1,'RESTAURANT'),(83,'yoga_master',35.19653013,128.91805487,'포켓몬GO 스팟','포켓스탑 많음','레이드 하기 좋아요','https://images.unsplash.com/photo-1480714378408-67cf0d13bc1b?w=400','2025-11-27 09:59:16','2025-11-28 10:16:20',14,6,1,'GENERAL'),(84,'foodie_busan',35.19771640,129.10190497,'벚꽃 명소 ?','봄에 벚꽃 터널','인생샷 건졌습니다','https://images.unsplash.com/photo-1472214103451-9374bd1c798e?w=400','2025-11-27 09:59:16','2025-11-28 10:16:20',2,1,1,'PHOTO'),(85,'drama_fan',35.21982326,128.94598087,'대기 장소 추천','약속 기다리기 좋음','벤치 그늘 있음','https://images.unsplash.com/photo-1449824913935-59a10b8d2000?w=400','2025-11-27 09:59:16','2025-11-28 10:16:20',0,11,1,'GENERAL'),(86,'vintage_hunter',35.14152522,128.98191157,'일출 포인트 ?','해운대 일출','새벽 5시 기상 가치있음','https://images.unsplash.com/photo-1433838552652-f9a46b332c40?w=400','2025-11-27 09:59:16','2025-11-28 10:16:20',15,12,1,'PHOTO'),(87,'yoga_master',35.09012584,129.06312527,'그래피티 벽화','스트릿 감성','힙한 배경 추천','https://images.unsplash.com/photo-1470071459604-3b5ec3a7fe05?w=400','2025-11-27 09:59:16','2025-11-28 10:16:20',1,4,1,'PHOTO'),(88,'daily_life',35.23701520,129.06550694,'이기대 산책로','오륙도 해안절경','트레킹하기 좋아요','https://images.unsplash.com/photo-1530789253388-582c481c54b0?w=400','2025-11-27 09:59:16','2025-11-28 10:16:20',9,1,1,'TRAVEL'),(89,'burger_hunter',35.05930125,129.08878664,'회센터 추천 ?','자갈치시장 근처','싱싱한 회 저렴하게!','https://images.unsplash.com/photo-1504674900247-0877df9cc836?w=400','2025-11-27 09:59:16','2025-11-28 10:16:20',9,5,1,'RESTAURANT'),(90,'camping_fan',35.07926926,129.03151558,'삼겹살 성지 ?','두꺼운 삼겹살','쌈채소 무한리필 가성비 최고','https://images.unsplash.com/photo-1565299624946-b28f40a0ae38?w=400','2025-11-27 09:59:16','2025-11-28 10:16:20',11,3,1,'RESTAURANT'),(91,'yoga_master',35.22182766,129.06617754,'회센터 추천 ?','자갈치시장 근처','싱싱한 회 저렴하게!','https://images.unsplash.com/photo-1504674900247-0877df9cc836?w=400','2025-11-27 09:59:16','2025-11-28 10:16:20',15,6,1,'RESTAURANT'),(92,'dessert_queen',35.07623210,129.04449413,'오션뷰 카페 ?','바다가 한눈에','노을 질 때 방문 추천','https://images.unsplash.com/photo-1442512595331-e89e73853f31?w=400','2025-11-27 09:59:16','2025-11-28 10:16:20',9,12,1,'CAFE'),(93,'ice_cream',35.19172165,128.91789812,'무료 주차 가능','숨은 주차 장소','주변 맛집도 많아요','https://images.unsplash.com/photo-1449824913935-59a10b8d2000?w=400','2025-11-27 09:59:16','2025-11-28 10:16:20',11,8,1,'GENERAL'),(94,'photo_artist',35.16176240,128.93510597,'삼겹살 성지 ?','두꺼운 삼겹살','쌈채소 무한리필 가성비 최고','https://images.unsplash.com/photo-1565299624946-b28f40a0ae38?w=400','2025-11-27 09:59:16','2025-11-28 10:16:20',12,10,1,'RESTAURANT'),(95,'photo_artist',35.15085945,128.96204940,'브런치 카페','에그베네딕트 맛집','주말 브런치로 딱!','https://images.unsplash.com/photo-1501339847302-ac426a4a7cbb?w=400','2025-11-27 09:59:16','2025-11-28 10:16:20',13,2,1,'CAFE'),(96,'game_streamer',35.12900917,129.12893284,'픽업 포인트','배달 픽업 좋음','주차도 잠깐 가능!','https://images.unsplash.com/photo-1480714378408-67cf0d13bc1b?w=400','2025-11-27 09:59:16','2025-11-28 10:16:20',3,6,1,'GENERAL'),(97,'fishing_pro',35.21287729,129.08144452,'단풍 명소 ?','가을 단풍 예쁨','11월 초 방문 추천','https://images.unsplash.com/photo-1472214103451-9374bd1c798e?w=400','2025-11-27 09:59:16','2025-11-28 10:16:20',9,7,1,'PHOTO'),(98,'foodie_busan',35.17472230,128.95483352,'치킨 맛집 ?','바삭바삭 황금비율','맥주랑 찰떡궁합!','https://images.unsplash.com/photo-1555939594-58d7cb561ad1?w=400','2025-11-27 09:59:16','2025-11-28 10:16:20',10,7,1,'RESTAURANT'),(99,'drama_fan',35.05621913,129.12010336,'떡볶이 성지','매콤달콤 분식','튀김이랑 같이 먹으면 최고','https://images.unsplash.com/photo-1546069901-ba9599a7e63c?w=400','2025-11-27 09:59:16','2025-11-28 10:16:20',15,12,1,'RESTAURANT'),(100,'sushi_master',35.20356338,128.99285927,'작업하기 좋은 곳','콘센트 많음','와이파이 빵빵 작업 완벽','https://images.unsplash.com/photo-1495474472287-4d71bcdd2085?w=400','2025-11-27 09:59:16','2025-11-28 10:16:20',13,9,1,'CAFE'),(101,'cafe_lover',35.06232063,128.94333771,'반려견 미용실 ?','강아지 단골','미용사님 동물 사랑','https://images.unsplash.com/photo-1513542789411-b6a5d4f31634?w=400','2025-11-27 09:59:16','2025-11-28 10:16:20',9,2,1,'DAILY'),(102,'morning_person',35.07930556,129.02108762,'벚꽃 명소 ?','봄에 벚꽃 터널','인생샷 건졌습니다','https://images.unsplash.com/photo-1501785888041-af3ef285b470?w=400','2025-11-27 09:59:16','2025-11-28 10:16:20',5,4,1,'PHOTO'),(103,'ocean_lover',35.23895273,128.99469934,'네일샵 추천','젤네일 오래 감','디자인 예쁨 가격 착함','https://images.unsplash.com/photo-1489367874814-f5d040621dd8?w=400','2025-11-27 09:59:16','2025-11-28 10:16:20',12,1,1,'DAILY'),(104,'ramen_addict',35.24258276,129.11879886,'작업하기 좋은 곳','콘센트 많음','와이파이 빵빵 작업 완벽','https://images.unsplash.com/photo-1501339847302-ac426a4a7cbb?w=400','2025-11-27 09:59:16','2025-11-28 10:16:20',3,9,1,'CAFE'),(105,'beer_master',35.06605779,128.99699503,'떡볶이 성지','매콤달콤 분식','튀김이랑 같이 먹으면 최고','https://images.unsplash.com/photo-1546069901-ba9599a7e63c?w=400','2025-11-27 09:59:16','2025-11-28 10:16:20',3,0,1,'RESTAURANT'),(106,'bread_lover',35.21978257,129.13106589,'삼겹살 성지 ?','두꺼운 삼겹살','쌈채소 무한리필 가성비 최고','https://images.unsplash.com/photo-1555939594-58d7cb561ad1?w=400','2025-11-27 09:59:16','2025-11-28 10:16:20',12,10,1,'RESTAURANT'),(107,'camping_fan',35.23994402,128.97327230,'숨은 루프탑 카페','아는 사람만 아는 곳','야경이 진짜 예뻐요','https://images.unsplash.com/photo-1442512595331-e89e73853f31?w=400','2025-11-27 09:59:16','2025-11-28 10:16:20',9,12,1,'CAFE'),(108,'idol_fan',35.17766836,129.04760821,'야경 촬영 스팟','삼각대 설치 좋음','차량 진입 가능!','https://images.unsplash.com/photo-1433838552652-f9a46b332c40?w=400','2025-11-27 09:59:16','2025-11-28 10:16:20',15,5,1,'PHOTO'),(109,'ice_cream',35.10118779,128.97434081,'와이파이 빵빵 ?','공공 와이파이','급할 때 여기서 작업','https://images.unsplash.com/photo-1480714378408-67cf0d13bc1b?w=400','2025-11-27 09:59:16','2025-11-28 10:16:20',6,9,1,'GENERAL'),(110,'ice_cream',35.09625246,129.00918760,'밀면 원조집','여름엔 역시 밀면!','시원하고 쫄깃한 면발 일품','https://images.unsplash.com/photo-1555939594-58d7cb561ad1?w=400','2025-11-27 09:59:16','2025-11-28 10:16:20',8,0,1,'RESTAURANT'),(111,'game_streamer',35.13619013,129.01758724,'픽업 포인트','배달 픽업 좋음','주차도 잠깐 가능!','https://images.unsplash.com/photo-1519501025264-65ba15a82390?w=400','2025-11-27 09:59:16','2025-11-28 10:16:20',7,11,1,'GENERAL'),(112,'diy_maker',35.06242047,129.06409732,'작업하기 좋은 곳','콘센트 많음','와이파이 빵빵 작업 완벽','https://images.unsplash.com/photo-1509042239860-f550ce710b93?w=400','2025-11-27 09:59:16','2025-11-28 10:16:20',4,5,1,'CAFE'),(113,'idol_fan',35.06856158,128.93865060,'오션뷰 카페 ?','바다가 한눈에','노을 질 때 방문 추천','https://images.unsplash.com/photo-1559496417-e7f25cb247f3?w=400','2025-11-27 09:59:16','2025-11-28 10:16:20',3,7,1,'CAFE'),(114,'movie_buff',35.13721118,128.96325673,'족발보쌈 맛집','콜라겐 충전 완료!','부드러운 족발 새우젓 조합','https://images.unsplash.com/photo-1567620905732-2d1ec7ab7445?w=400','2025-11-27 09:59:16','2025-11-28 10:16:20',14,2,1,'RESTAURANT'),(115,'foodie_busan',35.18050307,129.09132228,'무료 주차 가능','숨은 주차 장소','주변 맛집도 많아요','https://images.unsplash.com/photo-1480714378408-67cf0d13bc1b?w=400','2025-11-27 09:59:16','2025-11-28 10:16:20',6,10,1,'GENERAL'),(116,'cocktail_bar',35.17004181,128.96013337,'숨은 루프탑 카페','아는 사람만 아는 곳','야경이 진짜 예뻐요','https://images.unsplash.com/photo-1442512595331-e89e73853f31?w=400','2025-11-27 09:59:16','2025-11-28 10:16:20',4,11,1,'CAFE'),(117,'bike_rider',35.20896705,129.11498247,'감천문화마을 ?','알록달록 마을 풍경','어린왕자 포토존 필수!','https://images.unsplash.com/photo-1493976040374-85c8e12f0c0e?w=400','2025-11-27 09:59:16','2025-11-28 10:16:20',10,7,1,'TRAVEL'),(118,'fishing_pro',35.20971582,128.92307129,'흰여울문화마을','영화 속 한 장면','바다 보이고 사진 예쁨','https://images.unsplash.com/photo-1507525428034-b723cf961d3e?w=400','2025-11-27 09:59:16','2025-11-28 10:16:20',13,7,1,'TRAVEL'),(119,'idol_fan',35.20736555,128.96953309,'그래피티 벽화','스트릿 감성','힙한 배경 추천','https://images.unsplash.com/photo-1433838552652-f9a46b332c40?w=400','2025-11-27 09:59:16','2025-11-28 10:16:20',11,7,1,'PHOTO'),(120,'runner_girl',35.20291033,128.92714908,'독서하기 좋은 카페','조용한 분위기','책 읽으며 힐링','https://images.unsplash.com/photo-1442512595331-e89e73853f31?w=400','2025-11-27 09:59:16','2025-11-28 10:16:20',11,3,1,'CAFE'),(121,'travel_master',35.19673983,129.12787882,'떡볶이 성지','매콤달콤 분식','튀김이랑 같이 먹으면 최고','https://images.unsplash.com/photo-1555939594-58d7cb561ad1?w=400','2025-11-27 09:59:16','2025-11-28 10:16:20',6,3,1,'RESTAURANT'),(122,'foodie_busan',35.15812072,128.92668532,'태종대 전망대','부산 바다 한눈에','다누비열차 추천','https://images.unsplash.com/photo-1507525428034-b723cf961d3e?w=400','2025-11-27 09:59:16','2025-11-28 10:16:20',11,9,1,'TRAVEL'),(123,'game_streamer',35.10778780,128.95517159,'단풍 명소 ?','가을 단풍 예쁨','11월 초 방문 추천','https://images.unsplash.com/photo-1472214103451-9374bd1c798e?w=400','2025-11-27 09:59:16','2025-11-28 10:16:20',13,10,1,'PHOTO'),(124,'bread_lover',35.15441433,129.07929831,'브런치 카페','에그베네딕트 맛집','주말 브런치로 딱!','https://images.unsplash.com/photo-1442512595331-e89e73853f31?w=400','2025-11-27 09:59:16','2025-11-28 10:16:20',8,0,1,'CAFE'),(125,'cafe_lover',35.16813065,129.06338692,'떡볶이 성지','매콤달콤 분식','튀김이랑 같이 먹으면 최고','https://images.unsplash.com/photo-1565299624946-b28f40a0ae38?w=400','2025-11-27 09:59:16','2025-11-28 10:16:20',12,1,1,'RESTAURANT'),(126,'daily_life',35.23826129,129.01792179,'벚꽃 명소 ?','봄에 벚꽃 터널','인생샷 건졌습니다','https://images.unsplash.com/photo-1470071459604-3b5ec3a7fe05?w=400','2025-11-27 09:59:16','2025-11-28 10:16:20',14,8,1,'PHOTO'),(127,'bookworm',35.20899794,129.12695607,'동네 미용실','컷트 만원 실력 좋음','예약 필수!','https://images.unsplash.com/photo-1484627147104-f5197bcd6651?w=400','2025-11-27 09:59:16','2025-11-28 10:16:20',12,8,1,'DAILY'),(128,'travel_master',35.19585151,129.04409042,'픽업 포인트','배달 픽업 좋음','주차도 잠깐 가능!','https://images.unsplash.com/photo-1449824913935-59a10b8d2000?w=400','2025-11-27 09:59:16','2025-11-28 10:16:20',2,9,1,'GENERAL'),(129,'game_streamer',35.11234532,128.93055342,'치킨 맛집 ?','바삭바삭 황금비율','맥주랑 찰떡궁합!','https://images.unsplash.com/photo-1546069901-ba9599a7e63c?w=400','2025-11-27 09:59:16','2025-11-28 10:16:20',10,3,1,'RESTAURANT'),(130,'yoga_master',35.09941060,129.07388564,'곱창 골목 최강','부산 곱창 골목','막창도 굿굿! 소주 필수','https://images.unsplash.com/photo-1555939594-58d7cb561ad1?w=400','2025-11-27 09:59:16','2025-11-28 10:16:20',15,2,1,'RESTAURANT'),(131,'diy_maker',35.20099033,128.94384533,'야경 촬영 스팟','삼각대 설치 좋음','차량 진입 가능!','https://images.unsplash.com/photo-1433838552652-f9a46b332c40?w=400','2025-11-27 09:59:16','2025-11-28 10:16:20',5,1,1,'PHOTO'),(132,'yoga_master',35.13850396,129.05420537,'해운대 야경 스팟 ✨','밤에 오면 더 멋져','마린시티 불빛이 로맨틱','https://images.unsplash.com/photo-1530789253388-582c481c54b0?w=400','2025-11-27 09:59:16','2025-11-28 10:16:20',1,12,1,'TRAVEL'),(133,'wine_lover',35.20708100,129.12732161,'이기대 산책로','오륙도 해안절경','트레킹하기 좋아요','https://images.unsplash.com/photo-1507525428034-b723cf961d3e?w=400','2025-11-27 09:59:16','2025-11-28 10:16:20',7,4,1,'TRAVEL'),(134,'game_streamer',35.20044255,129.02832915,'감천문화마을 ?','알록달록 마을 풍경','어린왕자 포토존 필수!','https://images.unsplash.com/photo-1469474968028-56623f02e42e?w=400','2025-11-27 09:59:16','2025-11-28 10:16:20',0,1,1,'TRAVEL'),(135,'tea_master',35.14319717,129.08867950,'문구점 발견','귀여운 문구류 많음','다꾸러 필수 방문','https://images.unsplash.com/photo-1484627147104-f5197bcd6651?w=400','2025-11-27 09:59:16','2025-11-28 10:16:20',13,7,1,'DAILY'),(136,'drama_fan',35.20816791,129.10608043,'수제 디저트 카페 ?','마카롱 케이크 수제','딸기 케이크 강추!','https://images.unsplash.com/photo-1495474472287-4d71bcdd2085?w=400','2025-11-27 09:59:16','2025-11-28 10:16:20',11,4,1,'CAFE'),(137,'beer_master',35.21298693,128.98430698,'동네 마트 추천','저렴한 가격','신선한 채소!','https://images.unsplash.com/photo-1484627147104-f5197bcd6651?w=400','2025-11-27 09:59:16','2025-11-28 10:16:20',0,7,1,'DAILY'),(138,'tteokbokki',35.09246775,129.03443637,'단골 세탁소 ?','양복 세탁 맡기기 좋음','사장님 친절!','https://images.unsplash.com/photo-1484627147104-f5197bcd6651?w=400','2025-11-27 09:59:16','2025-11-28 10:16:20',7,0,1,'DAILY'),(139,'travel_master',35.09250930,128.98022897,'오션뷰 카페 ?','바다가 한눈에','노을 질 때 방문 추천','https://images.unsplash.com/photo-1442512595331-e89e73853f31?w=400','2025-11-27 09:59:16','2025-11-28 10:16:20',8,3,1,'CAFE'),(140,'ramen_addict',35.17397858,128.91982763,'와이파이 빵빵 ?','공공 와이파이','급할 때 여기서 작업','https://images.unsplash.com/photo-1519501025264-65ba15a82390?w=400','2025-11-27 09:59:16','2025-11-28 10:16:20',6,1,1,'GENERAL'),(141,'mountain_hiker',35.23791916,128.91580721,'감천문화마을 ?','알록달록 마을 풍경','어린왕자 포토존 필수!','https://images.unsplash.com/photo-1476514525535-07fb3b4ae5f1?w=400','2025-11-27 09:59:16','2025-11-28 10:16:20',11,3,1,'TRAVEL'),(142,'foodie_busan',35.10571495,129.10763706,'벚꽃 명소 ?','봄에 벚꽃 터널','인생샷 건졌습니다','https://images.unsplash.com/photo-1501785888041-af3ef285b470?w=400','2025-11-27 09:59:16','2025-11-28 10:16:20',10,11,1,'PHOTO'),(143,'vintage_hunter',35.23076717,129.03515300,'감천문화마을 ?','알록달록 마을 풍경','어린왕자 포토존 필수!','https://images.unsplash.com/photo-1469474968028-56623f02e42e?w=400','2025-11-27 09:59:16','2025-11-28 10:16:20',8,0,1,'TRAVEL'),(144,'gamer_pro',35.16458707,128.94460778,'용두산공원','부산타워 야경 최고','해질녘 방문 추천','https://images.unsplash.com/photo-1476514525535-07fb3b4ae5f1?w=400','2025-11-27 09:59:16','2025-11-28 10:16:20',4,0,1,'TRAVEL'),(145,'chicken_fan',35.11816788,129.00235449,'대기 장소 추천','약속 기다리기 좋음','벤치 그늘 있음','https://images.unsplash.com/photo-1449824913935-59a10b8d2000?w=400','2025-11-27 09:59:16','2025-11-28 10:16:20',5,3,1,'GENERAL'),(146,'idol_fan',35.14422998,129.00802322,'야경 촬영 스팟','삼각대 설치 좋음','차량 진입 가능!','https://images.unsplash.com/photo-1506905925346-21bda4d32df4?w=400','2025-11-27 09:59:16','2025-11-28 10:16:20',15,4,1,'PHOTO'),(147,'ramen_addict',35.11891546,129.13729515,'해운대 야경 스팟 ✨','밤에 오면 더 멋져','마린시티 불빛이 로맨틱','https://images.unsplash.com/photo-1507525428034-b723cf961d3e?w=400','2025-11-27 09:59:16','2025-11-28 10:16:20',12,10,1,'TRAVEL'),(148,'ocean_lover',35.05270152,128.95813837,'동네 미용실','컷트 만원 실력 좋음','예약 필수!','https://images.unsplash.com/photo-1489367874814-f5d040621dd8?w=400','2025-11-27 09:59:16','2025-11-28 10:16:20',14,2,1,'DAILY'),(149,'cafe_lover',35.16524408,129.04536438,'숨은 루프탑 카페','아는 사람만 아는 곳','야경이 진짜 예뻐요','https://images.unsplash.com/photo-1495474472287-4d71bcdd2085?w=400','2025-11-27 09:59:17','2025-11-28 10:16:20',11,3,1,'CAFE'),(150,'bike_rider',35.09929456,128.96600808,'감천문화마을 ?','알록달록 마을 풍경','어린왕자 포토존 필수!','https://images.unsplash.com/photo-1476514525535-07fb3b4ae5f1?w=400','2025-11-27 09:59:17','2025-11-28 10:16:20',11,3,1,'TRAVEL'),(151,'yoga_master',35.24215663,128.94017942,'단풍 명소 ?','가을 단풍 예쁨','11월 초 방문 추천','https://images.unsplash.com/photo-1472214103451-9374bd1c798e?w=400','2025-11-27 09:59:17','2025-11-28 10:16:20',4,1,1,'PHOTO'),(152,'chicken_fan',35.11910323,129.14354473,'감성 카페 발견 ?','인스타 감성 물씬','사진 찍기 좋은 인테리어','https://images.unsplash.com/photo-1559496417-e7f25cb247f3?w=400','2025-11-27 09:59:17','2025-11-28 10:16:20',8,8,1,'CAFE'),(153,'diy_maker',35.17526171,129.04261701,'와이파이 빵빵 ?','공공 와이파이','급할 때 여기서 작업','https://images.unsplash.com/photo-1519501025264-65ba15a82390?w=400','2025-11-27 09:59:17','2025-11-28 10:16:20',9,3,1,'GENERAL'),(154,'fitness_guru',35.10554681,129.13638090,'무료 주차 가능','숨은 주차 장소','주변 맛집도 많아요','https://images.unsplash.com/photo-1480714378408-67cf0d13bc1b?w=400','2025-11-27 09:59:17','2025-11-28 10:16:20',8,0,1,'GENERAL'),(155,'ramen_addict',35.09629908,129.13194818,'동네 미용실','컷트 만원 실력 좋음','예약 필수!','https://images.unsplash.com/photo-1556740738-b6a63e27c4df?w=400','2025-11-27 09:59:17','2025-11-28 10:16:20',6,11,1,'DAILY'),(156,'diy_maker',35.09299263,129.07584453,'그래피티 벽화','스트릿 감성','힙한 배경 추천','https://images.unsplash.com/photo-1506905925346-21bda4d32df4?w=400','2025-11-27 09:59:17','2025-11-28 10:16:20',2,11,1,'PHOTO'),(157,'fishing_pro',35.21503566,129.12051257,'감천문화마을 ?','알록달록 마을 풍경','어린왕자 포토존 필수!','https://images.unsplash.com/photo-1476514525535-07fb3b4ae5f1?w=400','2025-11-27 09:59:17','2025-11-28 10:16:20',0,9,1,'TRAVEL'),(158,'art_collector',35.06410847,129.13971163,'픽업 포인트','배달 픽업 좋음','주차도 잠깐 가능!','https://images.unsplash.com/photo-1519501025264-65ba15a82390?w=400','2025-11-27 09:59:17','2025-11-28 10:16:20',12,5,1,'GENERAL'),(159,'street_food',35.23274629,129.09978571,'숨은 루프탑 카페','아는 사람만 아는 곳','야경이 진짜 예뻐요','https://images.unsplash.com/photo-1442512595331-e89e73853f31?w=400','2025-11-27 09:59:17','2025-11-28 10:16:20',11,4,1,'CAFE'),(160,'bookworm',35.12680443,128.90416369,'와이파이 빵빵 ?','공공 와이파이','급할 때 여기서 작업','https://images.unsplash.com/photo-1480714378408-67cf0d13bc1b?w=400','2025-11-27 09:59:17','2025-11-28 10:16:20',14,4,1,'GENERAL'),(161,'vintage_hunter',35.19171137,129.09092498,'돼지국밥 맛집 ?','진짜 부산 로컬 맛집','국물이 진하고 고기도 푸짐해요!','https://images.unsplash.com/photo-1546069901-ba9599a7e63c?w=400','2025-11-27 09:59:17','2025-11-28 10:16:20',5,10,1,'RESTAURANT'),(162,'daily_life',35.12675147,128.94097540,'족발보쌈 맛집','콜라겐 충전 완료!','부드러운 족발 새우젓 조합','https://images.unsplash.com/photo-1567620905732-2d1ec7ab7445?w=400','2025-11-27 09:59:17','2025-11-28 10:16:20',1,12,1,'RESTAURANT'),(163,'pizza_lover',35.24599342,128.90195168,'문구점 발견','귀여운 문구류 많음','다꾸러 필수 방문','https://images.unsplash.com/photo-1489367874814-f5d040621dd8?w=400','2025-11-27 09:59:17','2025-11-28 10:16:20',11,1,1,'DAILY'),(164,'travel_master',35.10433589,128.96826300,'일출 포인트 ?','해운대 일출','새벽 5시 기상 가치있음','https://images.unsplash.com/photo-1470071459604-3b5ec3a7fe05?w=400','2025-11-27 09:59:17','2025-11-28 10:16:20',10,10,1,'PHOTO'),(165,'fitness_guru',35.05943567,128.92499740,'반영 사진 포인트','물에 비친 풍경','비온 뒤 최고','https://images.unsplash.com/photo-1506905925346-21bda4d32df4?w=400','2025-11-27 09:59:17','2025-11-28 10:16:20',8,11,1,'PHOTO'),(166,'surfing_dude',35.19384052,129.02951449,'밀면 원조집','여름엔 역시 밀면!','시원하고 쫄깃한 면발 일품','https://images.unsplash.com/photo-1546069901-ba9599a7e63c?w=400','2025-11-27 09:59:17','2025-11-28 10:16:20',5,8,1,'RESTAURANT'),(167,'wine_lover',35.20791050,129.01970413,'독서하기 좋은 카페','조용한 분위기','책 읽으며 힐링','https://images.unsplash.com/photo-1509042239860-f550ce710b93?w=400','2025-11-27 09:59:17','2025-11-28 10:16:20',15,7,1,'CAFE'),(168,'fishing_pro',35.12809192,128.90906541,'반영 사진 포인트','물에 비친 풍경','비온 뒤 최고','https://images.unsplash.com/photo-1470071459604-3b5ec3a7fe05?w=400','2025-11-27 09:59:17','2025-11-28 10:16:20',1,3,1,'PHOTO'),(169,'plant_mom',35.08943072,129.03547991,'송도 케이블카 ?','바다 위를 날아가는 기분','스카이워크 스릴있음','https://images.unsplash.com/photo-1530789253388-582c481c54b0?w=400','2025-11-27 09:59:17','2025-11-28 10:16:20',8,11,1,'TRAVEL'),(170,'travel_master',35.20547688,129.08848548,'일출 포인트 ?','해운대 일출','새벽 5시 기상 가치있음','https://images.unsplash.com/photo-1470071459604-3b5ec3a7fe05?w=400','2025-11-27 09:59:17','2025-11-28 10:16:20',2,7,1,'PHOTO'),(171,'fishing_pro',35.08778775,129.06886387,'흰여울문화마을','영화 속 한 장면','바다 보이고 사진 예쁨','https://images.unsplash.com/photo-1530789253388-582c481c54b0?w=400','2025-11-27 09:59:17','2025-11-28 10:16:20',5,4,1,'TRAVEL'),(172,'ocean_lover',35.11431698,129.05988188,'버스킹 명소 ?','주말 버스킹 공연','분위기 좋아요','https://images.unsplash.com/photo-1449824913935-59a10b8d2000?w=400','2025-11-27 09:59:17','2025-11-28 10:16:20',15,11,1,'GENERAL'),(173,'foodie_busan',35.19255270,128.91012760,'벚꽃 명소 ?','봄에 벚꽃 터널','인생샷 건졌습니다','https://images.unsplash.com/photo-1470071459604-3b5ec3a7fe05?w=400','2025-11-27 09:59:17','2025-11-28 10:16:20',10,9,1,'PHOTO'),(174,'burger_hunter',35.22159332,128.90851355,'오션뷰 카페 ?','바다가 한눈에','노을 질 때 방문 추천','https://images.unsplash.com/photo-1509042239860-f550ce710b93?w=400','2025-11-27 09:59:17','2025-11-28 10:16:20',14,1,1,'CAFE'),(175,'photo_artist',35.11580865,129.07097851,'족발보쌈 맛집','콜라겐 충전 완료!','부드러운 족발 새우젓 조합','https://images.unsplash.com/photo-1546069901-ba9599a7e63c?w=400','2025-11-27 09:59:17','2025-11-28 10:16:20',4,6,1,'RESTAURANT'),(176,'soju_lover',35.23209663,129.04201048,'대기 장소 추천','약속 기다리기 좋음','벤치 그늘 있음','https://images.unsplash.com/photo-1480714378408-67cf0d13bc1b?w=400','2025-11-27 09:59:17','2025-11-28 10:16:20',10,3,1,'GENERAL'),(177,'street_food',35.07705513,128.96425310,'픽업 포인트','배달 픽업 좋음','주차도 잠깐 가능!','https://images.unsplash.com/photo-1449824913935-59a10b8d2000?w=400','2025-11-27 09:59:17','2025-11-28 10:16:20',14,1,1,'GENERAL'),(178,'ice_cream',35.12042846,129.14996925,'동네 미용실','컷트 만원 실력 좋음','예약 필수!','https://images.unsplash.com/photo-1484627147104-f5197bcd6651?w=400','2025-11-27 09:59:17','2025-11-28 10:16:20',9,2,1,'DAILY'),(179,'morning_person',35.19223898,129.04324582,'족발보쌈 맛집','콜라겐 충전 완료!','부드러운 족발 새우젓 조합','https://images.unsplash.com/photo-1555939594-58d7cb561ad1?w=400','2025-11-27 09:59:17','2025-11-28 10:16:20',7,2,1,'RESTAURANT'),(180,'diy_maker',35.07737990,128.95207345,'문구점 발견','귀여운 문구류 많음','다꾸러 필수 방문','https://images.unsplash.com/photo-1489367874814-f5d040621dd8?w=400','2025-11-27 09:59:17','2025-11-28 10:16:20',7,6,1,'DAILY'),(181,'bike_rider',35.22520724,128.90290800,'광안리 핫플','광안대교 야경','치맥하기 좋은 곳!','https://images.unsplash.com/photo-1530789253388-582c481c54b0?w=400','2025-11-27 09:59:17','2025-11-28 10:16:20',10,3,1,'TRAVEL'),(182,'drama_fan',35.22715947,129.14347228,'곱창 골목 최강','부산 곱창 골목','막창도 굿굿! 소주 필수','https://images.unsplash.com/photo-1565299624946-b28f40a0ae38?w=400','2025-11-27 09:59:17','2025-11-28 10:16:20',2,7,1,'RESTAURANT'),(183,'bread_lover',35.09679652,129.05258316,'칼국수 전문점','직접 반죽한 면','바지락 육수가 시원해요','https://images.unsplash.com/photo-1565299624946-b28f40a0ae38?w=400','2025-11-27 09:59:17','2025-11-28 10:16:20',15,4,1,'RESTAURANT'),(184,'kimbap_queen',35.18300252,129.11554830,'치킨 맛집 ?','바삭바삭 황금비율','맥주랑 찰떡궁합!','https://images.unsplash.com/photo-1555939594-58d7cb561ad1?w=400','2025-11-27 09:59:17','2025-11-28 10:16:20',2,11,1,'RESTAURANT'),(185,'yoga_master',35.15185572,128.97446419,'반려견 미용실 ?','강아지 단골','미용사님 동물 사랑','https://images.unsplash.com/photo-1513542789411-b6a5d4f31634?w=400','2025-11-27 09:59:17','2025-11-28 10:16:20',4,8,1,'DAILY'),(186,'yoga_master',35.08770415,129.04146161,'포켓몬GO 스팟','포켓스탑 많음','레이드 하기 좋아요','https://images.unsplash.com/photo-1480714378408-67cf0d13bc1b?w=400','2025-11-27 09:59:17','2025-11-28 10:16:20',2,5,1,'GENERAL'),(187,'wine_lover',35.13916174,129.05600313,'족발보쌈 맛집','콜라겐 충전 완료!','부드러운 족발 새우젓 조합','https://images.unsplash.com/photo-1565299624946-b28f40a0ae38?w=400','2025-11-27 09:59:17','2025-11-28 10:16:20',6,11,1,'RESTAURANT'),(188,'surfing_dude',35.17249464,129.09891397,'밀면 원조집','여름엔 역시 밀면!','시원하고 쫄깃한 면발 일품','https://images.unsplash.com/photo-1546069901-ba9599a7e63c?w=400','2025-11-27 09:59:17','2025-11-28 10:16:20',2,1,1,'RESTAURANT'),(189,'tteokbokki',35.06368213,128.99150567,'대기 장소 추천','약속 기다리기 좋음','벤치 그늘 있음','https://images.unsplash.com/photo-1480714378408-67cf0d13bc1b?w=400','2025-11-27 09:59:17','2025-11-28 10:16:20',11,1,1,'GENERAL'),(190,'photo_artist',35.23153106,128.96573816,'광안리 핫플','광안대교 야경','치맥하기 좋은 곳!','https://images.unsplash.com/photo-1507525428034-b723cf961d3e?w=400','2025-11-27 09:59:17','2025-11-28 10:16:21',8,6,1,'TRAVEL'),(191,'vintage_hunter',35.10843034,129.02763729,'단골 세탁소 ?','양복 세탁 맡기기 좋음','사장님 친절!','https://images.unsplash.com/photo-1484627147104-f5197bcd6651?w=400','2025-11-27 09:59:17','2025-11-28 10:16:21',0,1,1,'DAILY'),(192,'gamer_pro',35.08917241,129.11701249,'치킨 맛집 ?','바삭바삭 황금비율','맥주랑 찰떡궁합!','https://images.unsplash.com/photo-1504674900247-0877df9cc836?w=400','2025-11-27 09:59:17','2025-11-28 10:16:21',15,6,1,'RESTAURANT'),(193,'movie_buff',35.10601532,128.90613560,'태종대 전망대','부산 바다 한눈에','다누비열차 추천','https://images.unsplash.com/photo-1469474968028-56623f02e42e?w=400','2025-11-27 09:59:17','2025-11-28 10:16:21',14,0,1,'TRAVEL'),(194,'night_owl',35.09398971,129.09089278,'밀면 원조집','여름엔 역시 밀면!','시원하고 쫄깃한 면발 일품','https://images.unsplash.com/photo-1555939594-58d7cb561ad1?w=400','2025-11-27 09:59:17','2025-11-28 10:16:21',15,3,1,'RESTAURANT'),(195,'beer_master',35.24408669,128.93913294,'벚꽃 명소 ?','봄에 벚꽃 터널','인생샷 건졌습니다','https://images.unsplash.com/photo-1506905925346-21bda4d32df4?w=400','2025-11-27 09:59:17','2025-11-28 10:16:21',8,2,1,'PHOTO'),(196,'foodie_busan',35.20180912,129.02346723,'동네 마트 추천','저렴한 가격','신선한 채소!','https://images.unsplash.com/photo-1556740738-b6a63e27c4df?w=400','2025-11-27 09:59:17','2025-11-28 10:16:21',2,1,1,'DAILY'),(197,'pizza_lover',35.13302686,128.94165240,'회센터 추천 ?','자갈치시장 근처','싱싱한 회 저렴하게!','https://images.unsplash.com/photo-1546069901-ba9599a7e63c?w=400','2025-11-27 09:59:17','2025-11-28 10:16:21',9,3,1,'RESTAURANT'),(198,'fitness_guru',35.11925704,129.10391741,'네일샵 추천','젤네일 오래 감','디자인 예쁨 가격 착함','https://images.unsplash.com/photo-1513542789411-b6a5d4f31634?w=400','2025-11-27 09:59:17','2025-11-28 10:16:21',3,8,1,'DAILY'),(199,'gamer_pro',35.11568662,129.04155879,'단골 세탁소 ?','양복 세탁 맡기기 좋음','사장님 친절!','https://images.unsplash.com/photo-1556740738-b6a63e27c4df?w=400','2025-11-27 09:59:17','2025-11-28 10:16:21',1,0,1,'DAILY'),(200,'dessert_queen',35.23776122,129.08106316,'용두산공원','부산타워 야경 최고','해질녘 방문 추천','https://images.unsplash.com/photo-1507525428034-b723cf961d3e?w=400','2025-11-27 09:59:17','2025-11-28 10:16:21',13,12,1,'TRAVEL'),(201,'camping_fan',35.05445866,128.90569426,'광안리 핫플','광안대교 야경','치맥하기 좋은 곳!','https://images.unsplash.com/photo-1476514525535-07fb3b4ae5f1?w=400','2025-11-27 09:59:17','2025-11-28 10:16:21',1,5,1,'TRAVEL'),(202,'yoga_master',35.06565488,129.06675677,'오션뷰 카페 ?','바다가 한눈에','노을 질 때 방문 추천','https://images.unsplash.com/photo-1559496417-e7f25cb247f3?w=400','2025-11-27 09:59:17','2025-11-28 10:16:21',14,8,1,'CAFE'),(203,'ramen_addict',35.07313329,129.14333926,'떡볶이 성지','매콤달콤 분식','튀김이랑 같이 먹으면 최고','https://images.unsplash.com/photo-1555939594-58d7cb561ad1?w=400','2025-11-27 09:59:17','2025-11-28 10:16:21',11,0,1,'RESTAURANT'),(204,'game_streamer',35.10598517,129.09504400,'작업하기 좋은 곳','콘센트 많음','와이파이 빵빵 작업 완벽','https://images.unsplash.com/photo-1501339847302-ac426a4a7cbb?w=400','2025-11-27 09:59:17','2025-11-28 10:16:21',4,11,1,'CAFE'),(205,'ice_cream',35.07012580,129.00752451,'흰여울문화마을','영화 속 한 장면','바다 보이고 사진 예쁨','https://images.unsplash.com/photo-1476514525535-07fb3b4ae5f1?w=400','2025-11-27 09:59:17','2025-11-28 10:16:21',15,8,1,'TRAVEL'),(206,'cocktail_bar',35.19945113,129.05391244,'곱창 골목 최강','부산 곱창 골목','막창도 굿굿! 소주 필수','https://images.unsplash.com/photo-1555939594-58d7cb561ad1?w=400','2025-11-27 09:59:17','2025-11-28 10:16:21',7,11,1,'RESTAURANT'),(207,'pet_lover',35.24985251,129.08641419,'무료 주차 가능','숨은 주차 장소','주변 맛집도 많아요','https://images.unsplash.com/photo-1449824913935-59a10b8d2000?w=400','2025-11-27 09:59:17','2025-11-28 10:16:21',11,4,1,'GENERAL'),(208,'idol_fan',35.20516352,129.10924130,'이기대 산책로','오륙도 해안절경','트레킹하기 좋아요','https://images.unsplash.com/photo-1507525428034-b723cf961d3e?w=400','2025-11-27 09:59:17','2025-11-28 10:16:21',9,5,1,'TRAVEL'),(209,'drama_fan',35.13597973,129.07341612,'족발보쌈 맛집','콜라겐 충전 완료!','부드러운 족발 새우젓 조합','https://images.unsplash.com/photo-1555939594-58d7cb561ad1?w=400','2025-11-27 09:59:17','2025-11-28 10:16:21',14,7,1,'RESTAURANT'),(210,'soju_lover',35.06378992,128.98840064,'감성 카페 발견 ?','인스타 감성 물씬','사진 찍기 좋은 인테리어','https://images.unsplash.com/photo-1509042239860-f550ce710b93?w=400','2025-11-27 09:59:17','2025-11-28 10:16:21',1,0,1,'CAFE'),(211,'cocktail_bar',35.20170986,128.91203339,'동네 마트 추천','저렴한 가격','신선한 채소!','https://images.unsplash.com/photo-1556740738-b6a63e27c4df?w=400','2025-11-27 09:59:17','2025-11-28 10:16:21',9,9,1,'DAILY'),(212,'vintage_hunter',35.06299606,128.99799365,'동네 미용실','컷트 만원 실력 좋음','예약 필수!','https://images.unsplash.com/photo-1513542789411-b6a5d4f31634?w=400','2025-11-27 09:59:17','2025-11-28 10:16:21',14,5,1,'DAILY'),(213,'morning_person',35.06437589,129.12905984,'해물찜 맛집','푸짐한 해물찜','볶음밥까지 4인 완벽','https://images.unsplash.com/photo-1546069901-ba9599a7e63c?w=400','2025-11-27 09:59:17','2025-11-28 10:16:21',12,4,1,'RESTAURANT'),(214,'soju_lover',35.10269914,129.13700192,'브런치 카페','에그베네딕트 맛집','주말 브런치로 딱!','https://images.unsplash.com/photo-1509042239860-f550ce710b93?w=400','2025-11-27 09:59:17','2025-11-28 10:16:21',0,0,1,'CAFE'),(215,'fishing_pro',35.07470733,128.94537901,'와이파이 빵빵 ?','공공 와이파이','급할 때 여기서 작업','https://images.unsplash.com/photo-1519501025264-65ba15a82390?w=400','2025-11-27 09:59:17','2025-11-28 10:16:21',0,5,1,'GENERAL'),(216,'photo_artist',35.12255647,129.00475290,'이기대 산책로','오륙도 해안절경','트레킹하기 좋아요','https://images.unsplash.com/photo-1493976040374-85c8e12f0c0e?w=400','2025-11-27 09:59:17','2025-11-28 10:16:21',9,12,1,'TRAVEL'),(217,'photo_artist',35.05401579,129.06403984,'삼겹살 성지 ?','두꺼운 삼겹살','쌈채소 무한리필 가성비 최고','https://images.unsplash.com/photo-1546069901-ba9599a7e63c?w=400','2025-11-27 09:59:17','2025-11-28 10:16:21',5,10,1,'RESTAURANT'),(218,'pet_lover',35.18526920,129.13697812,'문구점 발견','귀여운 문구류 많음','다꾸러 필수 방문','https://images.unsplash.com/photo-1489367874814-f5d040621dd8?w=400','2025-11-27 09:59:17','2025-11-28 10:16:21',3,8,1,'DAILY'),(219,'ice_cream',35.06257810,129.08788452,'무료 주차 가능','숨은 주차 장소','주변 맛집도 많아요','https://images.unsplash.com/photo-1519501025264-65ba15a82390?w=400','2025-11-27 09:59:17','2025-11-28 10:16:21',2,1,1,'GENERAL'),(220,'pet_lover',35.21686764,129.05884823,'칼국수 전문점','직접 반죽한 면','바지락 육수가 시원해요','https://images.unsplash.com/photo-1567620905732-2d1ec7ab7445?w=400','2025-11-27 09:59:17','2025-11-28 10:16:21',14,6,1,'RESTAURANT'),(221,'surfing_dude',35.18997086,129.08435545,'대기 장소 추천','약속 기다리기 좋음','벤치 그늘 있음','https://images.unsplash.com/photo-1480714378408-67cf0d13bc1b?w=400','2025-11-27 09:59:17','2025-11-28 10:16:21',13,6,1,'GENERAL'),(222,'bookworm',35.11029190,129.12734555,'작업하기 좋은 곳','콘센트 많음','와이파이 빵빵 작업 완벽','https://images.unsplash.com/photo-1442512595331-e89e73853f31?w=400','2025-11-27 09:59:17','2025-11-28 10:16:21',9,3,1,'CAFE'),(223,'street_food',35.10313856,129.05288963,'와이파이 빵빵 ?','공공 와이파이','급할 때 여기서 작업','https://images.unsplash.com/photo-1480714378408-67cf0d13bc1b?w=400','2025-11-27 09:59:17','2025-11-28 10:16:21',11,0,1,'GENERAL'),(224,'daily_life',35.08228896,129.12448709,'밀면 원조집','여름엔 역시 밀면!','시원하고 쫄깃한 면발 일품','https://images.unsplash.com/photo-1546069901-ba9599a7e63c?w=400','2025-11-27 09:59:17','2025-11-28 10:16:21',8,1,1,'RESTAURANT'),(225,'sushi_master',35.23866128,129.01231792,'반영 사진 포인트','물에 비친 풍경','비온 뒤 최고','https://images.unsplash.com/photo-1501785888041-af3ef285b470?w=400','2025-11-27 09:59:17','2025-11-28 10:16:21',6,2,1,'PHOTO'),(226,'gamer_pro',35.11598906,129.07805838,'독서하기 좋은 카페','조용한 분위기','책 읽으며 힐링','https://images.unsplash.com/photo-1442512595331-e89e73853f31?w=400','2025-11-27 09:59:17','2025-11-28 10:16:21',6,0,1,'CAFE'),(227,'mountain_hiker',35.05563655,129.03633152,'문구점 발견','귀여운 문구류 많음','다꾸러 필수 방문','https://images.unsplash.com/photo-1489367874814-f5d040621dd8?w=400','2025-11-27 09:59:17','2025-11-28 10:16:21',0,4,1,'DAILY'),(228,'travel_master',35.09233046,129.14472260,'일출 포인트 ?','해운대 일출','새벽 5시 기상 가치있음','https://images.unsplash.com/photo-1506905925346-21bda4d32df4?w=400','2025-11-27 09:59:17','2025-11-28 10:16:21',8,4,1,'PHOTO'),(229,'pizza_lover',35.08603564,128.98259383,'네일샵 추천','젤네일 오래 감','디자인 예쁨 가격 착함','https://images.unsplash.com/photo-1489367874814-f5d040621dd8?w=400','2025-11-27 09:59:17','2025-11-28 10:16:21',9,8,1,'DAILY'),(230,'tea_master',35.08429624,128.90883826,'광안리 핫플','광안대교 야경','치맥하기 좋은 곳!','https://images.unsplash.com/photo-1493976040374-85c8e12f0c0e?w=400','2025-11-27 09:59:17','2025-11-28 10:16:21',7,8,1,'TRAVEL'),(231,'pizza_lover',35.17834109,129.09670987,'삼겹살 성지 ?','두꺼운 삼겹살','쌈채소 무한리필 가성비 최고','https://images.unsplash.com/photo-1567620905732-2d1ec7ab7445?w=400','2025-11-27 09:59:17','2025-11-28 10:16:21',3,12,1,'RESTAURANT'),(232,'cafe_lover',35.14529401,129.04452341,'일출 포인트 ?','해운대 일출','새벽 5시 기상 가치있음','https://images.unsplash.com/photo-1470071459604-3b5ec3a7fe05?w=400','2025-11-27 09:59:17','2025-11-28 10:16:21',8,10,1,'PHOTO'),(233,'chicken_fan',35.12818478,128.99150221,'흰여울문화마을','영화 속 한 장면','바다 보이고 사진 예쁨','https://images.unsplash.com/photo-1507525428034-b723cf961d3e?w=400','2025-11-27 09:59:17','2025-11-28 10:16:21',13,9,1,'TRAVEL'),(234,'runner_girl',35.15289942,128.91942081,'밀면 원조집','여름엔 역시 밀면!','시원하고 쫄깃한 면발 일품','https://images.unsplash.com/photo-1555939594-58d7cb561ad1?w=400','2025-11-27 09:59:17','2025-11-28 10:16:21',12,7,1,'RESTAURANT'),(235,'idol_fan',35.13518051,129.01512851,'오션뷰 카페 ?','바다가 한눈에','노을 질 때 방문 추천','https://images.unsplash.com/photo-1442512595331-e89e73853f31?w=400','2025-11-27 09:59:17','2025-11-28 10:16:21',3,9,1,'CAFE'),(236,'night_owl',35.13929896,129.12189935,'반려견 미용실 ?','강아지 단골','미용사님 동물 사랑','https://images.unsplash.com/photo-1513542789411-b6a5d4f31634?w=400','2025-11-27 09:59:17','2025-11-28 10:16:21',15,8,1,'DAILY'),(237,'travel_master',35.17299368,129.03661772,'단풍 명소 ?','가을 단풍 예쁨','11월 초 방문 추천','https://images.unsplash.com/photo-1472214103451-9374bd1c798e?w=400','2025-11-27 09:59:17','2025-11-28 10:16:21',13,12,1,'PHOTO'),(238,'bike_rider',35.19863673,128.96575054,'헬스장 추천 ?','24시간 운영','기구 최신형이에요','https://images.unsplash.com/photo-1513542789411-b6a5d4f31634?w=400','2025-11-27 09:59:17','2025-11-28 10:16:21',0,9,1,'DAILY'),(239,'ramen_addict',35.21797444,129.02378445,'단골 세탁소 ?','양복 세탁 맡기기 좋음','사장님 친절!','https://images.unsplash.com/photo-1489367874814-f5d040621dd8?w=400','2025-11-27 09:59:17','2025-11-28 10:16:21',12,3,1,'DAILY'),(240,'runner_girl',35.10804995,128.91831345,'동네 마트 추천','저렴한 가격','신선한 채소!','https://images.unsplash.com/photo-1513542789411-b6a5d4f31634?w=400','2025-11-27 09:59:17','2025-11-28 10:16:21',10,3,1,'DAILY'),(241,'tea_master',35.10877131,129.03040820,'치킨 맛집 ?','바삭바삭 황금비율','맥주랑 찰떡궁합!','https://images.unsplash.com/photo-1546069901-ba9599a7e63c?w=400','2025-11-27 09:59:17','2025-11-28 10:16:21',12,8,1,'RESTAURANT'),(242,'pet_lover',35.05780995,129.03958895,'문구점 발견','귀여운 문구류 많음','다꾸러 필수 방문','https://images.unsplash.com/photo-1484627147104-f5197bcd6651?w=400','2025-11-27 09:59:17','2025-11-28 10:16:21',11,0,1,'DAILY'),(243,'photo_artist',35.08110266,129.09143191,'해운대 야경 스팟 ✨','밤에 오면 더 멋져','마린시티 불빛이 로맨틱','https://images.unsplash.com/photo-1530789253388-582c481c54b0?w=400','2025-11-27 09:59:17','2025-11-28 10:16:21',14,9,1,'TRAVEL'),(244,'yoga_master',35.17957697,128.91003444,'노을 촬영지','하늘색 시시각각','타임랩스 촬영 성지','https://images.unsplash.com/photo-1472214103451-9374bd1c798e?w=400','2025-11-27 09:59:17','2025-11-28 10:16:21',13,2,1,'PHOTO'),(245,'yoga_master',35.13381714,129.13499235,'숨은 루프탑 카페','아는 사람만 아는 곳','야경이 진짜 예뻐요','https://images.unsplash.com/photo-1501339847302-ac426a4a7cbb?w=400','2025-11-27 09:59:17','2025-11-28 10:16:21',15,0,1,'CAFE'),(246,'cocktail_bar',35.10384117,129.02725632,'태종대 전망대','부산 바다 한눈에','다누비열차 추천','https://images.unsplash.com/photo-1530789253388-582c481c54b0?w=400','2025-11-27 09:59:17','2025-11-28 10:16:21',0,4,1,'TRAVEL'),(247,'photo_artist',35.18260364,128.90043168,'단골 세탁소 ?','양복 세탁 맡기기 좋음','사장님 친절!','https://images.unsplash.com/photo-1513542789411-b6a5d4f31634?w=400','2025-11-27 09:59:17','2025-11-28 10:16:21',10,11,1,'DAILY'),(248,'pizza_lover',35.08662145,128.95272608,'문구점 발견','귀여운 문구류 많음','다꾸러 필수 방문','https://images.unsplash.com/photo-1484627147104-f5197bcd6651?w=400','2025-11-27 09:59:17','2025-11-28 10:16:21',8,1,1,'DAILY'),(249,'photo_artist',35.07254393,129.05899830,'회센터 추천 ?','자갈치시장 근처','싱싱한 회 저렴하게!','https://images.unsplash.com/photo-1555939594-58d7cb561ad1?w=400','2025-11-27 09:59:17','2025-11-28 10:16:21',0,3,1,'RESTAURANT'),(250,'chicken_fan',35.15408251,128.97294814,'단골 세탁소 ?','양복 세탁 맡기기 좋음','사장님 친절!','https://images.unsplash.com/photo-1489367874814-f5d040621dd8?w=400','2025-11-27 09:59:17','2025-11-28 10:16:21',6,5,1,'DAILY'),(251,'fishing_pro',35.20755950,129.08067300,'광안리 핫플','광안대교 야경','치맥하기 좋은 곳!','https://images.unsplash.com/photo-1507525428034-b723cf961d3e?w=400','2025-11-27 09:59:17','2025-11-28 10:16:21',13,6,1,'TRAVEL'),(252,'beer_master',35.15536310,128.91798304,'밀면 원조집','여름엔 역시 밀면!','시원하고 쫄깃한 면발 일품','https://images.unsplash.com/photo-1567620905732-2d1ec7ab7445?w=400','2025-11-27 09:59:17','2025-11-28 10:16:21',12,2,1,'RESTAURANT'),(253,'tea_master',35.09084703,129.05443255,'광안리 핫플','광안대교 야경','치맥하기 좋은 곳!','https://images.unsplash.com/photo-1469474968028-56623f02e42e?w=400','2025-11-27 09:59:17','2025-11-28 10:16:21',6,4,1,'TRAVEL'),(254,'fitness_guru',35.16443045,128.93063380,'와이파이 빵빵 ?','공공 와이파이','급할 때 여기서 작업','https://images.unsplash.com/photo-1449824913935-59a10b8d2000?w=400','2025-11-27 09:59:17','2025-11-28 10:16:21',7,8,1,'GENERAL'),(255,'bbq_king',35.09621565,129.09642686,'동네 마트 추천','저렴한 가격','신선한 채소!','https://images.unsplash.com/photo-1513542789411-b6a5d4f31634?w=400','2025-11-27 09:59:17','2025-11-28 10:16:21',5,7,1,'DAILY'),(256,'gamer_pro',35.20190335,129.13237184,'치킨 맛집 ?','바삭바삭 황금비율','맥주랑 찰떡궁합!','https://images.unsplash.com/photo-1565299624946-b28f40a0ae38?w=400','2025-11-27 09:59:17','2025-11-28 10:16:21',9,9,1,'RESTAURANT'),(257,'photo_artist',35.10148034,129.08409815,'그래피티 벽화','스트릿 감성','힙한 배경 추천','https://images.unsplash.com/photo-1472214103451-9374bd1c798e?w=400','2025-11-27 09:59:17','2025-11-28 10:16:21',15,2,1,'PHOTO'),(258,'cafe_lover',35.11588748,129.05245646,'돼지국밥 맛집 ?','진짜 부산 로컬 맛집','국물이 진하고 고기도 푸짐해요!','https://images.unsplash.com/photo-1546069901-ba9599a7e63c?w=400','2025-11-27 09:59:17','2025-11-28 10:16:21',14,8,1,'RESTAURANT'),(259,'vintage_hunter',35.23606341,129.02722772,'송도 케이블카 ?','바다 위를 날아가는 기분','스카이워크 스릴있음','https://images.unsplash.com/photo-1530789253388-582c481c54b0?w=400','2025-11-27 09:59:17','2025-11-28 10:16:21',1,12,1,'TRAVEL'),(260,'burger_hunter',35.15948998,128.92344162,'대기 장소 추천','약속 기다리기 좋음','벤치 그늘 있음','https://images.unsplash.com/photo-1449824913935-59a10b8d2000?w=400','2025-11-27 09:59:17','2025-11-28 10:16:21',4,3,1,'GENERAL'),(261,'vintage_hunter',35.11469478,129.04185455,'이기대 산책로','오륙도 해안절경','트레킹하기 좋아요','https://images.unsplash.com/photo-1493976040374-85c8e12f0c0e?w=400','2025-11-27 09:59:17','2025-11-28 10:16:21',10,7,1,'TRAVEL'),(262,'bbq_king',35.09319944,128.99495016,'무료 주차 가능','숨은 주차 장소','주변 맛집도 많아요','https://images.unsplash.com/photo-1519501025264-65ba15a82390?w=400','2025-11-27 09:59:17','2025-11-28 10:16:21',2,11,1,'GENERAL'),(263,'morning_person',35.18388669,129.10560814,'삼겹살 성지 ?','두꺼운 삼겹살','쌈채소 무한리필 가성비 최고','https://images.unsplash.com/photo-1567620905732-2d1ec7ab7445?w=400','2025-11-27 09:59:17','2025-11-28 10:16:21',5,0,1,'RESTAURANT'),(264,'idol_fan',35.17245528,129.06604795,'반영 사진 포인트','물에 비친 풍경','비온 뒤 최고','https://images.unsplash.com/photo-1470071459604-3b5ec3a7fe05?w=400','2025-11-27 09:59:17','2025-11-28 10:16:21',7,9,1,'PHOTO'),(265,'street_food',35.13070002,129.04347457,'야경 촬영 스팟','삼각대 설치 좋음','차량 진입 가능!','https://images.unsplash.com/photo-1501785888041-af3ef285b470?w=400','2025-11-27 09:59:17','2025-11-28 10:16:21',15,8,1,'PHOTO'),(266,'surfing_dude',35.08334040,129.08424833,'일출 포인트 ?','해운대 일출','새벽 5시 기상 가치있음','https://images.unsplash.com/photo-1433838552652-f9a46b332c40?w=400','2025-11-27 09:59:17','2025-11-28 10:16:21',5,1,1,'PHOTO'),(267,'burger_hunter',35.22333183,129.01999843,'해물찜 맛집','푸짐한 해물찜','볶음밥까지 4인 완벽','https://images.unsplash.com/photo-1567620905732-2d1ec7ab7445?w=400','2025-11-27 09:59:17','2025-11-28 10:16:21',13,0,1,'RESTAURANT'),(268,'beer_master',35.20040727,129.16986465,'구곡산 맥주','경치 좋고','꿀맛이고','/uploads/markers/beer_master_1764295781467.jpg','2025-11-28 11:10:04','2025-11-28 11:11:11',1,1,1,'DAILY');
/*!40000 ALTER TABLE `lm_markers` ENABLE KEYS */;
UNLOCK TABLES;

--
-- Table structure for table `lm_notifications`
--

DROP TABLE IF EXISTS `lm_notifications`;
/*!40101 SET @saved_cs_client     = @@character_set_client */;
/*!50503 SET character_set_client = utf8mb4 */;
CREATE TABLE `lm_notifications` (
  `NOTIFICATION_ID` int NOT NULL AUTO_INCREMENT COMMENT '알림 고유 ID',
  `USER_ID` varchar(50) NOT NULL COMMENT '알림을 받는 사용자 ID',
  `TYPE` enum('LIKE','COMMENT','FOLLOW','CHAT') NOT NULL,
  `ACTOR_ID` varchar(50) NOT NULL COMMENT '알림을 발생시킨 사용자 ID',
  `MARKER_ID` int DEFAULT NULL COMMENT '관련 마커 ID (좋아요/댓글인 경우)',
  `IS_READ` tinyint(1) DEFAULT '0' COMMENT '읽음 여부',
  `CREATED_AT` datetime DEFAULT CURRENT_TIMESTAMP COMMENT '알림 생성 시각',
  PRIMARY KEY (`NOTIFICATION_ID`),
  KEY `idx_user_read` (`USER_ID`,`IS_READ`),
  KEY `idx_created` (`CREATED_AT`)
) ENGINE=InnoDB AUTO_INCREMENT=26 DEFAULT CHARSET=utf8mb4 COLLATE=utf8mb4_0900_ai_ci;
/*!40101 SET character_set_client = @saved_cs_client */;

--
-- Dumping data for table `lm_notifications`
--

LOCK TABLES `lm_notifications` WRITE;
/*!40000 ALTER TABLE `lm_notifications` DISABLE KEYS */;
INSERT INTO `lm_notifications` VALUES (1,'art_collector','LIKE','beer_master',9,0,'2025-11-26 15:38:37'),(2,'ocean_lover','LIKE','beer_master',10,0,'2025-11-26 15:38:38'),(3,'bookworm','LIKE','beer_master',28,0,'2025-11-26 15:39:40'),(4,'night_owl','LIKE','test',47,0,'2025-11-26 18:23:09'),(5,'gamer_pro','FOLLOW','beer_master',NULL,0,'2025-11-27 09:43:56'),(6,'gamer_pro','FOLLOW','beer_master',NULL,0,'2025-11-27 09:44:05'),(7,'art_collector','FOLLOW','beer_master',NULL,0,'2025-11-27 09:44:18'),(8,'art_collector','FOLLOW','beer_master',NULL,0,'2025-11-27 09:49:32'),(9,'night_owl','FOLLOW','beer_master',NULL,0,'2025-11-27 09:49:52'),(10,'morning_person','FOLLOW','beer_master',NULL,0,'2025-11-27 09:50:03'),(11,'foodie_busan','FOLLOW','beer_master',NULL,0,'2025-11-27 09:50:26'),(12,'dessert_queen','FOLLOW','beer_master',NULL,0,'2025-11-27 09:53:26'),(13,'daily_life','LIKE','beer_master',55,1,'2025-11-27 09:56:11'),(15,'soju_lover','COMMENT','beer_master',176,0,'2025-11-28 09:54:38'),(16,'soju_lover','FOLLOW','beer_master',NULL,0,'2025-11-28 09:55:41'),(17,'beer_master','LIKE','daily_life',268,0,'2025-11-28 11:11:01'),(18,'beer_master','COMMENT','daily_life',268,0,'2025-11-28 11:11:11'),(19,'beer_master','FOLLOW','daily_life',NULL,0,'2025-12-01 15:01:35'),(20,'beer_master','FOLLOW','daily_life',NULL,0,'2025-12-01 15:01:41'),(21,'bike_rider','CHAT','beer_master',NULL,1,'2025-12-01 16:13:55'),(22,'cafe_lover','FOLLOW','beer_master',NULL,0,'2025-12-01 16:33:26'),(23,'cafe_lover','FOLLOW','beer_master',NULL,0,'2025-12-01 16:35:32'),(24,'cafe_lover','FOLLOW','beer_master',NULL,0,'2025-12-01 16:35:45'),(25,'yoga_master','FOLLOW','beer_master',NULL,0,'2025-12-01 16:37:35');
/*!40000 ALTER TABLE `lm_notifications` ENABLE KEYS */;
UNLOCK TABLES;

--
-- Table structure for table `lm_users`
--

DROP TABLE IF EXISTS `lm_users`;
/*!40101 SET @saved_cs_client     = @@character_set_client */;
/*!50503 SET character_set_client = utf8mb4 */;
CREATE TABLE `lm_users` (
  `USER_ID` varchar(50) NOT NULL COMMENT '사용자 고유 아이디 (로그인 ID)',
  `PASSWORD` varchar(255) NOT NULL COMMENT '비밀번호 (암호화된 값 저장)',
  `USERNAME` varchar(100) NOT NULL COMMENT '사용자 표시 이름 (닉네임)',
  `EMAIL` varchar(255) DEFAULT NULL,
  `PROFILE_IMAGE_URL` varchar(2048) DEFAULT 'default_profile.png' COMMENT '프로필 사진 이미지 URL',
  `STATUS_MESSAGE` varchar(200) DEFAULT '' COMMENT '상태 메시지 (한마디)',
  `CREATED_AT` datetime DEFAULT CURRENT_TIMESTAMP COMMENT '계정 생성 시각',
  `UPDATED_AT` datetime DEFAULT CURRENT_TIMESTAMP ON UPDATE CURRENT_TIMESTAMP COMMENT '마지막 정보 수정 시각',
  `BIRTH_DATE` date DEFAULT NULL,
  `GENDER` char(1) DEFAULT NULL,
  `BIO` text,
  `RESET_TOKEN` varchar(255) DEFAULT NULL,
  `RESET_TOKEN_EXPIRES` datetime DEFAULT NULL,
  PRIMARY KEY (`USER_ID`),
  UNIQUE KEY `idx_email` (`EMAIL`)
) ENGINE=InnoDB DEFAULT CHARSET=utf8mb4 COLLATE=utf8mb4_0900_ai_ci;
/*!40101 SET character_set_client = @saved_cs_client */;

--
-- Dumping data for table `lm_users`
--

LOCK TABLES `lm_users` WRITE;
/*!40000 ALTER TABLE `lm_users` DISABLE KEYS */;
INSERT INTO `lm_users` VALUES ('art_collector','$2b$10$4S73DsSghuuBhhEgcgMSHeX9Ru3mgLyEo9FGgG2QXLQKAtgXp1YaO','아트컬렉터','art@test.com','/uploads/profiles/avatar2.png','','2025-11-26 15:33:53','2025-11-26 15:33:53',NULL,'F','갤러리 투어 좋아요 ?',NULL,NULL),('bbq_king','$2b$10$kAHC0lmG3i.bzcbXp9C6I.Eaos/df0yaQEiHc/07gFCIY8.H9L.3q','바베큐왕','bbq@test.com',NULL,'','2025-11-27 09:59:16','2025-11-27 09:59:16',NULL,'M','고기는 구워야 제맛 ?',NULL,NULL),('beer_master','$2b$10$4S73DsSghuuBhhEgcgMSHeX9Ru3mgLyEo9FGgG2QXLQKAtgXp1YaO','맥주달인','beer@test.com','/uploads/profiles/avatar2.png','','2025-11-26 15:33:53','2025-11-26 15:33:53',NULL,'M','수제맥주 리뷰어 ?',NULL,NULL),('bike_rider','$2b$10$kAHC0lmG3i.bzcbXp9C6I.Eaos/df0yaQEiHc/07gFCIY8.H9L.3q','자전거라이더','bike@test.com','/uploads/profiles/avatar2.png','','2025-11-27 09:59:16','2025-11-27 09:59:16',NULL,'M','부산 해안도로 달리기 ?',NULL,NULL),('bookworm','$2b$10$4S73DsSghuuBhhEgcgMSHeX9Ru3mgLyEo9FGgG2QXLQKAtgXp1YaO','책벌레','book@test.com',NULL,'','2025-11-26 15:33:53','2025-11-26 15:33:53',NULL,'F','북카페 탐방이 취미 ?',NULL,NULL),('bread_lover','$2b$10$kAHC0lmG3i.bzcbXp9C6I.Eaos/df0yaQEiHc/07gFCIY8.H9L.3q','빵순이','bread@test.com',NULL,'','2025-11-27 09:59:16','2025-11-27 09:59:16',NULL,'F','갓 구운 빵 냄새 최고 ?',NULL,NULL),('burger_hunter','$2b$10$kAHC0lmG3i.bzcbXp9C6I.Eaos/df0yaQEiHc/07gFCIY8.H9L.3q','버거헌터','burger@test.com','/uploads/profiles/avatar2.png','','2025-11-27 09:59:16','2025-11-27 09:59:16',NULL,'M','수제버거 탐방가 ?',NULL,NULL),('cafe_lover','$2b$10$4S73DsSghuuBhhEgcgMSHeX9Ru3mgLyEo9FGgG2QXLQKAtgXp1YaO','카페투어러','cafe@test.com','/uploads/profiles/avatar2.png','','2025-11-26 15:33:52','2025-11-26 15:33:52',NULL,'F','커피 없이는 못 살아요 ☕',NULL,NULL),('camping_fan','$2b$10$kAHC0lmG3i.bzcbXp9C6I.Eaos/df0yaQEiHc/07gFCIY8.H9L.3q','캠핑매니아','camping@test.com','/uploads/profiles/avatar1.png','','2025-11-27 09:59:16','2025-11-27 09:59:16',NULL,'M','불멍이 최고 ⛺',NULL,NULL),('chicken_fan','$2b$10$kAHC0lmG3i.bzcbXp9C6I.Eaos/df0yaQEiHc/07gFCIY8.H9L.3q','치킨마니아','chicken@test.com','/uploads/profiles/avatar2.png','','2025-11-27 09:59:16','2025-11-27 09:59:16',NULL,'M','치킨은 사랑입니다 ?',NULL,NULL),('cocktail_bar','$2b$10$kAHC0lmG3i.bzcbXp9C6I.Eaos/df0yaQEiHc/07gFCIY8.H9L.3q','칵테일바텐더','cocktail@test.com',NULL,'','2025-11-27 09:59:16','2025-11-27 09:59:16',NULL,'M','분위기 좋은 바 탐방 ?',NULL,NULL),('daily_life','$2b$10$4S73DsSghuuBhhEgcgMSHeX9Ru3mgLyEo9FGgG2QXLQKAtgXp1YaO','일상기록자','daily@test.com','/uploads/profiles/avatar3.png','','2025-11-26 15:33:52','2025-11-26 15:33:52',NULL,'F','소소한 일상을 기록해요 ?',NULL,NULL),('dessert_queen','$2b$10$4S73DsSghuuBhhEgcgMSHeX9Ru3mgLyEo9FGgG2QXLQKAtgXp1YaO','디저트퀸','dessert@test.com','/uploads/profiles/avatar1.png','','2025-11-26 15:33:52','2025-11-26 15:33:52',NULL,'F','달달한거 최고! ?',NULL,NULL),('diy_maker','$2b$10$kAHC0lmG3i.bzcbXp9C6I.Eaos/df0yaQEiHc/07gFCIY8.H9L.3q','공예작가','diy@test.com','/uploads/profiles/avatar1.png','','2025-11-27 09:59:16','2025-11-27 09:59:16',NULL,'F','손으로 만드는 행복 ✂️',NULL,NULL),('drama_fan','$2b$10$kAHC0lmG3i.bzcbXp9C6I.Eaos/df0yaQEiHc/07gFCIY8.H9L.3q','드라마덕후','drama@test.com','/uploads/profiles/avatar2.png','','2025-11-27 09:59:16','2025-11-27 09:59:16',NULL,'F','촬영지 탐방 마니아 ?',NULL,NULL),('fishing_pro','$2b$10$kAHC0lmG3i.bzcbXp9C6I.Eaos/df0yaQEiHc/07gFCIY8.H9L.3q','낚시왕','fishing@test.com','/uploads/profiles/avatar3.png','','2025-11-27 09:59:16','2025-11-27 09:59:16',NULL,'M','바다낚시 전문가 ?',NULL,NULL),('fitness_guru','$2b$10$4S73DsSghuuBhhEgcgMSHeX9Ru3mgLyEo9FGgG2QXLQKAtgXp1YaO','헬스왕','fitness@test.com','/uploads/profiles/avatar1.png','','2025-11-26 15:33:53','2025-11-26 15:33:53',NULL,'M','오운완! ?',NULL,NULL),('foodie_busan','$2b$10$4S73DsSghuuBhhEgcgMSHeX9Ru3mgLyEo9FGgG2QXLQKAtgXp1YaO','부산맛집헌터','foodie@test.com',NULL,'','2025-11-26 15:33:52','2025-11-26 15:33:52',NULL,'F','부산 맛집은 제가 다 알아요~ ?',NULL,NULL),('game_streamer','$2b$10$kAHC0lmG3i.bzcbXp9C6I.Eaos/df0yaQEiHc/07gFCIY8.H9L.3q','게임스트리머','stream@test.com','/uploads/profiles/avatar2.png','','2025-11-27 09:59:16','2025-11-27 09:59:16',NULL,'M','PC방 탐방 전문가 ?',NULL,NULL),('gamer_pro','$2b$10$4S73DsSghuuBhhEgcgMSHeX9Ru3mgLyEo9FGgG2QXLQKAtgXp1YaO','게임왕','gamer@test.com','/uploads/profiles/avatar3.png','','2025-11-26 15:33:52','2025-11-26 15:33:52',NULL,'M','게임하면서 맛집 탐방해요! ??',NULL,NULL),('ice_cream','$2b$10$kAHC0lmG3i.bzcbXp9C6I.Eaos/df0yaQEiHc/07gFCIY8.H9L.3q','아이스크림덕후','icecream@test.com','/uploads/profiles/avatar3.png','','2025-11-27 09:59:16','2025-11-27 09:59:16',NULL,'F','달달한 행복 ?',NULL,NULL),('idol_fan','$2b$10$kAHC0lmG3i.bzcbXp9C6I.Eaos/df0yaQEiHc/07gFCIY8.H9L.3q','아이돌팬','idol@test.com',NULL,'','2025-11-27 09:59:16','2025-11-27 09:59:16',NULL,'F','덕질은 삶의 원동력 ⭐',NULL,NULL),('kimbap_queen','$2b$10$kAHC0lmG3i.bzcbXp9C6I.Eaos/df0yaQEiHc/07gFCIY8.H9L.3q','김밥천국','kimbap@test.com','/uploads/profiles/avatar1.png','','2025-11-27 09:59:16','2025-11-27 09:59:16',NULL,'F','분식은 내 영역 ?',NULL,NULL),('marker','$2b$10$q3toDagqJbMN2RmeV0GOp.u5N0bgKfs68VnsCXYAWLlXzqnF9TUpq','마커','jhsimple4@naver.com','default_profile.png','','2025-11-26 14:53:51','2025-11-26 15:06:11','1992-01-29','M','저와 함께 세계일주 하실 분!',NULL,NULL),('morning_person','$2b$10$4S73DsSghuuBhhEgcgMSHeX9Ru3mgLyEo9FGgG2QXLQKAtgXp1YaO','아침형인간','morning@test.com','/uploads/profiles/avatar3.png','','2025-11-26 15:33:52','2025-11-26 15:33:52',NULL,'F','아침 러닝 후 브런치 ☀️',NULL,NULL),('mountain_hiker','$2b$10$4S73DsSghuuBhhEgcgMSHeX9Ru3mgLyEo9FGgG2QXLQKAtgXp1YaO','등산러버','mountain@test.com','/uploads/profiles/avatar3.png','','2025-11-26 15:33:53','2025-11-26 15:33:53',NULL,'F','부산 산 정복중! ⛰️',NULL,NULL),('movie_buff','$2b$10$kAHC0lmG3i.bzcbXp9C6I.Eaos/df0yaQEiHc/07gFCIY8.H9L.3q','영화광','movie@test.com','/uploads/profiles/avatar3.png','','2025-11-27 09:59:16','2025-11-27 09:59:16',NULL,'M','영화관 순례 중 ?',NULL,NULL),('music_fan','$2b$10$4S73DsSghuuBhhEgcgMSHeX9Ru3mgLyEo9FGgG2QXLQKAtgXp1YaO','음악덕후','music@test.com','/uploads/profiles/avatar3.png','','2025-11-26 15:33:53','2025-11-26 15:33:53',NULL,'O','라이브 공연 마니아 ?',NULL,NULL),('night_owl','$2b$10$4S73DsSghuuBhhEgcgMSHeX9Ru3mgLyEo9FGgG2QXLQKAtgXp1YaO','야행성인간','night@test.com',NULL,'','2025-11-26 15:33:52','2025-11-26 15:33:52',NULL,'M','밤이 되면 활동 시작! ?',NULL,NULL),('ocean_lover','$2b$10$4S73DsSghuuBhhEgcgMSHeX9Ru3mgLyEo9FGgG2QXLQKAtgXp1YaO','바다사랑','ocean@test.com',NULL,'','2025-11-26 15:33:52','2025-11-26 15:33:52',NULL,'M','해운대가 우리집 앞마당 ?',NULL,NULL),('pet_lover','$2b$10$4S73DsSghuuBhhEgcgMSHeX9Ru3mgLyEo9FGgG2QXLQKAtgXp1YaO','반려동물천국','pet@test.com','/uploads/profiles/avatar1.png','','2025-11-26 15:33:53','2025-11-26 15:33:53',NULL,'F','강아지 산책 스팟 공유해요 ?',NULL,NULL),('photo_artist','$2b$10$4S73DsSghuuBhhEgcgMSHeX9Ru3mgLyEo9FGgG2QXLQKAtgXp1YaO','사진작가','photo@test.com','/uploads/profiles/avatar1.png','','2025-11-26 15:33:52','2025-11-26 15:33:52',NULL,'O','순간을 담습니다 ?',NULL,NULL),('pizza_lover','$2b$10$kAHC0lmG3i.bzcbXp9C6I.Eaos/df0yaQEiHc/07gFCIY8.H9L.3q','피자덕후','pizza@test.com','/uploads/profiles/avatar3.png','','2025-11-27 09:59:16','2025-11-27 09:59:16',NULL,'F','치즈가 쭉쭉 늘어나야 해 ?',NULL,NULL),('plant_mom','$2b$10$kAHC0lmG3i.bzcbXp9C6I.Eaos/df0yaQEiHc/07gFCIY8.H9L.3q','식물맘','plant@test.com','/uploads/profiles/avatar2.png','','2025-11-27 09:59:16','2025-11-27 09:59:16',NULL,'F','플랜테리어 좋아요 ?',NULL,NULL),('ramen_addict','$2b$10$4S73DsSghuuBhhEgcgMSHeX9Ru3mgLyEo9FGgG2QXLQKAtgXp1YaO','라면중독자','ramen@test.com','/uploads/profiles/avatar1.png','','2025-11-26 15:33:53','2025-11-26 15:33:53',NULL,'M','매운 라면 도전중 ?',NULL,NULL),('runner_girl','$2b$10$kAHC0lmG3i.bzcbXp9C6I.Eaos/df0yaQEiHc/07gFCIY8.H9L.3q','러닝걸','runner@test.com','/uploads/profiles/avatar1.png','','2025-11-27 09:59:16','2025-11-27 09:59:16',NULL,'F','새벽 러닝 중독자 ?',NULL,NULL),('soju_lover','$2b$10$kAHC0lmG3i.bzcbXp9C6I.Eaos/df0yaQEiHc/07gFCIY8.H9L.3q','소주매니아','soju@test.com',NULL,'','2025-11-27 09:59:16','2025-11-27 09:59:16',NULL,'M','오늘도 한잔! ?',NULL,NULL),('street_food','$2b$10$4S73DsSghuuBhhEgcgMSHeX9Ru3mgLyEo9FGgG2QXLQKAtgXp1YaO','길거리음식덕후','street@test.com','/uploads/profiles/avatar3.png','','2025-11-26 15:33:52','2025-11-26 15:33:52',NULL,'M','포장마차 순례자 ?',NULL,NULL),('surfing_dude','$2b$10$kAHC0lmG3i.bzcbXp9C6I.Eaos/df0yaQEiHc/07gFCIY8.H9L.3q','서핑보이','surf@test.com','/uploads/profiles/avatar3.png','','2025-11-27 09:59:16','2025-11-27 09:59:16',NULL,'M','송정 서핑 매니아 ?',NULL,NULL),('sushi_master','$2b$10$kAHC0lmG3i.bzcbXp9C6I.Eaos/df0yaQEiHc/07gFCIY8.H9L.3q','스시장인','sushi@test.com','/uploads/profiles/avatar3.png','','2025-11-27 09:59:16','2025-11-27 09:59:16',NULL,'M','오마카세 탐방 중 ?',NULL,NULL),('tea_master','$2b$10$kAHC0lmG3i.bzcbXp9C6I.Eaos/df0yaQEiHc/07gFCIY8.H9L.3q','차마스터','tea@test.com','/uploads/profiles/avatar1.png','','2025-11-27 09:59:16','2025-11-27 09:59:16',NULL,'O','차 한잔의 여유 ?',NULL,NULL),('test','$2b$10$fBFqFocBzmk7iPQFty1NU.Mfi3K8MbErYmLKhO9rwkoTnx7aDvGkW','테스트',NULL,'/uploads/markers/test_1764125497589.png','','2025-11-25 11:45:37','2025-11-26 11:51:37',NULL,NULL,NULL,NULL,NULL),('test1','$2b$10$oAerfTD3fLwzeB7KR9f9ku7MD7w2PoPi3cSyPHkjbpJwbhXpiDhPO','테스트1',NULL,'default_profile.png','','2025-11-25 11:50:53','2025-11-25 11:50:53',NULL,NULL,NULL,NULL,NULL),('test2','$2b$10$2694Do1UIKUaa.JaZFadHOgbbCdfF3K1lG91wwFpw2udWokWNMnEe','테스트2',NULL,'default_profile.png','','2025-11-25 11:52:45','2025-11-25 11:52:45',NULL,NULL,NULL,NULL,NULL),('travel_master','$2b$10$4S73DsSghuuBhhEgcgMSHeX9Ru3mgLyEo9FGgG2QXLQKAtgXp1YaO','여행의달인','travel@test.com',NULL,'','2025-11-26 15:33:52','2025-11-26 15:33:52',NULL,'M','세계여행이 꿈! ✈️',NULL,NULL),('tteokbokki','$2b$10$kAHC0lmG3i.bzcbXp9C6I.Eaos/df0yaQEiHc/07gFCIY8.H9L.3q','떡볶이홀릭','tteok@test.com','/uploads/profiles/avatar3.png','','2025-11-27 09:59:16','2025-11-27 09:59:16',NULL,'F','매운맛 마스터 ?️',NULL,NULL),('vintage_hunter','$2b$10$4S73DsSghuuBhhEgcgMSHeX9Ru3mgLyEo9FGgG2QXLQKAtgXp1YaO','빈티지헌터','vintage@test.com',NULL,'','2025-11-26 15:33:53','2025-11-26 15:33:53',NULL,'O','빈티지샵 탐방 전문가 ?',NULL,NULL),('wine_lover','$2b$10$kAHC0lmG3i.bzcbXp9C6I.Eaos/df0yaQEiHc/07gFCIY8.H9L.3q','와인애호가','wine@test.com',NULL,'','2025-11-27 09:59:16','2025-11-27 09:59:16',NULL,'F','오늘의 와인 추천 ?',NULL,NULL),('yoga_master','$2b$10$kAHC0lmG3i.bzcbXp9C6I.Eaos/df0yaQEiHc/07gFCIY8.H9L.3q','요가마스터','yoga@test.com',NULL,'','2025-11-27 09:59:16','2025-11-27 09:59:16',NULL,'F','마음의 평화를 찾아서 ?',NULL,NULL);
/*!40000 ALTER TABLE `lm_users` ENABLE KEYS */;
UNLOCK TABLES;
/*!40103 SET TIME_ZONE=@OLD_TIME_ZONE */;

/*!40101 SET SQL_MODE=@OLD_SQL_MODE */;
/*!40014 SET FOREIGN_KEY_CHECKS=@OLD_FOREIGN_KEY_CHECKS */;
/*!40014 SET UNIQUE_CHECKS=@OLD_UNIQUE_CHECKS */;
/*!40101 SET CHARACTER_SET_CLIENT=@OLD_CHARACTER_SET_CLIENT */;
/*!40101 SET CHARACTER_SET_RESULTS=@OLD_CHARACTER_SET_RESULTS */;
/*!40101 SET COLLATION_CONNECTION=@OLD_COLLATION_CONNECTION */;
/*!40111 SET SQL_NOTES=@OLD_SQL_NOTES */;

-- Dump completed on 2025-12-02  9:42:29
